# Blender 5.2.0 LTS
# www.blender.org
mtllib roverbase.mtl
g RoverModificado_RoverModificado
v -1.543562 1.907986 -0.659885
v -1.543562 1.835331 -0.883491
v -1.543562 1.600217 -0.883491
v -1.543562 1.527563 -0.659885
v -1.543562 1.902435 -0.781687
v -1.543562 1.717774 -0.915852
v -1.543562 1.831901 -0.564606
v -1.543562 1.533114 -0.781687
v -1.543562 1.717774 -0.521688
v -1.543562 1.603649 -0.564606
v -1.543547 1.989777 -0.633308
v -1.343680 1.989777 -0.633308
v -1.543547 1.885881 -0.953067
v -1.343680 1.885881 -0.953067
v -1.343680 1.717774 -0.435688
v -1.543547 1.717774 -0.435688
v -1.543547 1.880976 -0.497060
v -1.543547 1.549668 -0.953067
v -1.543547 1.453710 -0.807487
v -1.543547 1.445773 -0.633309
v -1.543547 1.554574 -0.497061
v -1.543547 1.717774 -0.999343
v -1.543547 1.981840 -0.807487
v -1.343680 1.549668 -0.953067
v -1.343680 1.445773 -0.633309
v -1.343680 1.981840 -0.807487
v -1.343680 1.717774 -0.999343
v -1.343680 1.880976 -0.497060
v -1.343680 1.453710 -0.807487
v -1.343680 1.554574 -0.497061
v -1.578695 1.794312 -0.550470
v -1.603812 1.831901 -0.564606
v -1.563471 1.717774 -0.521688
v -1.563471 1.717775 -0.521688
v -1.578695 1.641240 -0.894782
v -1.606104 1.600217 -0.883491
v -1.563471 1.717774 -0.915852
v -1.563471 1.717775 -0.915852
v -1.578695 1.794312 -0.894782
v -1.606104 1.835331 -0.883491
v -1.686763 1.533114 -0.781687
v -1.622050 1.576354 -0.847288
v -1.714257 1.907986 -0.659885
v -1.686934 1.902551 -0.653078
v -1.622050 1.859197 -0.598787
v -1.686934 1.902551 -0.779151
v -1.686761 1.902435 -0.781687
v -1.622050 1.576354 -0.598786
v -1.603812 1.603649 -0.564606
v -1.686934 1.533000 -0.653077
v -1.714263 1.527563 -0.659885
v -1.622050 1.859197 -0.847286
v -1.686934 1.533000 -0.779177
v -1.578695 1.641240 -0.550470
v -1.563471 1.717775 -0.464048
v -1.563471 1.717775 -0.984048
v -1.578695 1.794312 -0.464047
v -1.578695 1.794312 -0.984048
v -1.622050 1.859197 -0.464047
v -1.622050 1.859197 -0.984048
v -1.686934 1.902551 -0.464047
v -1.686934 1.902551 -0.984048
v -1.763471 1.917776 -0.464047
v -1.763471 1.917776 -0.984048
v -1.840008 1.902551 -0.464047
v -1.840008 1.902551 -0.984048
v -1.904892 1.859197 -0.464047
v -1.904892 1.859197 -0.984048
v -1.948247 1.794312 -0.464047
v -1.948247 1.794312 -0.984048
v -1.963471 1.717775 -0.464048
v -1.963471 1.717775 -0.984048
v -1.948247 1.641240 -0.464048
v -1.948247 1.641240 -0.984048
v -1.904892 1.576354 -0.464048
v -1.904892 1.576354 -0.984048
v -1.840008 1.532999 -0.464048
v -1.840008 1.532999 -0.984048
v -1.763471 1.517775 -0.464048
v -1.763471 1.517775 -0.984048
v -1.686934 1.533000 -0.464048
v -1.686934 1.533000 -0.984048
v -1.622050 1.576354 -0.464048
v -1.622050 1.576354 -0.984048
v -1.578695 1.641240 -0.464048
v -1.578695 1.641240 -0.984048
v 0.590539 2.640945 -0.721687
v 0.550775 2.640945 -0.652813
v 0.471245 2.505946 -0.652813
v 0.471245 2.640945 -0.652813
v 0.431480 2.640945 -0.721687
v 0.471245 2.505946 -0.790562
v 0.471245 2.640945 -0.790562
v 0.550775 2.505946 -0.790562
v 0.550775 2.640945 -0.790562
v 0.431480 2.505946 -0.721687
v 0.590539 2.505946 -0.721687
v 0.550775 2.505946 -0.652813
v 0.596567 2.347374 -0.797972
v 0.534296 2.347374 -0.833924
v 0.487724 2.347374 -0.833924
v 0.425453 2.347374 -0.797972
v 0.402167 2.347374 -0.757639
v 0.402167 2.347374 -0.685735
v 0.425453 2.347374 -0.645403
v 0.487724 2.347374 -0.609450
v 0.619853 2.347374 -0.685735
v 0.619853 2.347374 -0.757639
v 0.534296 2.347374 -0.609450
v 0.596567 2.347374 -0.645403
v 0.534296 1.888174 -0.833925
v 0.596567 1.888174 -0.797973
v 0.425453 1.888174 -0.797973
v 0.487724 1.888174 -0.833925
v 0.402167 1.888174 -0.685736
v 0.402167 1.888174 -0.757640
v 0.487724 1.888174 -0.609451
v 0.425453 1.888174 -0.645404
v 0.596567 1.888174 -0.645404
v 0.534296 1.888174 -0.609451
v 0.619853 1.888174 -0.757640
v 0.619853 1.888174 -0.685736
v 0.599161 1.646234 -1.431036
v 0.529109 1.605790 -1.431036
v 0.492911 1.605790 -1.431036
v 0.422859 1.646234 -1.431036
v 0.404761 1.677582 -1.431036
v 0.404761 1.758471 -1.431036
v 0.422859 1.789818 -1.431036
v 0.492911 1.830264 -1.431036
v 0.617259 1.758471 -1.431036
v 0.617259 1.677582 -1.431036
v 0.529109 1.830264 -1.431036
v 0.599161 1.789818 -1.431036
v 0.529109 1.605790 -0.871836
v 0.599161 1.646234 -0.871836
v 0.422859 1.646234 -0.871836
v 0.492911 1.605790 -0.871836
v 0.404761 1.758471 -0.871836
v 0.404761 1.677582 -0.871836
v 0.492911 1.830264 -0.871836
v 0.422859 1.789818 -0.871836
v 0.599161 1.789818 -0.871836
v 0.529109 1.830264 -0.871836
v 0.617259 1.677582 -0.871836
v 0.617259 1.758471 -0.871836
v 0.536190 2.347374 -0.798215
v 0.564695 2.347374 -0.781757
v 0.457325 2.347374 -0.781757
v 0.485830 2.347374 -0.798215
v 0.432146 2.347374 -0.705230
v 0.432146 2.347374 -0.738145
v 0.485830 2.347374 -0.645160
v 0.457325 2.347374 -0.661618
v 0.564695 2.347374 -0.661618
v 0.536190 2.347374 -0.645160
v 0.589874 2.347374 -0.738145
v 0.589874 2.347374 -0.705230
v 0.457325 2.497374 -0.661618
v 0.485830 2.497374 -0.645160
v 0.471227 2.505910 -0.652782
v 0.485830 2.497374 -0.798215
v 0.457325 2.497374 -0.781757
v 0.471228 2.505910 -0.790593
v 0.564695 2.497374 -0.781757
v 0.536190 2.497374 -0.798215
v 0.550793 2.505910 -0.790593
v 0.589874 2.497374 -0.705230
v 0.589874 2.497374 -0.738145
v 0.590575 2.505910 -0.721687
v 0.432146 2.497374 -0.738145
v 0.432146 2.497374 -0.705230
v 0.431444 2.505910 -0.721687
v 0.536190 2.497374 -0.645160
v 0.564695 2.497374 -0.661618
v 0.550793 2.505910 -0.652782
v 0.583713 1.745156 -1.831035
v 0.583713 1.690897 -1.831035
v 0.523867 1.794553 -1.831035
v 0.570856 1.767424 -1.831035
v 0.523867 1.641499 -1.431036
v 0.570856 1.668629 -1.431036
v 0.451164 1.668629 -1.431036
v 0.498154 1.641499 -1.431036
v 0.438307 1.745156 -1.431036
v 0.438307 1.690897 -1.431036
v 0.498153 1.794553 -1.431036
v 0.451163 1.767424 -1.431036
v 0.570856 1.767424 -1.431036
v 0.523867 1.794553 -1.431036
v 0.583713 1.690897 -1.431036
v 0.583713 1.745156 -1.431036
v 0.451163 1.767424 -1.831035
v 0.498153 1.794553 -1.831035
v 0.438307 1.690897 -1.831035
v 0.438307 1.745156 -1.831035
v 0.498154 1.641499 -1.831035
v 0.451164 1.668629 -1.831035
v 0.570856 1.668629 -1.831035
v 0.523867 1.641499 -1.831035
v 1.205419 1.582096 -0.855998
v 1.205419 1.631966 -0.892231
v 1.205419 1.803584 -0.892231
v 1.205419 1.853454 -0.855998
v 1.205419 1.906487 -0.692779
v 1.205419 1.887438 -0.634153
v 1.205419 1.748597 -0.533279
v 1.205419 1.686953 -0.533279
v 1.205419 1.548111 -0.634153
v 1.205419 1.529062 -0.692779
v 1.205419 1.884313 -0.809182
v 1.205419 1.903935 -0.748793
v 1.205419 1.686026 -0.907112
v 1.205419 1.749524 -0.907112
v 1.205419 1.852449 -0.590338
v 1.205419 1.801079 -0.553015
v 1.205419 1.634470 -0.553015
v 1.205419 1.583100 -0.590338
v 1.205419 1.531615 -0.748793
v 1.205419 1.551237 -0.809182
v -1.343664 1.853454 -0.855998
v -1.343664 1.803584 -0.892231
v -1.343664 1.887438 -0.634153
v -1.343664 1.906487 -0.692779
v -1.343664 1.631966 -0.892231
v -1.343664 1.582096 -0.855998
v -1.343664 1.529062 -0.692779
v -1.343664 1.548111 -0.634153
v -1.343664 1.903935 -0.748793
v -1.343664 1.884313 -0.809182
v -1.343664 1.749524 -0.907112
v -1.343664 1.686026 -0.907112
v -1.343664 1.801079 -0.553015
v -1.343664 1.852449 -0.590338
v -1.343664 1.551237 -0.809182
v -1.343664 1.531615 -0.748793
v -1.343664 1.583100 -0.590338
v -1.343664 1.634470 -0.553015
v -1.343664 1.686953 -0.533279
v -1.343664 1.748598 -0.533279
v 1.111011 1.543936 -0.793693
v 1.111011 1.529614 -0.721687
v 1.111011 1.891611 -0.649682
v 1.111011 1.905933 -0.721687
v 1.111011 1.543936 -0.649682
v 1.111011 1.891611 -0.793693
v 1.111011 1.584724 -0.588638
v 1.111011 1.850823 -0.854737
v 1.111011 1.645769 -0.547850
v 1.111011 1.789779 -0.895525
v 1.111011 1.717773 -0.533527
v 1.111011 1.717773 -0.909847
v 1.111011 1.645769 -0.895525
v 1.111011 1.789779 -0.547850
v 1.111011 1.584724 -0.854737
v 1.111011 1.850822 -0.588638
v 1.396012 1.610872 -0.979769
v 1.396012 1.717773 -1.001033
v 1.396012 1.520246 -0.919214
v 1.396012 1.459691 -0.828588
v 1.396012 1.438427 -0.721686
v 1.396012 1.459691 -0.614785
v 1.396012 1.520246 -0.524159
v 1.396012 1.610872 -0.463603
v 1.396012 1.717773 -0.442340
v 1.396012 1.824675 -0.463603
v 1.396012 1.915301 -0.524159
v 1.396012 1.975856 -0.614785
v 1.396012 1.997120 -0.721685
v 1.396012 1.975856 -0.828587
v 1.396012 1.915301 -0.919214
v 1.396012 1.824675 -0.979769
v 1.111012 1.510908 -0.807374
v 1.111012 1.924640 -0.636001
v 1.111012 1.717773 -0.945598
v 1.111012 1.493863 -0.721687
v 1.111012 1.941684 -0.721687
v 1.111012 1.510908 -0.636001
v 1.111012 1.924640 -0.807374
v 1.111012 1.559445 -0.563358
v 1.111012 1.876102 -0.880015
v 1.111012 1.632087 -0.514821
v 1.111012 1.803460 -0.928554
v 1.111012 1.717773 -0.497777
v 1.111012 1.632087 -0.928554
v 1.111012 1.803460 -0.514821
v 1.111012 1.559445 -0.880015
v 1.111012 1.876102 -0.563358
v 1.396012 1.632087 -0.928554
v 1.396012 1.717773 -0.945598
v 1.396012 1.559445 -0.880015
v 1.396012 1.510908 -0.807374
v 1.396012 1.493863 -0.721687
v 1.396012 1.510908 -0.636001
v 1.396012 1.559445 -0.563358
v 1.396012 1.632087 -0.514821
v 1.396012 1.717773 -0.497777
v 1.396012 1.803460 -0.514821
v 1.396012 1.876102 -0.563358
v 1.396012 1.924640 -0.636001
v 1.396012 1.941684 -0.721687
v 1.396012 1.924640 -0.807374
v 1.396012 1.876102 -0.880015
v 1.396012 1.803460 -0.928554
v 1.850125 1.837007 -1.521687
v 1.888867 1.717773 -1.521687
v 1.748698 1.910698 -1.521687
v 1.623328 1.910698 -1.521687
v 1.521901 1.837007 -1.521687
v 1.483159 1.717773 -1.521687
v 1.521901 1.598538 -1.521687
v 1.623328 1.524847 -1.521687
v 1.748698 1.524847 -1.521688
v 1.850125 1.598538 -1.521687
v 1.850125 1.837007 -1.721686
v 1.888867 1.717773 -1.721686
v 1.717254 1.910698 -1.690243
v 1.654772 1.910698 -1.690243
v 1.521901 1.837007 -1.721686
v 1.483159 1.717773 -1.721686
v 1.521901 1.598538 -1.721686
v 1.623328 1.524847 -1.721686
v 1.748698 1.524847 -1.721686
v 1.850125 1.598538 -1.721686
v 1.444383 1.599683 -0.472903
v 1.459489 1.553193 -0.504535
v 1.496999 1.525939 -0.524159
v 1.440308 1.612224 -0.463603
v 1.444383 1.835864 -0.970470
v 1.459488 1.882352 -0.938838
v 1.497002 1.909607 -0.919214
v 1.440309 1.823323 -0.979769
v 1.407129 1.714341 -0.443090
v 1.406013 1.717773 -0.442340
v 1.406013 1.717773 -0.442340
v 1.436304 1.624546 -0.982489
v 1.406013 1.717773 -1.001033
v 1.406013 1.717773 -1.001033
v 1.440308 1.612224 -0.979769
v 1.407129 1.721207 -1.000283
v 1.436305 1.811000 -0.460883
v 1.440309 1.823323 -0.463603
v 1.471690 1.544328 -0.933762
v 1.459489 1.553193 -0.939934
v 1.496999 1.525939 -0.919214
v 1.459488 1.882352 -0.503437
v 1.471692 1.891220 -0.509610
v 1.497002 1.909607 -0.524159
v 1.539188 1.495287 -0.869780
v 1.570491 1.472545 -0.828588
v 1.539190 1.940259 -0.573592
v 1.570494 1.963003 -0.614785
v 1.581423 1.464602 -0.784609
v 1.595550 1.454338 -0.721686
v 1.581426 1.970945 -0.658763
v 1.595553 1.981209 -0.721685
v 1.585000 1.462003 -0.678922
v 1.570491 1.472544 -0.614785
v 1.585003 1.973544 -0.764450
v 1.570494 1.963003 -0.828588
v 1.526059 1.504826 -0.561574
v 1.526063 1.930721 -0.881797
v 1.966013 1.717773 -0.108354
v 1.966013 1.717773 -1.335021
v 1.912538 1.882352 -1.335021
v 1.912538 1.882352 -0.108353
v 1.772538 1.984068 -1.335021
v 1.772538 1.984068 -0.108353
v 1.599488 1.984068 -1.335021
v 1.599488 1.984068 -0.108353
v 1.459488 1.882352 -1.335021
v 1.459488 1.882352 -0.108353
v 1.406013 1.717773 -1.335021
v 1.406013 1.717773 -0.108354
v 1.459489 1.553193 -1.335021
v 1.459489 1.553193 -0.108354
v 1.599488 1.451477 -1.335021
v 1.599488 1.451477 -0.108354
v 1.772538 1.451477 -1.335021
v 1.772538 1.451477 -0.108354
v 1.912538 1.553193 -1.335021
v 1.912538 1.553193 -0.108354
v 1.717254 1.910698 -1.653131
v 1.654772 1.910698 -1.653131
v 1.748698 1.910698 -1.721686
v 1.623328 1.910698 -1.721686
v 1.623328 1.910698 -1.621686
v 1.748698 1.910698 -1.621686
v 1.711006 2.410698 -1.686531
v 1.661020 2.410698 -1.686531
v 1.661020 2.410698 -1.656841
v 1.711006 2.410698 -1.656841
v 2.153726 2.015969 -1.434005
v 2.153726 1.910018 -1.579687
v 2.153726 1.984936 -1.537019
v 2.153726 1.529919 -1.579687
v 2.153726 1.423968 -1.434005
v 2.153726 1.455001 -1.537019
v 2.153726 1.910018 0.136313
v 2.153726 2.015969 -0.009369
v 2.153726 1.984936 0.093644
v 2.153726 1.423968 -0.009370
v 2.153726 1.529919 0.136312
v 2.153726 1.455001 0.093643
v 2.753726 1.910018 -1.579687
v 2.753726 2.015968 -1.434005
v 2.753726 1.984936 -1.537019
v 2.753726 1.423968 -1.434005
v 2.753726 1.529919 -1.579687
v 2.753726 1.455001 -1.537019
v 2.753726 2.015968 -0.009369
v 2.753726 1.910018 0.136313
v 2.753726 1.984936 0.093644
v 2.753726 1.529919 0.136312
v 2.753726 1.423968 -0.009370
v 2.753726 1.455001 0.093643
v 3.033725 1.689969 -0.088779
v 3.033725 1.756423 -0.106584
v 3.033725 1.805071 -0.155232
v 3.033725 1.822878 -0.221687
v 3.033725 1.805071 -0.288142
v 3.033725 1.756423 -0.336791
v 3.033725 1.689969 -0.354596
v 3.033725 1.623515 -0.336791
v 3.033725 1.574866 -0.288142
v 3.033725 1.557059 -0.221688
v 3.033725 1.574866 -0.155233
v 3.033725 1.623515 -0.106585
v 2.853725 1.689969 -0.039688
v 2.853725 1.780969 -0.064071
v 2.853725 1.847585 -0.130687
v 2.853725 1.871969 -0.221687
v 2.853725 1.847585 -0.312687
v 2.853725 1.780969 -0.379304
v 2.853725 1.689969 -0.403688
v 2.853725 1.598968 -0.379304
v 2.853725 1.532352 -0.312688
v 2.853725 1.507968 -0.221688
v 2.853725 1.532352 -0.130688
v 2.853725 1.598968 -0.064071
v 2.753725 1.689969 -0.003288
v 2.753725 1.799169 -0.032547
v 2.853725 1.799169 -0.032547
v 2.753725 1.879108 -0.112487
v 2.853725 1.879108 -0.112487
v 2.753725 1.908369 -0.221687
v 2.853725 1.908369 -0.221687
v 2.753725 1.879108 -0.330887
v 2.853725 1.879108 -0.330887
v 2.753725 1.799169 -0.410827
v 2.853725 1.799169 -0.410827
v 2.753725 1.689969 -0.440087
v 2.853725 1.689969 -0.440087
v 2.753725 1.580768 -0.410828
v 2.853725 1.580768 -0.410828
v 2.753725 1.500827 -0.330887
v 2.853725 1.500830 -0.330887
v 2.753725 1.471569 -0.221688
v 2.853725 1.471569 -0.221688
v 2.753725 1.500827 -0.112488
v 2.853725 1.500830 -0.112488
v 2.753725 1.580768 -0.032548
v 2.853725 1.580768 -0.032548
v 2.853725 1.689969 -0.003288
v 2.333726 1.483969 0.294313
v 2.573726 1.483969 0.294313
v 2.333726 1.723969 0.134313
v 2.333726 1.483969 0.134312
v 2.573726 1.723969 0.134313
v 2.573726 1.483969 0.134312
v 2.333726 1.603969 0.294313
v 2.573726 1.603969 0.294313
v 2.573726 1.603969 0.134312
v 2.333726 1.603969 0.134312
v 2.753726 1.839969 -1.321687
v 2.753726 1.599969 -1.321687
v 2.753726 1.839969 -0.521688
v 2.753726 1.599969 -0.521688
v 2.853726 1.768428 -1.250147
v 2.853726 1.671510 -1.250147
v 2.853726 1.768428 -0.593229
v 2.853726 1.671510 -0.593229
v 3.033725 1.780969 -0.064071
v 3.033725 1.689969 -0.039688
v 3.033725 1.847585 -0.130687
v 3.033725 1.871969 -0.221687
v 3.033725 1.847585 -0.312687
v 3.033725 1.780969 -0.379304
v 3.033725 1.689969 -0.403688
v 3.033725 1.598969 -0.379304
v 3.033725 1.532352 -0.312688
v 3.033725 1.507968 -0.221688
v 3.033725 1.532352 -0.130688
v 3.033725 1.598969 -0.064071
v 2.933726 1.756423 -0.106584
v 2.933726 1.689969 -0.088779
v 2.933726 1.805071 -0.155232
v 2.933726 1.822878 -0.221687
v 2.933726 1.805071 -0.288142
v 2.933726 1.756423 -0.336791
v 2.933726 1.689969 -0.354596
v 2.933726 1.623515 -0.336791
v 2.933726 1.574866 -0.288142
v 2.933726 1.557059 -0.221688
v 2.933726 1.574866 -0.155233
v 2.933726 1.623515 -0.106585
v 2.853726 1.768428 -0.921687
v 2.853726 1.671510 -0.921687
v 2.853726 1.599969 -0.521688
v 2.853726 1.839969 -0.521688
v 2.853726 1.839969 -0.921687
v 2.853726 1.599969 -0.921687
v 2.853726 1.599969 -1.321687
v 2.853726 1.839969 -1.321687
v 2.853726 1.671510 -0.757457
v 2.853726 1.768428 -0.757457
v 2.853726 1.768428 -1.085917
v 2.853726 1.671510 -1.085917
v 2.783725 1.690894 -0.626074
v 2.783725 1.749045 -0.626074
v 2.783725 1.749045 -0.724613
v 2.783725 1.690894 -1.118762
v 2.783725 1.690894 -1.217301
v 2.783725 1.749045 -1.217301
v 2.783725 1.690894 -0.724613
v 2.783725 1.749045 -1.118762
v 1.703726 1.434968 -0.108354
v 1.703726 1.434968 -1.335021
v 1.868305 1.488442 -1.335021
v 1.868305 1.488442 -0.108354
v 1.970021 1.628443 -1.335021
v 1.970021 1.628443 -0.108354
v 1.970021 1.801492 -1.335021
v 1.970021 1.801492 -0.108354
v 1.868305 1.941492 -1.335021
v 1.868305 1.941492 -0.108353
v 1.703726 1.994967 -1.335021
v 1.703726 1.994967 -0.108353
v 1.539146 1.941492 -1.335021
v 1.539146 1.941492 -0.108353
v 1.437430 1.801492 -1.335021
v 1.437430 1.801492 -0.108354
v 1.437430 1.628443 -1.335021
v 1.437430 1.628443 -0.108354
v 1.539146 1.488443 -1.335021
v 1.539146 1.488443 -0.108354
v 1.703726 1.406968 0.078313
v 1.884763 1.465790 0.078313
v 1.822960 1.550855 -1.521687
v 1.703726 1.512114 -1.521687
v 1.703726 1.406968 -1.335021
v 1.884763 1.465790 -0.108354
v 1.996651 1.619790 0.078313
v 1.896651 1.652282 -1.521687
v 1.996651 1.619790 -0.108354
v 1.996651 1.810145 0.078313
v 1.896651 1.777653 -1.521687
v 1.996651 1.810145 -0.108354
v 1.884763 1.964145 0.078314
v 1.822960 1.879080 -1.521687
v 1.884763 1.964145 -0.108353
v 1.703726 2.022968 0.078314
v 1.703726 1.917821 -1.521687
v 1.703726 2.022968 -0.108353
v 1.522688 1.964145 0.078314
v 1.584491 1.879080 -1.521687
v 1.522688 1.964145 -0.108353
v 1.410800 1.810145 0.078313
v 1.510800 1.777653 -1.521687
v 1.410800 1.810145 -0.108354
v 1.410800 1.619790 0.078313
v 1.510800 1.652282 -1.521688
v 1.410800 1.619790 -0.108354
v 1.522688 1.465790 0.078313
v 1.584491 1.550856 -1.521687
v 1.522688 1.465790 -0.108354
v 1.703726 1.406968 -0.108354
v 1.884763 1.465790 -1.335021
v 1.996651 1.619790 -1.335021
v 1.996651 1.810145 -1.335021
v 1.884763 1.964145 -1.335021
v 1.703726 2.022968 -1.335021
v 1.522688 1.964145 -1.335021
v 1.410800 1.810145 -1.335021
v 1.410800 1.619790 -1.335021
v 1.522688 1.465790 -1.335021
v 1.884763 1.465790 -1.521687
v 1.703726 1.406968 -1.521687
v 1.996651 1.619790 -1.521687
v 1.996651 1.810145 -1.521687
v 1.884763 1.964145 -1.521687
v 1.703726 2.022968 -1.521687
v 1.522688 1.964145 -1.521687
v 1.410800 1.810145 -1.521688
v 1.410800 1.619790 -1.521688
v 1.522688 1.465790 -1.521687
v 2.153796 1.465790 -0.108354
v 2.153796 1.465790 0.078313
v 2.153796 1.619790 0.078313
v 2.153796 1.619790 -1.521687
v 2.153796 1.465790 -1.521687
v 2.153796 1.619790 -0.108354
v 2.153796 1.810145 -0.108354
v 2.153796 1.810145 0.078313
v 2.153796 1.964145 0.078314
v 2.153796 1.964145 -1.521687
v 2.153796 1.810145 -1.521687
v 2.153796 1.964145 -0.108353
v 2.153796 1.465790 -1.335021
v 2.153796 1.619790 -1.335021
v 2.153796 1.810145 -1.335021
v 2.153796 1.964145 -1.335021
v 3.496529 1.612354 -0.891530
v 3.496529 1.612354 -1.061530
v 3.409927 1.562354 -0.891530
v 3.409927 1.562354 -1.061530
v 3.409927 1.462354 -0.891530
v 3.409927 1.462354 -1.061530
v 3.496529 1.412354 -0.891530
v 3.496529 1.412354 -1.061530
v 3.583131 1.462354 -0.891530
v 3.583131 1.462354 -1.061530
v 3.583131 1.562354 -0.891530
v 3.583131 1.562354 -1.061530
v 3.496529 1.642354 -0.892529
v 3.383946 1.577354 -0.892529
v 3.383946 1.447354 -0.892529
v 3.496529 1.382354 -0.892529
v 3.609112 1.447354 -0.892529
v 3.609112 1.577354 -0.892529
v 3.496529 1.642354 -0.750530
v 3.383946 1.577354 -0.750530
v 3.383946 1.447354 -0.750530
v 3.496529 1.382354 -0.750530
v 3.609112 1.447354 -0.750530
v 3.609112 1.577354 -0.750530
v 3.661529 1.392354 -0.921530
v 3.661529 1.392354 -0.721529
v 3.331529 1.392354 -0.921530
v 3.331529 1.392354 -0.721529
v 3.383944 1.392354 -0.721529
v 3.609115 1.392354 -0.721529
v 3.609115 1.392354 -0.921530
v 3.383944 1.392354 -0.921530
v 3.661529 1.559423 -0.921530
v 3.661529 1.612354 -0.868598
v 3.661529 1.585888 -0.914438
v 3.661529 1.605263 -0.895064
v 3.661529 1.612354 -0.774460
v 3.661529 1.559423 -0.721529
v 3.661529 1.605263 -0.747995
v 3.661529 1.585888 -0.728621
v 3.331529 1.612354 -0.868598
v 3.331529 1.559423 -0.921530
v 3.331529 1.605263 -0.895064
v 3.331529 1.585888 -0.914438
v 3.331529 1.559423 -0.721529
v 3.331529 1.612354 -0.774460
v 3.331529 1.585888 -0.728621
v 3.331529 1.605263 -0.747995
v 3.609115 1.559423 -0.721529
v 3.609115 1.612354 -0.774460
v 3.609115 1.585888 -0.728621
v 3.609115 1.605263 -0.747995
v 3.383944 1.612354 -0.774460
v 3.383944 1.559423 -0.721529
v 3.383944 1.605263 -0.747995
v 3.383944 1.585888 -0.728621
v 3.383944 1.559423 -0.921530
v 3.383944 1.612354 -0.868598
v 3.383944 1.585888 -0.914438
v 3.383944 1.605263 -0.895064
v 3.609115 1.612354 -0.868598
v 3.609115 1.559423 -0.921530
v 3.609115 1.605263 -0.895064
v 3.609115 1.585888 -0.914438
v 3.326529 1.392354 -0.721529
v 3.326529 1.392354 -0.921530
v 3.666528 1.392354 -0.721529
v 3.666528 1.392354 -0.921530
v 3.356529 1.332354 -0.751530
v 3.356529 1.332354 -0.891530
v 3.636529 1.332354 -0.891530
v 3.636529 1.332354 -0.751530
v 3.326529 1.332354 -0.721529
v 3.326529 1.332354 -0.921530
v 3.666528 1.332354 -0.921530
v 3.666528 1.332354 -0.721529
v 3.356529 1.182354 -0.751530
v 3.356529 1.182354 -0.891530
v 3.636529 1.182354 -0.891530
v 3.636529 1.182354 -0.751530
v 3.609869 1.157775 0.305574
v 3.463190 1.157775 0.305574
v 3.355310 1.157775 0.260889
v 3.251592 1.157775 0.157171
v 3.206907 1.157775 0.049291
v 3.206907 1.157775 -0.097387
v 3.251592 1.157775 -0.205267
v 3.355310 1.157775 -0.308985
v 3.463190 1.157775 -0.353670
v 3.609869 1.157775 -0.353670
v 3.717748 1.157775 -0.308985
v 3.821466 1.157775 -0.205267
v 3.866151 1.157775 -0.097387
v 3.866151 1.157775 0.049291
v 3.821466 1.157775 0.157171
v 3.717748 1.157775 0.260889
v 3.251592 1.877777 0.157172
v 3.355310 1.877777 0.260890
v 3.463190 1.877777 0.305575
v 3.609869 1.877777 0.305575
v 3.206907 1.877777 -0.097386
v 3.206907 1.877777 0.049292
v 3.355310 1.877777 -0.308984
v 3.251592 1.877777 -0.205266
v 3.609869 1.877777 -0.353669
v 3.463190 1.877777 -0.353669
v 3.821466 1.877777 -0.205266
v 3.717748 1.877777 -0.308984
v 3.866151 1.877777 0.049292
v 3.866151 1.877777 -0.097386
v 3.717748 1.877777 0.260890
v 3.821466 1.877777 0.157172
v 3.488840 2.377777 0.045601
v 3.466880 2.377777 0.023642
v 3.552057 2.377777 0.058923
v 3.521002 2.377777 0.058923
v 3.453559 2.377777 -0.008519
v 3.453559 2.377777 -0.039575
v 3.466880 2.377777 -0.071736
v 3.488840 2.377777 -0.093696
v 3.521002 2.377777 -0.107017
v 3.552057 2.377777 -0.107017
v 3.584218 2.377777 -0.093696
v 3.606178 2.377777 -0.071736
v 3.619499 2.377777 -0.039575
v 3.619499 2.377777 -0.008519
v 3.606178 2.377777 0.023642
v 3.584218 2.377777 0.045601
v 3.466880 4.377776 0.023644
v 3.488840 4.377776 0.045603
v 3.521002 4.377776 0.058925
v 3.552057 4.377776 0.058925
v 3.453559 4.377776 -0.039573
v 3.453559 4.377776 -0.008517
v 3.488840 4.377776 -0.093694
v 3.466880 4.377776 -0.071734
v 3.552057 4.377776 -0.107015
v 3.521002 4.377776 -0.107015
v 3.606178 4.377776 -0.071734
v 3.584218 4.377776 -0.093694
v 3.619499 4.377776 -0.008517
v 3.619499 4.377776 -0.039573
v 3.584218 4.377776 0.045603
v 3.606178 4.377776 0.023644
v 3.572162 1.877777 0.158835
v 3.500897 1.877777 0.158835
v 3.432409 1.877777 0.130466
v 3.382016 1.877777 0.080074
v 3.353647 1.877777 0.011586
v 3.353647 1.877777 -0.059680
v 3.382016 1.877777 -0.128168
v 3.432409 1.877777 -0.178560
v 3.500897 1.877777 -0.206929
v 3.572162 1.877777 -0.206929
v 3.640650 1.877777 -0.178560
v 3.691042 1.877777 -0.128168
v 3.719411 1.877777 -0.059680
v 3.719411 1.877777 0.011586
v 3.691042 1.877777 0.080074
v 3.640650 1.877777 0.130466
v 3.382016 2.377777 0.080074
v 3.432409 2.377777 0.130466
v 3.500897 2.377777 0.158835
v 3.572162 2.377777 0.158835
v 3.353647 2.377777 -0.059680
v 3.353647 2.377777 0.011586
v 3.432409 2.377777 -0.178560
v 3.382016 2.377777 -0.128168
v 3.572162 2.377777 -0.206929
v 3.500897 2.377777 -0.206929
v 3.691042 2.377777 -0.128168
v 3.640650 2.377777 -0.178560
v 3.719411 2.377777 0.011586
v 3.719411 2.377777 -0.059680
v 3.640650 2.377777 0.130466
v 3.691042 2.377777 0.080074
v 4.282386 0.872259 2.278312
v 4.282386 0.872259 1.778312
v 1.882387 -0.007742 2.278312
v 1.882387 -0.007742 1.778312
v 1.882387 0.872259 1.778312
v 1.882387 0.872259 2.278312
v 1.176531 0.572258 2.278312
v 1.176531 0.572258 1.778312
v 1.176531 -0.007742 1.778312
v 1.176531 -0.007742 2.278312
v -0.283469 -0.007742 1.778312
v -0.283469 0.587258 1.778312
v -0.283469 0.587258 2.278312
v -0.283469 -0.007742 2.278312
v -2.383470 0.587258 1.778312
v -2.383470 -0.007742 1.778312
v -2.383470 0.587258 2.278312
v -2.383470 -0.007742 2.278312
v -1.733469 -0.007742 1.778312
v -1.733469 0.587258 1.778312
v -2.383470 0.587258 3.178312
v -2.183469 0.587258 3.378312
v -2.324891 0.587258 3.319733
v -2.183469 -0.007742 3.378312
v -2.383470 -0.007742 3.178312
v -2.324891 -0.007742 3.319733
v -1.933469 -0.007742 3.378312
v -1.792048 -0.007742 3.319733
v -1.933469 0.587258 3.378312
v -1.792048 0.587258 3.319733
v -1.733469 0.787259 2.278312
v -2.383470 0.787259 2.278312
v -2.324891 0.787258 3.319733
v -2.383470 0.787258 3.178312
v -2.183469 0.787258 3.378312
v -1.792048 0.787258 3.319733
v -1.933469 0.787258 3.378312
v -1.733469 0.787258 3.178312
v 4.282386 0.572258 2.578312
v 1.882387 0.572258 2.578312
v 1.882387 -0.007742 2.578312
v 4.282386 0.162961 1.778312
v 4.111684 -0.007742 1.778312
v 4.282386 0.162961 2.278312
v 4.111684 -0.007742 2.278312
v 4.111684 -0.007742 2.578312
v 4.282386 0.162961 2.578312
v -1.733469 0.587258 2.278312
v -1.733469 -0.007742 2.278312
v -1.733469 -0.007742 3.178312
v -1.733469 0.587258 3.178312
v -1.733469 0.210739 2.698312
v -1.733469 0.112258 2.796792
v -1.733469 0.141101 2.727156
v -1.733469 0.467258 2.796792
v -1.733469 0.368776 2.698312
v -1.733469 0.438414 2.727156
v -1.733469 0.112258 2.959831
v -1.733469 0.210739 3.058312
v -1.733469 0.141101 3.029468
v -1.733469 0.368776 3.058312
v -1.733469 0.467258 2.959831
v -1.733469 0.438414 3.029468
v -0.833469 0.368776 2.698312
v -0.833469 0.467258 2.796792
v -0.833469 0.438414 2.727156
v -0.833469 0.112258 2.796792
v -0.833469 0.210739 2.698312
v -0.833469 0.141101 2.727156
v -0.833469 0.210739 3.058312
v -0.833469 0.112258 2.959831
v -0.833469 0.141101 3.029468
v -0.833469 0.467258 2.959831
v -0.833469 0.368776 3.058312
v -0.833469 0.438414 3.029468
v -2.133469 -0.307742 2.278312
v -2.133469 -0.307742 1.778312
v -1.733469 -0.307742 2.278312
v -1.733469 -0.307742 1.778312
v 4.282386 0.872259 -2.321688
v 4.282386 0.872259 -1.821687
v 1.882387 -0.007742 -2.321688
v 1.882387 -0.007742 -1.821688
v 1.882387 0.872259 -1.821687
v 1.882387 0.872259 -2.321688
v 1.176531 0.572258 -2.321688
v 1.176531 0.572258 -1.821688
v 1.176531 -0.007742 -1.821688
v 1.176531 -0.007742 -2.321688
v -0.283469 -0.007742 -1.821688
v -0.283469 0.587258 -1.821688
v -0.283469 0.587258 -2.321688
v -0.283469 -0.007742 -2.321688
v -2.383470 0.587258 -1.821688
v -2.383470 -0.007742 -1.821688
v -2.383470 0.587258 -2.321688
v -2.383470 -0.007742 -2.321688
v -1.733469 -0.007742 -1.821688
v -1.733469 0.587258 -1.821688
v -2.383470 0.587258 -3.221688
v -2.183469 0.587258 -3.421688
v -2.324891 0.587258 -3.363109
v -2.183469 -0.007742 -3.421688
v -2.383470 -0.007742 -3.221688
v -2.324891 -0.007742 -3.363109
v -1.933469 -0.007742 -3.421688
v -1.792048 -0.007742 -3.363109
v -1.933469 0.587258 -3.421688
v -1.792048 0.587258 -3.363109
v -1.733469 0.787259 -2.321688
v -2.383470 0.787259 -2.321688
v -2.324891 0.787259 -3.363109
v -2.383470 0.787259 -3.221688
v -2.183469 0.787259 -3.421688
v -1.792048 0.787259 -3.363109
v -1.933469 0.787259 -3.421688
v -1.733469 0.787259 -3.221688
v 4.282386 0.572258 -2.621688
v 1.882387 0.572258 -2.621688
v 1.882387 -0.007742 -2.621688
v 4.282386 0.162961 -1.821688
v 4.111684 -0.007742 -1.821688
v 4.282386 0.162961 -2.321688
v 4.111684 -0.007742 -2.321688
v 4.111684 -0.007742 -2.621688
v 4.282386 0.162961 -2.621688
v -1.733469 0.587258 -2.321688
v -1.733469 -0.007742 -2.321688
v -1.733469 -0.007742 -3.221688
v -1.733469 0.587258 -3.221688
v -1.733469 0.210739 -2.741688
v -1.733469 0.112258 -2.840168
v -1.733469 0.141102 -2.770532
v -1.733469 0.467258 -2.840168
v -1.733469 0.368777 -2.741688
v -1.733469 0.438414 -2.770532
v -1.733469 0.112258 -3.003207
v -1.733469 0.210739 -3.101688
v -1.733469 0.141102 -3.072844
v -1.733469 0.368777 -3.101688
v -1.733469 0.467258 -3.003207
v -1.733469 0.438414 -3.072844
v -0.833469 0.368777 -2.741688
v -0.833469 0.467258 -2.840168
v -0.833469 0.438414 -2.770532
v -0.833469 0.112258 -2.840168
v -0.833469 0.210739 -2.741688
v -0.833469 0.141102 -2.770532
v -0.833469 0.210739 -3.101688
v -0.833469 0.112258 -3.003207
v -0.833469 0.141102 -3.072844
v -0.833469 0.467258 -3.003207
v -0.833469 0.368777 -3.101688
v -0.833469 0.438414 -3.072844
v -2.133469 -0.307742 -2.321688
v -2.133469 -0.307742 -1.821688
v -1.733469 -0.307742 -2.321688
v -1.733469 -0.307742 -1.821688
v 3.355609 1.579814 -1.611529
v 3.494635 1.586566 -1.611529
v 3.635460 1.583044 -1.611529
v 3.358886 1.432067 -1.611529
v 3.499121 1.438879 -1.611529
v 3.635460 1.435245 -1.611529
v 3.333330 1.393858 -1.611529
v 3.328415 1.615462 -1.611529
v 3.494413 1.623524 -1.611529
v 3.499328 1.401919 -1.611529
v 3.661851 1.619337 -1.611529
v 3.661851 1.397587 -1.611529
v 3.358886 1.432067 -1.501529
v 3.355609 1.579814 -1.501529
v 3.494635 1.586566 -1.501529
v 3.499121 1.438879 -1.501529
v 3.635460 1.583044 -1.501529
v 3.635460 1.435245 -1.501529
v 3.547627 1.607931 -2.402348
v 3.445435 1.607931 -2.402348
v 3.382308 1.608104 -2.389791
v 3.287895 1.608648 -2.350687
v 3.234378 1.609146 -2.314929
v 3.162118 1.610149 -2.242671
v 3.126358 1.610892 -2.189157
v 3.087252 1.612204 -2.094748
v 3.074695 1.613081 -2.031625
v 3.074695 1.614501 -1.929440
v 3.087252 1.615378 -1.866313
v 3.119176 1.616541 -1.767889
v 3.169299 1.617583 -1.658864
v 3.243158 1.617059 -1.611529
v 3.749904 1.618519 -1.611529
v 3.823763 1.617583 -1.658864
v 3.873886 1.616541 -1.767889
v 3.905811 1.615378 -1.866313
v 3.918368 1.614501 -1.929440
v 3.918368 1.613081 -2.031625
v 3.905811 1.612204 -2.094748
v 3.866704 1.610892 -2.189157
v 3.830944 1.610149 -2.242671
v 3.758684 1.609146 -2.314929
v 3.705167 1.608648 -2.350687
v 3.610755 1.608104 -2.389791
v 3.287895 1.386899 -2.349115
v 3.382308 1.386355 -2.388220
v 3.445435 1.386181 -2.400776
v 3.547627 1.386181 -2.400776
v 3.162118 1.388400 -2.241102
v 3.234378 1.387395 -2.313358
v 3.087252 1.390455 -2.093179
v 3.126358 1.389143 -2.187586
v 3.074695 1.392752 -1.927868
v 3.074695 1.391332 -2.030053
v 3.119316 1.394794 -1.766381
v 3.087252 1.393629 -1.864742
v 3.243158 1.395398 -1.611529
v 3.169160 1.395831 -1.658800
v 3.823902 1.395831 -1.658800
v 3.749904 1.396770 -1.611529
v 3.905811 1.393629 -1.864742
v 3.873747 1.394794 -1.766381
v 3.918368 1.391332 -2.030053
v 3.918368 1.392752 -1.927868
v 3.866704 1.389143 -2.187586
v 3.905811 1.390455 -2.093179
v 3.758684 1.387395 -2.313358
v 3.830944 1.388400 -2.241101
v 3.610755 1.386355 -2.388220
v 3.705167 1.386899 -2.349115
v 3.517278 1.457429 -1.501529
v 3.475780 1.457429 -1.501529
v 3.475780 1.457429 -1.061530
v 3.517278 1.457429 -1.061530
v 3.450704 1.475647 -1.501529
v 3.437880 1.515115 -1.501529
v 3.437880 1.515115 -1.061530
v 3.450704 1.475647 -1.061530
v 3.447458 1.544593 -1.501529
v 3.481031 1.568985 -1.501529
v 3.481031 1.568985 -1.061530
v 3.447458 1.544593 -1.061530
v 3.512026 1.568985 -1.501529
v 3.545599 1.544593 -1.501529
v 3.545599 1.544593 -1.061530
v 3.512026 1.568985 -1.061530
v 3.555177 1.515115 -1.501529
v 3.542354 1.475647 -1.501529
v 3.542354 1.475647 -1.061530
v 3.555177 1.515115 -1.061530
v 0.819182 1.181259 0.538312
v 0.827234 1.181259 0.978312
v 0.764583 1.431259 0.978312
v 0.764583 1.431259 0.538312
v -0.368469 1.431259 0.538312
v -0.443469 1.181259 0.538312
v -0.443469 1.181259 0.978312
v -0.373469 1.431259 0.978312
v -0.123469 1.181259 0.978312
v -0.043469 1.181259 0.538312
v -0.118469 1.431259 0.538312
v -0.123469 1.431259 0.978312
v -0.043469 1.181259 -1.821687
v -0.118469 1.431259 -1.821687
v -0.368469 1.431259 -1.821687
v -0.443469 1.181259 -1.821687
v -0.043469 0.781258 -1.821688
v -0.443469 0.781258 -1.821688
v -0.432784 1.216874 -2.113251
v -0.443469 1.124476 -2.141928
v -0.043469 1.124476 -2.141928
v -0.054154 1.216874 -2.113251
v -0.443469 1.078542 -2.125942
v -0.443469 0.982946 -2.060268
v -0.043469 0.982946 -2.060268
v -0.043469 1.078542 -2.125942
v 5.419693 0.222016 1.278312
v 5.419693 0.222016 -0.021688
v 6.307578 1.284790 -0.021688
v 6.307578 1.284790 1.278312
v 5.956637 1.474084 1.007475
v 5.822811 1.546269 1.225487
v 5.750183 1.585444 1.278312
v 5.180023 1.889165 0.129466
v 6.003631 1.448738 0.750313
v 5.956637 1.474084 0.493150
v 5.622527 1.654301 0.129465
v 5.386275 1.781733 0.078313
v 5.822811 1.546269 0.275137
v 5.041856 0.486962 0.750312
v 4.999333 0.516780 0.493149
v 4.999333 0.516780 1.007475
v 4.812518 0.647779 1.278312
v 4.878237 0.601695 1.225487
v 4.878237 0.601695 0.275136
v 4.483226 0.878685 0.078312
v 4.697005 0.728779 0.129465
v 4.299448 1.008590 0.129465
v 6.009365 1.444431 -0.021688
v 6.009365 1.444431 -1.621688
v 5.063693 0.472016 -1.621688
v 5.063693 0.472016 -0.021688
v 6.009365 1.444431 -0.671687
v 5.063693 0.472016 -0.671688
v 6.324434 1.235278 -0.671687
v 6.324434 1.235278 -1.621688
v 5.378761 0.262862 -1.621688
v 5.378761 0.262862 -0.671688
v 5.210794 1.876143 -0.021687
v 5.210794 1.876143 -1.621688
v 4.298893 1.008016 -1.621688
v 4.298893 1.008016 -0.021688
v 4.298893 1.008016 -0.671688
v 5.210794 1.876143 -0.671687
v 1.372029 1.182776 -1.124048
v 1.372029 1.182776 -0.324048
v 1.141029 1.182776 -1.124048
v 1.141029 1.182776 -0.324048
v 1.372029 1.616964 -0.965061
v 1.372029 1.474400 -0.822497
v 1.372029 1.531503 -0.907959
v 1.372029 1.454348 -0.721690
v 1.372029 1.474400 -0.620881
v 1.372029 1.616964 -0.478317
v 1.372029 1.531503 -0.535421
v 1.141029 1.474400 -0.620881
v 1.141029 1.531503 -0.535421
v 1.141029 1.616964 -0.478317
v 1.141029 1.616964 -0.965061
v 1.141029 1.531503 -0.907959
v 1.141029 1.454348 -0.721690
v 1.141029 1.474400 -0.822497
v -2.029984 -0.417984 1.178312
v -3.063470 1.182016 1.778312
v -2.029984 -0.417984 -0.021688
v -3.063470 1.182016 -0.021688
v -0.983469 -0.417984 1.178312
v 0.496531 -0.417984 1.178312
v 1.576531 -0.417984 1.178312
v 3.456531 -0.417984 1.178312
v 4.056531 1.182016 1.778312
v 1.576531 1.182016 1.778312
v 0.496531 1.182016 1.778312
v -0.983469 1.182016 1.778312
v 4.056531 1.182016 -0.021688
v 1.576531 1.182016 -0.021688
v 0.496531 1.182016 -0.021688
v -0.983469 1.182016 -0.021688
v 3.456531 -0.417984 -0.021688
v -2.023469 1.182016 1.778312
v -2.023469 1.182016 -0.021688
v 4.778917 -0.370801 1.628312
v 5.436531 0.222016 1.778312
v 5.059830 -0.277715 1.628312
v 5.436531 0.222016 -0.021688
v 4.778917 -0.370801 -0.021688
v 5.059830 -0.277715 -0.021688
v -2.029984 -0.417984 -1.221688
v -3.063470 1.182016 -1.821687
v -0.983469 -0.417984 -1.221688
v 0.496531 -0.417984 -1.221688
v 1.576531 -0.417984 -1.221688
v 3.456531 -0.417984 -1.221688
v 4.056531 1.182016 -1.821687
v 1.576531 1.182016 -1.821687
v 0.496531 1.182016 -1.821687
v -0.983469 1.182016 -1.821687
v -2.023469 1.182016 -1.821687
v 4.778917 -0.370801 -1.671688
v 5.436531 0.222016 -1.821688
v 5.059830 -0.277715 -1.671688
v -3.063470 0.199016 -0.421688
v -3.063470 -0.034984 -0.421688
v -3.063470 0.199016 1.578312
v -3.063470 -0.034984 1.578312
v -3.563470 0.134398 -0.357070
v -3.563470 0.029635 -0.357070
v -3.563470 0.199016 1.578312
v -3.563470 -0.034984 1.578312
v -3.563470 0.029635 0.513694
v -3.563470 0.134398 0.513694
v -3.563470 -0.034984 0.578312
v -3.563470 -0.034984 -0.421688
v -3.563470 0.199016 -0.421688
v -3.563470 0.199016 0.578312
v -3.363469 0.029635 0.513694
v -3.363469 0.029635 -0.357070
v -3.363469 0.134398 -0.357070
v -3.363469 0.134398 0.513694
v 5.202216 -0.230533 1.778312
v 4.636531 -0.417984 1.778312
v 4.636531 -0.417984 -0.021688
v 5.202216 -0.230533 -0.021688
v 5.202216 -0.230533 -1.821688
v 4.636531 -0.417984 -1.821688
v 5.091285 -0.372639 1.628312
v 4.810372 -0.465725 1.628312
v 4.810372 -0.465725 -0.021688
v 5.091285 -0.372639 -0.021688
v 5.091285 -0.372639 -1.671688
v 4.810372 -0.465725 -1.671688
v -3.063470 -0.417984 -0.021688
v -3.063470 -0.417984 1.778312
v -2.023469 -0.417984 1.778312
v -0.983469 -0.417984 1.778312
v 0.496531 -0.417984 1.778312
v 1.576531 -0.417984 1.778312
v 4.056531 -0.417984 1.778312
v 4.056531 -0.417984 -0.021688
v -3.063470 -0.417984 -1.821688
v -2.023469 -0.417984 -1.821688
v -0.983469 -0.417984 -1.821688
v 0.496531 -0.417984 -1.821688
v 1.576531 -0.417984 -1.821688
v 4.056531 -0.417984 -1.821688
v -2.029984 -0.217984 -0.021688
v -2.029984 -0.217984 1.178312
v -0.983469 -0.217984 1.178312
v 0.496531 -0.217984 1.178312
v 1.576531 -0.217984 1.178312
v 3.456531 -0.217984 1.178312
v 3.456531 -0.217984 -0.021688
v -2.029984 -0.217984 -1.221688
v -0.983469 -0.217984 -1.221688
v 0.496531 -0.217984 -1.221688
v 1.576531 -0.217984 -1.221688
v 3.456531 -0.217984 -1.221688
v 2.816531 -0.417984 1.778312
v 2.816531 1.182016 1.778312
v 2.816531 1.182016 -0.021688
v 2.816531 -0.417984 -1.821688
v 2.816531 1.182016 -1.821687
v 2.516531 -0.417984 1.178312
v 2.516531 -0.417984 -1.221688
v 2.516531 -0.217984 1.178312
v 2.516531 -0.217984 -1.221688
v 2.816531 0.882017 -0.021688
v 1.576531 0.882017 -0.021688
v 2.816531 0.882017 -1.821687
v 1.576531 0.882017 -1.821687
v -3.063472 0.357776 -1.524048
v -3.063472 0.357776 -1.124048
v -3.172593 -0.722224 -1.479304
v -3.108214 -0.722224 -1.414927
v -3.108214 -0.722224 -1.233170
v -3.172593 -0.722224 -1.168792
v -3.418727 -0.722224 -1.414927
v -3.354350 -0.722224 -1.479304
v -3.354350 -0.722224 -1.168792
v -3.418727 -0.722224 -1.233170
v -3.063472 -0.344224 -1.433460
v -3.154059 -0.344224 -1.524048
v -3.063472 -0.253636 -1.524048
v -3.154059 -0.344224 -1.124048
v -3.063472 -0.344224 -1.214636
v -3.063472 -0.253636 -1.124048
v -3.463471 -0.344224 -1.214636
v -3.372883 -0.344224 -1.124048
v -3.463471 -0.253636 -1.124048
v -3.372883 -0.344224 -1.524048
v -3.463471 -0.344224 -1.433460
v -3.463471 -0.253636 -1.524048
v -3.463471 0.124194 -1.451924
v -3.463471 0.124194 -1.196172
v -3.463471 0.357776 -1.124048
v -3.463471 0.357776 -1.524048
v -3.463471 0.052070 -1.524048
v -3.463471 0.052070 -1.124048
v -3.663470 0.285653 -1.196172
v -3.663470 0.285653 -1.451924
v -3.563471 0.285653 -1.196172
v -3.563471 0.285653 -1.451924
v 5.436531 0.222016 -0.921688
v 5.202216 -0.230533 -0.921688
v 5.616835 -0.299710 -1.050895
v 5.616835 -0.299710 -1.692481
v 5.732333 -0.076640 -1.050895
v 5.732333 -0.076640 -1.692481
v 1.141029 1.612775 -0.324048
v 1.141029 1.612775 -1.124048
v 1.372029 1.612775 -0.324048
v 1.372029 1.612775 -1.124048
v -3.636609 0.124194 -1.451924
v -3.663470 0.124194 -1.425063
v -3.663470 0.151055 -1.451924
v -3.663470 0.124194 -1.223033
v -3.636609 0.124194 -1.196172
v -3.663470 0.151055 -1.196172
v -3.590332 0.124194 -1.196172
v -3.563471 0.124194 -1.223033
v -3.536610 0.124194 -1.196172
v -3.563471 0.151055 -1.196172
v -3.563471 0.124194 -1.425063
v -3.590332 0.124194 -1.451924
v -3.563471 0.151055 -1.451924
v -3.536610 0.124194 -1.451924
v -3.636609 -0.575806 -1.196172
v -3.663470 -0.575806 -1.223033
v -3.663470 -0.575806 -1.425063
v -3.636609 -0.575806 -1.451924
v -3.563471 -0.575806 -1.223033
v -3.590332 -0.575806 -1.196172
v -3.590332 -0.575806 -1.451924
v -3.563471 -0.575806 -1.425063
v -3.154059 -0.722224 -1.124048
v -3.063472 -0.722224 -1.214636
v -3.463471 -0.722224 -1.214636
v -3.372883 -0.722224 -1.124048
v -3.372883 -0.722224 -1.524048
v -3.463471 -0.722224 -1.433460
v -3.063472 -0.722224 -1.433460
v -3.154059 -0.722224 -1.524048
v -3.172593 -0.662224 -1.168792
v -3.108214 -0.662224 -1.233170
v -3.418727 -0.662224 -1.233170
v -3.354350 -0.662224 -1.168792
v -3.354350 -0.662224 -1.479304
v -3.418727 -0.662224 -1.414927
v -3.108214 -0.662224 -1.414927
v -3.172593 -0.662224 -1.479304
v 5.557427 -0.414449 -0.921688
v 5.557427 -0.414449 -1.821688
v 5.791742 0.038099 -0.921688
v 5.791742 0.038099 -1.821688
v 5.528032 -0.253731 -1.050895
v 5.528032 -0.253731 -1.692481
v 5.643531 -0.030661 -1.050895
v 5.643531 -0.030661 -1.692481
v 4.587771 1.163664 0.467531
v 4.552416 1.199020 0.485699
v 5.330233 1.976838 0.485700
v 5.365589 1.941482 0.467532
v 4.518631 1.232805 0.464925
v 4.506454 1.244982 0.417531
v 5.284272 2.022800 0.417532
v 5.296448 2.010623 0.464926
v 4.536308 1.215128 0.333092
v 4.571664 1.179772 0.314925
v 5.349481 1.957590 0.314926
v 5.314125 1.992946 0.333093
v 4.605448 1.145988 0.335699
v 4.617625 1.133811 0.383093
v 5.395443 1.911629 0.383094
v 5.383266 1.923805 0.335700
v -1.565472 1.717776 -1.145249
v -1.565472 1.717776 -0.202848
v -1.580544 1.642005 -1.145249
v -1.580544 1.642005 -0.202849
v -1.623465 1.577769 -1.145249
v -1.623465 1.577769 -0.202849
v -1.687700 1.529824 -1.145249
v -1.687700 1.529824 -0.202849
v -1.763472 1.509824 -1.145249
v -1.763472 1.529824 -0.202849
v -1.839243 1.529824 -1.145249
v -1.839243 1.529824 -0.202849
v -1.903479 1.577769 -1.145249
v -1.903479 1.577769 -0.202849
v -1.946400 1.642005 -1.145249
v -1.946400 1.642005 -0.202849
v -1.961472 1.717776 -1.145249
v -1.961472 1.717776 -0.202848
v -1.946400 1.793547 -1.145249
v -1.946400 1.793547 -0.202848
v -1.903479 1.857783 -1.145249
v -1.903479 1.857783 -0.202848
v -1.839243 1.900704 -1.145249
v -1.839243 1.900704 -0.202848
v -1.763472 1.915776 -1.145249
v -1.763472 1.915776 -0.202848
v -1.687700 1.900704 -1.145249
v -1.687700 1.900704 -0.202848
v -1.623465 1.857783 -1.145249
v -1.623465 1.857783 -0.202848
v -1.580544 1.793547 -1.145249
v -1.580544 1.793547 -0.202848
v -1.565472 1.717776 -0.984048
v -1.565472 1.717776 -0.464048
v -1.580544 1.642005 -0.464048
v -1.580544 1.642005 -0.984048
v -1.623465 1.577769 -0.984048
v -1.623465 1.577769 -0.464048
v -1.687700 1.529824 -0.984048
v -1.687700 1.529824 -0.464048
v -1.763472 1.509824 -0.984048
v -1.763472 1.529824 -0.464048
v -1.839243 1.529824 -0.984048
v -1.839243 1.529824 -0.464048
v -1.903479 1.577769 -0.984048
v -1.903479 1.577769 -0.464048
v -1.946400 1.642005 -0.464048
v -1.946400 1.642005 -0.984048
v -1.961472 1.717776 -0.464048
v -1.961472 1.717776 -0.984048
v -1.946400 1.793547 -0.464047
v -1.946400 1.793547 -0.984048
v -1.903479 1.857783 -0.464047
v -1.903479 1.857783 -0.984048
v -1.839243 1.900704 -0.984048
v -1.839243 1.900704 -0.464047
v -1.763472 1.915776 -0.984048
v -1.763472 1.915776 -0.464047
v -1.687700 1.900704 -0.984048
v -1.687700 1.900704 -0.464047
v -1.623465 1.857783 -0.984048
v -1.623465 1.857783 -0.464047
v -1.580544 1.793547 -0.984048
v -1.580544 1.793547 -0.464047
v -1.687700 1.179824 -0.202849
v -1.763472 1.179824 -0.202849
v -1.839243 1.179824 -0.202849
v -1.687700 1.179824 -0.464048
v -1.763472 1.179824 -0.464048
v -1.839243 1.179824 -0.464048
v -1.617385 1.180174 -1.145249
v -1.684158 1.180174 -1.145249
v -1.762923 1.180174 -1.145249
v -1.841687 1.180174 -1.145249
v -1.908460 1.180174 -1.145249
v -1.953076 1.180174 -1.145249
v -1.762923 1.180174 -0.984048
v -1.841687 1.180174 -0.984048
v -1.684158 1.180174 -0.984048
v -1.908460 1.180174 -0.984048
v -1.953076 1.180174 -0.984048
v -1.617385 1.180174 -0.984048
v -2.539243 1.179824 -0.464048
v -2.539243 1.179824 -0.202849
v -2.539243 1.529824 -0.464048
v -2.539243 1.529824 -0.202849
v -0.892222 1.712866 -0.102849
v -0.892222 1.788638 -0.102849
v -0.892222 1.712866 -0.364047
v -0.892222 1.788638 -0.364047
v -1.187700 1.529824 -0.202849
v -1.187700 1.529824 -0.464048
v -1.187700 1.179824 -0.202849
v -1.187700 1.179824 -0.464048
v -1.463471 1.177775 -1.384048
v -1.463471 1.977776 -1.384048
v -1.463471 1.177775 -1.144047
v -1.463471 1.977776 -1.144047
v -2.263471 1.177775 -1.384048
v -2.263471 1.977776 -1.384048
v -2.263471 1.177775 -1.144047
v -2.263471 1.977776 -1.144047
v -0.719345 1.184175 -0.056326
v -0.807597 1.184175 -0.056326
v -0.807597 1.911375 -0.056325
v -0.719345 1.911375 -0.056325
v -0.857937 1.184175 -0.077178
v -0.920341 1.184175 -0.139581
v -0.920341 1.911375 -0.139580
v -0.857937 1.911375 -0.077177
v -0.941193 1.184175 -0.189922
v -0.941193 1.184175 -0.278174
v -0.941193 1.911375 -0.278173
v -0.941193 1.911375 -0.189921
v -0.920341 1.184175 -0.328515
v -0.857937 1.184175 -0.390919
v -0.857937 1.911375 -0.390918
v -0.920341 1.911375 -0.328514
v -0.807597 1.184175 -0.411771
v -0.719345 1.184175 -0.411771
v -0.719345 1.911375 -0.411770
v -0.807597 1.911375 -0.411770
v -0.669004 1.184175 -0.390919
v -0.606600 1.184175 -0.328515
v -0.606600 1.911375 -0.328514
v -0.669004 1.911375 -0.390918
v -0.585748 1.184175 -0.278174
v -0.585748 1.184175 -0.189922
v -0.585748 1.911375 -0.189921
v -0.585748 1.911375 -0.278173
v -0.606600 1.184175 -0.139581
v -0.669004 1.184175 -0.077178
v -0.669004 1.911375 -0.077177
v -0.606600 1.911375 -0.139580
v 5.996214 1.926695 -0.862235
v 6.095125 1.869620 -0.938538
v 6.161217 1.831484 -1.052736
v 6.184424 1.818092 -1.187441
v 6.161217 1.831484 -1.322145
v 6.095125 1.869620 -1.436342
v 5.996214 1.926695 -1.512645
v 5.879540 1.994020 -1.539441
v 5.762867 2.061345 -1.512645
v 5.663955 2.118419 -1.436342
v 5.597866 2.156556 -1.322145
v 5.574658 2.169946 -1.187441
v 5.597866 2.156556 -1.052736
v 5.663955 2.118419 -0.938538
v 5.762867 2.061345 -0.862234
v 5.879540 1.994020 -0.835440
v 6.117165 2.136302 -0.862234
v 6.216075 2.079228 -0.938538
v 6.282166 2.041091 -1.052736
v 6.305374 2.027700 -1.187441
v 6.282166 2.041091 -1.322145
v 6.216075 2.079228 -1.436342
v 6.117165 2.136302 -1.512645
v 6.000491 2.203627 -1.539441
v 5.883816 2.270951 -1.512645
v 5.784906 2.328026 -1.436342
v 5.718815 2.366162 -1.322145
v 5.695608 2.379554 -1.187440
v 5.718815 2.366162 -1.052736
v 5.784906 2.328026 -0.938538
v 5.883816 2.270951 -0.862234
v 6.000491 2.203627 -0.835440
v 6.101061 2.132895 -0.891798
v 6.190979 2.081008 -0.961166
v 6.251061 2.046340 -1.064981
v 6.272160 2.034165 -1.187441
v 6.251061 2.046340 -1.309898
v 6.190979 2.081008 -1.413715
v 6.101061 2.132895 -1.483081
v 5.994993 2.194099 -1.507441
v 5.888925 2.255303 -1.483081
v 5.799007 2.307189 -1.413715
v 5.738925 2.341858 -1.309898
v 5.717827 2.354033 -1.187441
v 5.738925 2.341858 -1.064981
v 5.799007 2.307189 -0.961166
v 5.888925 2.255303 -0.891798
v 5.994993 2.194099 -0.867440
v 5.857649 2.005222 -0.929272
v 6.324856 2.765755 -0.867439
v 5.814971 2.029845 -0.935545
v 6.218789 2.826959 -0.891796
v 6.128871 2.878846 -0.961165
v 6.068788 2.913515 -1.064980
v 5.660403 2.119039 -1.222401
v 6.047690 2.925688 -1.187440
v 5.668893 2.114141 -1.253935
v 6.068788 2.913515 -1.309898
v 6.128871 2.878846 -1.413714
v 6.218789 2.826959 -1.483080
v 5.900219 1.980653 -1.445608
v 6.324856 2.765755 -1.507440
v 5.942898 1.956031 -1.439335
v 6.430923 2.704551 -1.483080
v 6.520842 2.652666 -1.413714
v 6.580925 2.617996 -1.309898
v 6.097465 1.866838 -1.152478
v 6.602022 2.605822 -1.187440
v 6.088977 1.871735 -1.120944
v 6.580925 2.617996 -1.064980
v 6.520842 2.652666 -0.961166
v 6.430923 2.704551 -0.891796
v 5.857649 2.005222 -0.901083
v 5.800371 2.038268 -0.909501
v 5.622250 2.141049 -1.222401
v 5.633644 2.134477 -1.264724
v 5.900219 1.980653 -1.473796
v 5.957498 1.947607 -1.465379
v 6.135618 1.844826 -1.152478
v 6.124225 1.851399 -1.110157
v 5.647915 1.641800 -0.901084
v 5.590636 1.674846 -0.909501
v 5.412515 1.777628 -1.222401
v 5.423909 1.771055 -1.264724
v 5.690485 1.617231 -1.473796
v 5.747763 1.584186 -1.465379
v 5.925883 1.481404 -1.152478
v 5.914489 1.487977 -1.110157
v 5.647915 1.641800 -0.929273
v 5.605236 1.666423 -0.935546
v 5.450668 1.755618 -1.222401
v 5.459157 1.750719 -1.253935
v 5.690485 1.617231 -1.445608
v 5.733163 1.592609 -1.439335
v 5.887730 1.503415 -1.152478
v 5.879241 1.508314 -1.120944
v 4.250206 1.239465 0.625399
v 5.264455 2.394054 0.601989
v 4.300095 1.189577 0.470754
v 5.326021 2.332489 0.411151
v 4.388033 1.101638 0.354881
v 5.434540 2.223969 0.268159
v 4.500633 0.989038 0.295421
v 5.573493 2.085018 0.194781
v 4.620750 0.868921 0.301424
v 5.721724 1.936786 0.202190
v 4.730100 0.759571 0.371978
v 5.856666 1.801843 0.289257
v 4.812035 0.677636 0.496342
v 5.957778 1.700732 0.442726
v 4.854080 0.635591 0.655581
v 6.009663 1.648847 0.639234
v 4.849835 0.639836 0.825454
v 6.004424 1.654086 0.848866
v 4.799946 0.689726 0.980098
v 5.942859 1.715652 1.039703
v 4.712007 0.777665 1.095971
v 5.834339 1.824171 1.182696
v 4.599409 0.890263 1.155432
v 5.695387 1.963123 1.256073
v 4.479290 1.010381 1.149428
v 5.547156 2.111354 1.248664
v 4.369940 1.119730 1.078874
v 5.412213 2.246297 1.161597
v 4.288006 1.201665 0.954511
v 5.311102 2.347408 1.008127
v 4.245960 1.243711 0.795272
v 5.259216 2.399293 0.811619
v 4.373632 1.380102 0.411150
v 4.312067 1.441666 0.601988
v 4.180036 1.309636 0.601988
v 4.241602 1.248070 0.411150
v 4.350121 1.139551 0.268158
v 4.489073 1.000598 0.194780
v 4.637304 0.852367 0.202189
v 4.772247 0.717424 0.289256
v 4.873358 0.616313 0.442726
v 4.925243 0.564428 0.639234
v 4.920005 0.569666 0.848865
v 4.858439 0.631232 1.039702
v 4.749920 0.739751 1.182695
v 4.610967 0.878704 1.256073
v 4.462736 1.026935 1.248664
v 4.327794 1.161878 1.161597
v 4.226683 1.262989 1.008127
v 4.174797 1.314874 0.811619
v 4.038615 1.168214 0.601988
v 4.100180 1.106648 0.411150
v 4.495883 0.710946 0.202189
v 4.630826 0.576003 0.289256
v 4.778583 0.428245 0.848865
v 4.717018 0.489811 1.039702
v 4.321315 0.885513 1.248664
v 4.186372 1.020456 1.161597
v 4.108784 1.098044 0.625399
v 4.158674 1.048155 0.470754
v 4.479329 0.727500 0.301424
v 4.588679 0.618149 0.371978
v 4.708414 0.498415 0.825454
v 4.658524 0.548305 0.980098
v 4.337869 0.868959 1.149428
v 4.228519 0.978309 1.078874
v 4.482152 1.271581 0.268158
v 4.621104 1.132629 0.194780
v 4.769335 0.984398 0.202189
v 4.881951 0.871782 1.182696
v 4.990470 0.763263 1.039702
v 4.904278 0.849455 0.289256
v 5.005389 0.748344 0.442726
v 4.306828 1.446906 0.811619
v 4.358714 1.395019 1.008127
v 4.459824 1.293909 1.161597
v 4.742999 1.010735 1.256073
v 4.594767 1.158966 1.248664
v 5.052036 0.701697 0.848865
v 5.057275 0.696459 0.639234
v 5.088120 2.217719 0.601989
v 5.149685 2.156154 0.411151
v 5.258205 2.047634 0.268159
v 5.397157 1.908681 0.194781
v 5.545388 1.760450 0.202190
v 5.658004 1.647835 1.182696
v 5.766523 1.539317 1.039703
v 5.680331 1.625508 0.289256
v 5.781442 1.524397 0.442726
v 5.082881 2.222958 0.811619
v 5.134766 2.171072 1.008127
v 5.235878 2.069961 1.161597
v 5.519051 1.786788 1.256073
v 5.370820 1.935019 1.248664
v 5.828088 1.477750 0.848866
v 5.833327 1.472512 0.639234
v 5.390633 1.915206 0.681893
v 4.614580 1.139153 0.681893
v 4.266830 1.486905 1.037074
v 5.042883 2.262956 1.037074
v 5.056216 2.249622 0.557371
v 4.280163 1.473569 0.557370
v 5.445301 1.084485 0.639234
v 5.440062 1.089724 0.848865
v 5.639314 1.278498 0.639234
v 5.634075 1.283738 0.848866
v 5.157362 1.372424 0.202189
v 5.292305 1.237482 0.289256
v 5.351375 1.566437 0.202189
v 5.486317 1.431495 0.289256
v 5.586634 0.943152 0.646298
v 5.581395 0.948391 0.855928
v 5.780647 1.137165 0.646298
v 5.775408 1.142404 0.855928
v 5.351005 1.178781 0.107298
v 5.216062 1.313724 0.020232
v 5.410076 1.507738 0.020232
v 5.545018 1.372795 0.107298
v 5.415630 2.545229 0.601989
v 5.477195 2.483664 0.411151
v 5.585715 2.375144 0.268159
v 5.724667 2.236191 0.194781
v 5.872898 2.087962 0.202190
v 6.007841 1.953019 0.289257
v 6.108952 1.851907 0.442727
v 6.160837 1.800022 0.639234
v 6.155599 1.805260 0.848864
v 6.094033 1.866826 1.039703
v 5.985514 1.975345 1.182694
v 5.846561 2.114297 1.256073
v 5.698330 2.262529 1.248664
v 5.563388 2.397471 1.161598
v 5.526531 2.378258 0.928313
v 5.526531 2.422193 0.822247
v 5.526531 2.434328 1.105657
v 5.411223 2.549635 0.778313
v 5.526531 2.434328 0.817221
v 5.432601 2.528258 0.778313
v 5.299804 2.378258 0.928313
v 5.341952 2.378258 1.008128
v 5.287728 2.422193 0.822247
v 5.307773 2.447850 0.811619
v 5.526531 2.378258 1.148209
v 5.389846 2.528258 0.778313
v -2.393687 1.230309 2.838012
v -1.813216 1.230309 2.838012
v -2.390996 1.230308 3.250020
v -1.810525 1.230308 3.250020
v -1.813216 0.979774 2.838012
v -2.293687 0.979774 2.838012
v -1.810525 0.979772 3.250020
v -2.290996 0.979772 3.250020
v -2.086180 0.979774 2.933093
v -2.156180 0.979774 3.003093
v -1.936582 0.979774 3.003093
v -2.006582 0.979774 2.933093
v -2.156180 0.979774 3.072931
v -2.086180 0.979773 3.142931
v -2.006582 0.979773 3.142931
v -1.936582 0.979774 3.072931
v -2.006582 0.579774 2.933093
v -1.936582 0.579774 3.003093
v -2.156180 0.579774 3.003093
v -2.086180 0.579774 2.933093
v -1.936582 0.579774 3.072931
v -2.006582 0.579774 3.142931
v -2.086180 0.579774 3.142931
v -2.156180 0.579774 3.072931
v -2.428484 0.875042 2.750662
v -2.428484 1.275042 2.750662
v -2.428484 0.875040 3.250131
v -2.428484 0.875040 3.337481
v -2.428484 1.275041 3.250131
v -2.428484 1.275041 3.337481
v -2.428484 1.275042 2.838012
v -2.428484 0.875041 2.838012
v -1.728484 0.935041 2.750662
v -1.788484 0.875042 2.750662
v -1.746058 0.892616 2.750662
v -1.788484 1.275042 2.750662
v -1.728484 1.215042 2.750662
v -1.746058 1.257470 2.750662
v -1.728484 0.935040 3.250131
v -1.788484 0.875040 3.250131
v -1.746058 0.892615 3.250131
v -1.788484 0.875040 3.337481
v -1.728484 0.935040 3.337481
v -1.746058 0.892615 3.337481
v -1.788484 1.275041 3.250131
v -1.728484 1.215042 3.250131
v -1.746058 1.257469 3.250131
v -1.728484 1.215042 3.337481
v -1.788484 1.275041 3.337481
v -1.746058 1.257469 3.337481
v -1.728484 1.215042 2.838012
v -1.788484 1.275042 2.838012
v -1.746058 1.257470 2.838012
v -1.788484 0.875041 2.838012
v -1.728484 0.935041 2.838012
v -1.746058 0.892616 2.838012
v -1.788484 1.075042 2.838012
v -1.788484 1.075042 2.750662
v -1.788484 1.075041 3.250131
v -1.788484 1.075041 3.337481
v -6.811801 -1.144041 3.628315
v -6.700909 -0.936577 3.628315
v -6.811801 -1.144041 3.628315
v -6.700909 -0.936577 3.628315
v -2.393685 1.230310 -3.281388
v -1.813214 1.230310 -3.281388
v -2.390994 1.230310 -2.869380
v -1.810523 1.230310 -2.869380
v -1.813214 0.979774 -3.281388
v -2.293686 0.979774 -3.281388
v -1.810523 0.979774 -2.869380
v -2.290994 0.979774 -2.869380
v -2.086178 0.979774 -3.186307
v -2.156178 0.979774 -3.116307
v -1.936580 0.979774 -3.116307
v -2.006580 0.979774 -3.186307
v -2.156178 0.979774 -3.046469
v -2.086178 0.979774 -2.976469
v -2.006580 0.979774 -2.976469
v -1.936580 0.979774 -3.046469
v -2.006580 0.579774 -3.186307
v -1.936580 0.579774 -3.116307
v -2.156178 0.579774 -3.116307
v -2.086178 0.579774 -3.186307
v -1.936580 0.579774 -3.046469
v -2.006580 0.579774 -2.976469
v -2.086178 0.579774 -2.976469
v -2.156178 0.579774 -3.046469
v -2.428482 0.875042 -3.368738
v -2.428482 1.275042 -3.368738
v -2.428482 0.875042 -2.869269
v -2.428482 0.875042 -2.781919
v -2.428482 1.275042 -2.869269
v -2.428482 1.275042 -2.781919
v -2.428482 1.275042 -3.281388
v -2.428482 0.875042 -3.281388
v -1.728482 0.935042 -3.368738
v -1.788482 0.875042 -3.368738
v -1.746056 0.892617 -3.368738
v -1.788482 1.275042 -3.368738
v -1.728482 1.215042 -3.368738
v -1.746056 1.257470 -3.368738
v -1.728482 0.935042 -2.869269
v -1.788482 0.875042 -2.869269
v -1.746056 0.892616 -2.869269
v -1.788482 0.875042 -2.781919
v -1.728482 0.935042 -2.781919
v -1.746056 0.892616 -2.781919
v -1.788482 1.275042 -2.869269
v -1.728482 1.215042 -2.869269
v -1.746056 1.257470 -2.869269
v -1.728482 1.215042 -2.781919
v -1.788482 1.275042 -2.781919
v -1.746056 1.257470 -2.781919
v -1.728482 1.215042 -3.281388
v -1.788482 1.275042 -3.281388
v -1.746056 1.257470 -3.281388
v -1.788482 0.875042 -3.281388
v -1.728482 0.935042 -3.281388
v -1.746056 0.892617 -3.281388
v -1.788482 1.075043 -3.281388
v -1.788482 1.075043 -3.368738
v -1.788482 1.075042 -2.869269
v -1.788482 1.075042 -2.781919
v -1.719195 8.403991 1.043481
v -1.636551 8.431890 1.042196
v -1.827168 8.265344 1.049557
v -1.719527 8.389886 0.715784
v -1.636882 8.417785 0.714500
v -1.788809 8.329352 0.718460
v -1.820664 8.246114 1.050378
v -1.820655 8.246144 1.051580
v -1.788811 8.329301 0.717263
v -1.820989 8.231936 0.721486
v -1.719528 8.389834 0.714587
v -1.636883 8.417733 0.713303
v -1.820995 8.232009 0.722682
v -1.618319 8.422928 1.043767
v -1.618340 8.422886 1.042565
v -1.827167 8.265395 1.050758
v -1.719194 8.404042 1.044681
v -1.636549 8.431941 1.043397
vn -0.7071 -0.0000 0.7071
vn -0.9659 -0.0000 0.2588
vn 0.2588 -0.0000 0.9659
vn -0.2588 -0.0000 0.9659
vn 0.9659 -0.0000 0.2588
vn 0.7071 -0.0000 0.7071
vn -0.9659 -0.0000 -0.2588
vn -0.7071 -0.0000 -0.7071
vn -0.0000 0.7230 -0.6908
vn -0.0000 0.9011 -0.4336
vn -0.0000 0.4336 -0.9011
vn -0.0000 0.1339 -0.9910
vn -0.0000 -0.4742 0.8804
vn -0.0000 -0.1789 0.9839
vn 0.7071 -0.0000 -0.7071
vn 0.9659 -0.0000 -0.2588
vn -0.2588 -0.0000 -0.9659
vn 0.2588 -0.0000 -0.9659
vn -0.0000 0.3520 0.9360
vn -0.0000 0.5878 0.8090
vn 0.0002 0.3479 0.9375
vn -0.0000 0.1789 0.9839
vn -0.0000 0.4742 0.8804
vn -0.0000 -0.9011 -0.4336
vn -0.0000 -0.7230 -0.6908
vn -0.0000 0.8804 0.4742
vn -0.0000 0.6908 0.7230
vn -0.0000 0.9839 -0.1789
vn -0.0000 0.9910 0.1339
vn -0.0000 -0.6908 0.7230
vn -0.0000 -0.8804 0.4742
vn -0.0000 -0.9910 0.1339
vn -0.0000 -0.9839 -0.1789
vn -0.0000 -0.0000 -1.0000
vn -0.0000 -0.2654 -0.9641
vn -0.0000 0.2654 -0.9641
vn -0.0310 -0.0236 -0.9992
vn -0.7408 -0.0316 -0.6710
vn -0.0000 -0.9511 -0.3090
vn -0.0000 -0.8349 -0.5503
vn -0.0000 0.7814 0.6240
vn -0.0000 0.7815 0.6240
vn -0.0000 0.9990 -0.0455
vn 0.0001 0.9733 -0.2297
vn 0.0001 0.9990 -0.0456
vn -0.0000 -0.7814 0.6240
vn -0.0000 0.9511 -0.3090
vn -0.0000 0.8349 -0.5504
vn -0.0000 0.8349 -0.5503
vn -0.0000 -0.9990 -0.0455
vn -0.0001 -0.9990 -0.0454
vn -0.0001 -0.9733 -0.2296
vn -0.0000 -0.5878 0.8090
vn -0.0000 -0.3520 0.9360
vn -0.7071 0.7071 -0.0000
vn -0.9659 0.2588 -0.0000
vn 0.2588 0.9659 -0.0000
vn -0.2588 0.9659 -0.0000
vn 0.9659 0.2588 -0.0000
vn 0.7071 0.7071 -0.0000
vn -0.9659 -0.2588 -0.0000
vn -0.7071 -0.7071 -0.0000
vn 0.7071 -0.7071 -0.0000
vn 0.9659 -0.2588 -0.0000
vn -0.2588 -0.9659 -0.0000
vn 0.2588 -0.9659 -0.0000
vn -0.0000 1.0000 -0.0000
vn -0.0000 -0.4336 -0.9011
vn -0.0000 -0.1339 -0.9910
vn -1.0000 -0.0000 -0.0000
vn -0.0000 -0.9239 -0.3827
vn -0.0000 -1.0000 -0.0000
vn 0.0398 -0.7106 0.7025
vn 0.0313 -0.5553 0.8311
vn 0.0716 -0.5712 0.8177
vn -0.0000 0.9239 0.3827
vn -0.0000 -0.9239 0.3827
vn -0.0000 0.9239 -0.3827
vn -0.0000 -0.7071 0.7071
vn -0.0000 0.7071 -0.7071
vn -0.0000 -0.3827 0.9239
vn -0.0000 0.3827 -0.9239
vn -0.0000 -0.0000 1.0000
vn -0.0000 -0.3827 -0.9239
vn -0.0000 0.3827 0.9239
vn -0.0000 -0.7071 -0.7071
vn -0.0000 0.7071 0.7071
vn 0.0459 0.7135 -0.6992
vn 0.0313 0.5553 -0.8311
vn 0.0716 0.5712 -0.8177
vn 0.0026 -0.0021 1.0000
vn 0.0041 -0.2007 0.9796
vn -0.0000 -0.2164 0.9763
vn 0.0094 -0.3876 -0.9218
vn 0.0024 0.0010 -1.0000
vn -0.0000 -0.1706 -0.9853
vn 0.0024 0.0028 -1.0000
vn 0.0267 0.4176 -0.9082
vn 0.0041 0.2007 -0.9797
vn 0.0026 -0.0009 1.0000
vn -0.1863 0.2685 0.9451
vn 0.0071 0.4150 0.9098
vn 0.0380 -0.7157 -0.6974
vn 0.0128 -0.4200 -0.9074
vn 0.0170 -0.5555 -0.8314
vn 0.0354 0.7130 0.7003
vn 0.0196 0.5707 0.8210
vn 0.0404 0.7748 0.6309
vn 0.0243 -0.8623 -0.5059
vn 0.0623 -0.9453 -0.3203
vn 0.0625 0.9250 0.3748
vn 0.0561 0.8436 0.5340
vn 0.0697 -0.9236 -0.3771
vn 0.0692 -0.9808 -0.1822
vn 0.0760 -0.9971 0.0048
vn 0.0771 0.9970 -0.0018
vn 0.0697 0.9461 0.3164
vn 0.0749 0.9796 0.1867
vn 0.0779 -0.9970 -0.0016
vn 0.0798 -0.9791 0.1870
vn 0.0738 -0.9436 0.3227
vn 0.0705 0.9236 -0.3769
vn 0.0795 0.9968 -0.0073
vn 0.0761 0.9790 -0.1890
vn 0.0660 -0.9242 0.3761
vn 0.0672 -0.8359 0.5448
vn 0.0562 -0.7755 0.6289
vn 0.0696 0.9453 -0.3186
vn 0.0584 0.8351 -0.5470
vn 0.5878 -0.8090 -0.0000
vn -0.9511 -0.3090 -0.0000
vn 0.9511 -0.3090 -0.0000
vn -0.5878 -0.8090 -0.0000
vn -0.5878 0.8090 -0.0000
vn 0.9511 0.3090 -0.0000
vn -0.9511 0.3090 -0.0000
vn 0.5878 0.8090 -0.0000
vn -0.0000 -0.2560 -0.9667
vn -0.0000 0.2560 -0.9667
vn 1.0000 -0.0000 -0.0000
vn -0.0000 -0.9893 0.1458
vn -0.0000 -0.9893 -0.1458
vn -0.0000 0.2560 0.9667
vn -0.0000 -0.2560 0.9667
vn -0.0000 0.9893 0.1458
vn -0.0000 0.9575 0.2884
vn -0.0000 0.4949 0.8689
vn -0.0000 -0.9575 0.2884
vn -0.0000 -0.4949 0.8689
vn -0.0000 0.9893 -0.1458
vn -0.0000 0.9575 -0.2884
vn -0.0000 0.4949 -0.8690
vn -0.0000 -0.9575 -0.2884
vn -0.0000 -0.4949 -0.8690
vn -0.0000 0.5000 0.8660
vn -0.0000 0.8660 0.5000
vn -0.0000 0.8660 -0.5000
vn -0.0000 0.5000 -0.8660
vn -0.0000 -0.5000 -0.8660
vn -0.0000 -0.8660 -0.5000
vn -0.0000 -0.8660 0.5000
vn -0.0000 -0.5000 0.8660
vn -0.0000 0.8000 0.6000
vn 0.0288 0.0166 -0.9994
vn 0.0288 -0.0166 -0.9994
vn -0.0000 0.0333 -0.9994
vn -0.0000 -0.0333 -0.9994
vn -0.0288 0.0166 -0.9994
vn -0.5000 0.8660 -0.0000
vn -0.5000 -0.8660 -0.0000
vn 0.5000 0.8660 -0.0000
vn 0.5000 -0.8660 -0.0000
vn -0.0288 -0.0166 -0.9994
vn -0.5556 -0.0000 -0.8315
vn -0.1951 -0.0000 -0.9808
vn -0.8315 -0.0000 0.5556
vn -0.9808 -0.0000 0.1951
vn -0.9808 -0.0000 -0.1951
vn -0.8315 -0.0000 -0.5556
vn 0.9808 -0.0000 0.1951
vn 0.8315 -0.0000 0.5556
vn 0.1951 -0.0000 -0.9808
vn 0.5556 -0.0000 -0.8315
vn 0.5556 -0.0000 0.8315
vn 0.1951 -0.0000 0.9808
vn 0.8315 -0.0000 -0.5556
vn 0.9808 -0.0000 -0.1951
vn -0.1951 -0.0000 0.9808
vn -0.5556 -0.0000 0.8315
vn -0.3912 0.9203 -0.0000
vn 0.0103 0.9999 -0.0000
vn 0.0051 1.0000 -0.0000
vn -0.7682 -0.6402 -0.0000
vn -0.9239 -0.0000 0.3827
vn -0.3827 -0.0000 0.9239
vn 0.3827 -0.0000 0.9239
vn 0.9239 -0.0000 0.3827
vn -0.9239 -0.0000 -0.3827
vn -0.3827 -0.0000 -0.9239
vn 0.3827 -0.0000 -0.9239
vn 0.9239 -0.0000 -0.3827
vn 0.7674 -0.6411 -0.0000
vn 0.4731 0.8810 -0.0014
vn 0.4747 0.8801 -0.0000
vn 0.5019 0.8650 -0.0000
vn 0.4756 0.8797 -0.0000
vn 0.1589 -0.1589 0.9744
vn 0.0270 -0.0270 0.9993
vn -0.0176 0.0176 0.9997
vn -0.2576 0.2576 0.9313
vn -0.2926 0.2926 0.9104
vn -0.4924 0.4924 0.7177
vn -0.5131 0.5131 0.6881
vn -0.6511 0.6511 0.3902
vn -0.6572 0.6572 0.3691
vn -0.6572 0.6572 -0.3691
vn -0.6511 0.6511 -0.3902
vn -0.5131 0.5131 -0.6881
vn -0.4924 0.4924 -0.7177
vn -0.3929 0.3929 -0.8315
vn 0.5531 0.8331 -0.0000
vn 0.5148 0.8573 -0.0000
vn 0.7169 -0.6972 -0.0000
vn 0.4745 0.8803 -0.0017
vn 0.4716 0.8818 0.0067
vn -0.6790 0.7106 -0.1845
vn -0.6976 0.7164 -0.0078
vn -0.7071 0.7071 -0.0001
vn 0.2992 0.9542 -0.0000
vn 0.1593 -0.9872 -0.0000
vn 0.8880 -0.4598 -0.0000
vn 0.5711 0.8209 -0.0000
vn -0.0001 -1.0000 0.0001
vn 0.0001 1.0000 -0.0001
vn 0.5350 0.8449 -0.0000
vn 0.4598 0.8880 -0.0000
vn 0.5165 0.8563 -0.0000
vn 0.3145 -0.9492 -0.0000
vn 0.5774 -0.5773 -0.5773
vn 0.5774 -0.5773 0.5773
vn -0.5774 -0.5773 0.5774
vn -0.5774 -0.5773 -0.5774
vn -0.4598 -0.8880 -0.0000
vn 0.9239 -0.3827 -0.0000
vn 0.9808 -0.1951 -0.0000
vn 0.7253 -0.6884 -0.0000
vn 0.9591 -0.2830 -0.0000
vn 0.5982 -0.8014 -0.0000
vn -0.5981 -0.8014 -0.0000
vn -0.7253 -0.6884 -0.0000
vn -0.9239 -0.3827 -0.0000
vn -0.9959 -0.0908 -0.0000
vn -0.9239 0.3827 -0.0000
vn -0.3827 0.9239 -0.0000
vn 0.3827 0.9239 -0.0000
vn -0.0480 -0.0095 0.9988
vn 0.8315 0.5556 -0.0000
vn 0.9239 0.3827 -0.0000
vn -0.0073 -1.0000 -0.0000
vn 0.9999 0.0153 -0.0000
vn -0.0564 -0.0105 0.9984
vn -0.1467 -0.0020 0.9892
vn 0.0566 0.0106 -0.9983
vn 0.1467 0.0020 -0.9892
vn 0.1469 -0.0000 -0.9891
vn 0.0071 1.0000 -0.0000
vn -0.9999 0.0145 -0.0000
vn 0.4748 0.8801 -0.0007
vn 0.4736 0.8807 0.0003
vn 0.4757 0.8796 -0.0040
vn 0.4766 0.8791 -0.0021
vn 0.4655 0.8849 0.0185
vn -0.6895 0.7243 -0.0000
vn -0.3315 0.1913 0.9239
vn -0.6125 0.3534 0.7071
vn -0.8002 0.4617 0.3827
vn -0.8661 0.4998 -0.0000
vn -0.8002 0.4617 -0.3827
vn -0.6125 0.3534 -0.7071
vn -0.3315 0.1913 -0.9239
vn 0.3315 -0.1913 -0.9239
vn 0.6125 -0.3534 -0.7071
vn 0.8002 -0.4617 -0.3827
vn 0.8661 -0.4998 -0.0000
vn 0.8002 -0.4617 0.3827
vn 0.6125 -0.3534 0.7071
vn 0.4998 0.8661 -0.0000
vn 0.3315 -0.1913 0.9239
vn -0.4998 -0.8661 -0.0000
vn -0.6882 0.6882 -0.2296
vn -0.5737 0.5737 -0.5846
vn -0.3718 0.3718 -0.8506
vn -0.1134 0.1134 -0.9871
vn 0.1624 -0.1624 -0.9733
vn 0.2075 -0.2075 -0.9560
vn 0.4134 -0.4134 -0.8113
vn 0.6014 -0.6014 -0.5259
vn 0.6980 -0.6980 -0.1603
vn 0.3718 -0.3718 0.8506
vn 0.1134 -0.1134 0.9871
vn -0.6980 0.6980 0.1603
vn -0.6014 0.6014 0.5259
vn -0.3546 0.3546 0.8652
vn -0.6015 0.6014 0.5259
vn 0.5737 -0.5737 0.5846
vn 0.6882 -0.6882 0.2296
vn -0.1624 0.1624 0.9733
vn -0.4134 0.4134 0.8113
vn 0.6760 -0.6760 0.2935
vn -0.3745 0.3745 0.8482
vn -0.2075 0.2075 0.9560
vn 0.5998 -0.5998 0.5296
vn -0.5998 0.5998 -0.5296
vn -0.6760 0.6760 -0.2935
vn 0.3745 -0.3745 -0.8482
vn 0.6889 -0.6889 -0.2253
vn 0.4504 -0.4504 -0.7709
vn 0.0250 -0.0250 -0.9994
vn 0.0999 -0.0999 -0.9900
vn 0.7067 -0.7067 0.0353
vn 0.2935 -0.2935 -0.9098
vn 0.6433 -0.6433 0.4151
vn -0.0250 0.0250 0.9994
vn -0.2222 0.3095 -0.9246
vn -0.6433 0.6433 -0.4151
vn -0.6624 0.6624 0.3498
vn 0.6015 -0.6014 -0.5259
vn -0.5173 0.5173 0.6817
vn -0.7071 0.7071 0.0054
vn -0.7067 0.7067 -0.0353
vn -0.0000 0.9808 0.1951
vn -0.0000 0.2903 0.9569
vn -0.0000 0.2900 0.9570
vn -0.0000 0.9716 0.2366
vn -0.0000 0.6566 0.7543
vn -0.0000 0.3450 0.9386
vn -0.0000 -0.9508 -0.3099
vn -0.0000 0.7815 0.6239
vn -0.0000 -0.6566 0.7543
vn -0.0000 -0.7814 0.6241
vn 0.0267 -0.4176 0.9082
vn 0.0118 -0.3859 0.9225
vn 0.0118 0.3859 -0.9225
vn 0.0445 0.7885 -0.6134
vn 0.0032 -0.2042 -0.9789
vn -0.0000 0.0687 -0.9976
vn 0.0118 0.3859 0.9225
vn -0.0000 0.0282 0.9996
vn 0.0277 -0.5792 -0.8147
vn 0.0437 -0.7758 -0.6295
vn -0.5878 0.8090 0.0009
vn -0.0000 0.9575 0.2885
vn -0.6863 0.7209 -0.0970
vn 0.0480 0.0096 -0.9988
vn 0.9594 -0.2821 -0.0000
vn -0.0566 -0.0105 0.9983
vn -0.1469 -0.0000 0.9891
vn -0.1467 -0.0019 0.9892
vn -0.9959 -0.0900 -0.0000
vn 0.4998 0.8662 -0.0000
vn -0.4998 -0.8662 -0.0000
vn -0.2877 0.0928 0.9532
vn -0.5803 0.5803 0.5715
vn -0.0001 0.3829 0.9238
vn -0.3827 -0.9239 -0.0000
vn 0.3827 -0.9239 -0.0000
vn 0.3090 -0.9511 -0.0000
vn 0.1564 -0.9877 -0.0000
vn 0.1564 0.9877 -0.0000
vn 0.3090 0.9511 -0.0000
vn -0.3090 0.9511 -0.0000
vn -0.8090 0.5878 -0.0000
vn -0.8090 -0.5878 -0.0000
vn -0.3090 -0.9511 -0.0000
vn 0.2902 -0.0068 -0.9569
vn 0.0981 -0.0071 -0.9952
vn 0.2904 -0.0068 -0.9569
vn -0.7732 -0.0045 -0.6341
vn -0.8818 -0.0033 -0.4717
vn -0.8821 -0.0033 -0.4711
vn -0.9571 -0.0021 -0.2899
vn -0.9951 -0.0007 -0.0984
vn -0.9952 -0.0007 -0.0976
vn -0.9951 0.0007 0.0984
vn -0.9675 0.0018 0.2527
vn -0.9676 0.0015 0.2526
vn -0.9313 0.0013 0.3643
vn -0.7537 0.0010 0.6572
vn -0.7543 0.0007 0.6565
vn -0.2785 -0.0000 0.9604
vn -0.2832 0.0002 0.9591
vn 0.2793 -0.0000 0.9602
vn 0.7546 0.0012 0.6562
vn 0.9313 0.0013 0.3643
vn 0.7532 0.0004 0.6578
vn 0.9675 0.0018 0.2527
vn 0.9951 0.0007 0.0984
vn 0.9676 0.0015 0.2526
vn 0.9951 -0.0007 -0.0984
vn 0.9571 -0.0021 -0.2899
vn 0.9952 -0.0007 -0.0976
vn 0.8817 -0.0033 -0.4717
vn 0.7732 -0.0045 -0.6341
vn 0.8821 -0.0033 -0.4711
vn 0.6342 -0.0055 -0.7732
vn 0.4716 -0.0063 -0.8818
vn 0.6346 -0.0055 -0.7728
vn 0.0017 -0.9999 0.0122
vn -0.0039 -0.9997 0.0254
vn -0.0021 -0.9999 0.0114
vn -0.4716 -0.0062 -0.8818
vn -0.6342 -0.0055 -0.7732
vn -0.6346 -0.0055 -0.7728
vn -0.0981 -0.0071 -0.9952
vn -0.2902 -0.0068 -0.9569
vn -0.2904 -0.0068 -0.9569
vn 0.0980 -0.0071 -0.9952
vn -0.4712 -0.0063 -0.8820
vn -0.7728 -0.0045 -0.6346
vn -0.9568 -0.0021 -0.2907
vn -0.9952 0.0007 0.0976
vn -0.9308 0.0021 0.3655
vn 0.2824 0.0002 0.9593
vn 0.9308 0.0021 0.3655
vn 0.9952 0.0007 0.0976
vn 0.9568 -0.0021 -0.2907
vn 0.7728 -0.0045 -0.6346
vn 0.4712 -0.0063 -0.8820
vn 0.0025 0.9999 -0.0104
vn 0.0006 0.9999 -0.0147
vn -0.0001 0.9999 -0.0133
vn 0.9492 0.3146 -0.0000
vn -0.9492 -0.3145 -0.0000
vn 0.1555 -0.9878 -0.0000
vn 0.1555 0.9878 -0.0000
vn -0.0000 -0.9999 0.0139
vn -0.0000 -0.9999 0.0138
vn -0.0000 -0.9999 0.0140
vn -0.0001 -0.9999 0.0140
vn -0.0001 -0.9999 0.0139
vn 0.0038 -0.9999 0.0137
vn 0.0161 -0.9997 0.0171
vn 0.0039 -0.9999 0.0147
vn -0.0093 -0.9999 0.0053
vn 0.0072 -0.9992 0.0400
vn 0.0001 -0.9999 0.0139
vn -0.0038 -0.9999 0.0137
vn -0.0147 -0.9998 0.0152
vn -0.0161 -0.9997 0.0171
vn -0.0171 -0.9997 0.0176
vn -0.0171 -0.9997 0.0175
vn -0.0980 -0.0071 -0.9952
vn -0.0000 0.9999 -0.0139
vn -0.0000 0.9999 -0.0138
vn -0.0001 0.9999 -0.0140
vn 0.0001 0.9999 -0.0136
vn 0.0001 0.9999 -0.0138
vn 0.0008 0.9999 -0.0134
vn 0.0038 0.9999 -0.0137
vn 0.0166 0.9997 -0.0172
vn 0.0187 0.9997 -0.0182
vn -0.0054 1.0000 0.0024
vn 0.0021 0.9995 -0.0327
vn -0.0024 0.9999 -0.0129
vn -0.0099 0.9998 -0.0147
vn -0.0167 0.9997 -0.0172
vn 0.0093 0.9999 -0.0053
vn -0.9492 -0.3146 -0.0000
vn 1.0000 -0.0000 -0.0065
vn -0.9287 -0.3707 0.0061
vn 0.9744 -0.0112 -0.2245
vn -0.9744 -0.0112 0.2245
vn -0.2928 -0.0112 0.9561
vn 0.6816 -0.0112 0.7316
vn -0.0000 0.6660 0.7460
vn -0.0000 0.6710 0.7414
vn 0.0015 0.6601 0.7512
vn -0.6460 0.6660 -0.3730
vn -0.6468 0.6665 -0.3707
vn -0.6498 0.6669 -0.3646
vn -0.6461 0.6659 0.3730
vn -0.6481 0.6649 0.3714
vn -0.6457 0.6678 0.3703
vn 0.6460 0.6660 0.3730
vn 0.6462 0.6644 0.3755
vn 0.6525 0.6740 0.3463
vn 0.6460 0.6660 -0.3730
vn 0.6446 0.6636 -0.3798
vn 0.6429 0.6690 -0.3730
vn -0.0000 0.6660 -0.7460
vn -0.0000 0.6585 -0.7526
vn -0.0001 0.6602 -0.7511
vn -1.0000 0.0001 -0.0001
vn -1.0000 0.0002 -0.0001
vn -1.0000 -0.0001 -0.0001
vn -1.0000 -0.0002 -0.0001
vn 1.0000 -0.0001 -0.0001
vn 1.0000 -0.0002 -0.0001
vn -1.0000 0.0002 0.0001
vn -1.0000 0.0001 0.0001
vn -1.0000 -0.0000 0.0002
vn 1.0000 0.0002 -0.0001
vn 1.0000 0.0002 -0.0000
vn -1.0000 -0.0000 -0.0002
vn 1.0000 -0.0002 -0.0000
vn -1.0000 -0.0002 0.0001
vn -1.0000 -0.0001 0.0001
vn 1.0000 -0.0002 0.0001
vn 1.0000 -0.0000 0.0002
vn 1.0000 0.0002 0.0001
vn 1.0000 0.0001 0.0002
vn -0.6816 -0.0112 -0.7316
vn 0.8660 -0.0000 -0.5000
vn -0.8660 -0.0000 -0.5000
vn -0.8660 -0.0000 0.5000
vn 0.8660 -0.0000 0.5000
vn 0.2928 -0.0112 -0.9561
vn -0.6816 -0.0112 0.7316
vn -0.4983 -0.0818 0.8631
vn -0.2928 -0.0112 -0.9561
vn -0.4983 -0.0818 -0.8631
vn 0.6816 -0.0112 -0.7316
vn 0.4983 -0.0818 -0.8631
vn 0.9744 -0.0112 0.2245
vn 0.9966 -0.0818 -0.0000
vn -0.9744 -0.0112 -0.2245
vn -0.9966 -0.0820 -0.0000
vn 0.2928 -0.0112 0.9561
vn 0.4983 -0.0818 0.8631
vn 1.0000 -0.0001 0.0001
vn 1.0000 -0.0001 0.0002
vn 1.0000 -0.0000 -0.0002
vn 1.0000 0.0001 -0.0001
vn 1.0000 0.0001 -0.0002
vn 1.0000 0.0001 0.0001
vn 1.0000 -0.0001 -0.0002
vn -0.0000 0.0074 1.0000
vn -0.9999 0.0125 -0.0000
vn 0.9999 0.0125 -0.0000
vn -0.0000 0.0074 -1.0000
vn -0.0266 -0.9996 -0.0000
vn 0.0109 -0.9999 -0.0000
vn 0.0485 -0.9988 -0.0000
vn -0.9998 -0.0222 -0.0000
vn -0.0118 0.9999 -0.0000
vn 0.0250 0.9997 -0.0000
vn -0.0485 0.9988 -0.0000
vn -0.9612 0.2757 -0.0037
vn -0.9587 0.2843 -0.0036
vn -0.9630 0.2696 -0.0000
vn -0.0000 -0.7637 -0.6456
vn 0.0001 -0.6716 -0.7409
vn -0.9985 0.0532 -0.0094
vn -0.9811 0.1934 -0.0014
vn -0.9848 0.1733 -0.0149
vn 0.9811 0.1934 -0.0014
vn 0.9985 0.0532 -0.0094
vn -0.9578 0.2873 -0.0054
vn 0.9578 0.2873 -0.0000
vn -0.9578 0.2873 -0.0000
vn -0.0000 -0.3287 -0.9444
vn -0.0000 -0.4515 -0.8923
vn 0.9747 0.2234 -0.0060
vn 0.9724 0.2331 -0.0118
vn 0.9699 0.2430 -0.0177
vn -0.0000 0.2964 -0.9551
vn -0.0000 -0.6709 -0.7415
vn -0.0000 0.8057 -0.5924
vn 0.9848 0.1733 -0.0149
vn 0.7328 0.6690 0.1244
vn 0.6717 0.7042 0.2299
vn 0.7542 0.6566 -0.0000
vn 0.7328 0.6690 -0.1244
vn 0.6717 0.7042 -0.2299
vn 0.4726 0.8191 -0.3251
vn 0.3649 0.8813 -0.3003
vn 0.5804 0.7569 -0.3003
vn 0.2735 0.9340 -0.2299
vn 0.2125 0.9692 -0.1244
vn 0.1911 0.9816 -0.0000
vn 0.2125 0.9692 0.1244
vn 0.2735 0.9340 0.2299
vn 0.3649 0.8813 0.3003
vn 0.4726 0.8191 0.3251
vn 0.5804 0.7569 0.3003
vn -0.8271 0.4773 -0.2968
vn 0.8271 -0.4773 0.2968
vn -0.1094 0.0631 0.9920
vn -0.4997 -0.8662 -0.0000
vn 0.2220 -0.1281 -0.9666
vn 0.1094 -0.0631 -0.9920
vn -0.2219 0.1281 0.9666
vn -0.7271 0.4196 -0.5433
vn 0.7271 -0.4196 0.5433
vn 0.0022 0.6568 0.7540
vn -0.0000 0.6661 0.7459
vn -0.0000 0.6738 0.7389
vn -0.6517 0.6674 -0.3603
vn -0.6472 0.6668 -0.3694
vn -0.6455 0.6687 0.3690
vn -0.6460 0.6660 0.3730
vn -0.6491 0.6644 0.3705
vn 0.6556 0.6779 0.3326
vn 0.6462 0.6637 0.3768
vn 0.6411 0.6706 -0.3732
vn 0.6460 0.6660 -0.3729
vn 0.6438 0.6623 -0.3833
vn -0.0002 0.6572 -0.7537
vn -0.0000 0.6660 -0.7459
vn -0.0000 0.6544 -0.7561
vn 0.9770 0.2134 -0.0000
vn 0.2669 -0.9637 -0.0000
vn 0.2669 0.9637 -0.0000
vn 0.4248 -0.0000 -0.9053
vn 0.4248 -0.0000 0.9053
vn -0.5774 -0.5774 -0.5773
vn -0.5773 -0.5774 0.5774
vn -0.0009 -0.7071 0.7071
vn 0.5774 -0.5773 0.5774
vn -0.5773 -0.5773 -0.5774
vn 0.6325 -0.6325 0.4472
vn 0.2819 -0.2819 -0.9171
vn 0.2820 -0.2820 -0.9171
vn -0.6325 0.6325 -0.4472
vn -0.2819 0.2819 0.9171
vn 0.2415 -0.2415 0.9399
vn -0.6646 0.6646 0.3415
vn -0.2415 0.2415 -0.9399
vn 0.6646 -0.6646 -0.3415
vn 0.0010 -0.7071 0.7071
vn 0.5774 -0.5773 -0.5774
vn -0.0000 0.9659 0.2588
vn -0.0000 0.2588 0.9659
vn -0.0000 0.9659 -0.2588
vn -0.0000 0.2588 -0.9659
vn -0.0000 0.9997 -0.0263
vn -0.0000 0.5556 -0.8315
vn -0.0000 0.5556 0.8315
vn -0.0000 0.9996 0.0271
vn -0.2935 0.2935 0.9098
vn -0.7066 0.7066 -0.0393
vn 0.1800 -0.1800 -0.9670
vn -1.0000 0.0001 -0.0000
vn 0.6855 0.7070 -0.1741
vn 0.6989 0.7098 -0.0874
vt 0.392537 0.758622
vt 0.291720 0.768847
vt 0.291720 0.758622
vt 0.392537 0.732610
vt 0.291720 0.742835
vt 0.291720 0.732610
vt 0.291720 0.862667
vt 0.392537 0.872892
vt 0.291720 0.872892
vt 0.392537 0.784633
vt 0.291720 0.794858
vt 0.291720 0.784633
vt 0.004109 0.663742
vt 0.493790 0.674512
vt 0.004109 0.674513
vt 0.004109 0.651898
vt 0.493789 0.641126
vt 0.493789 0.651898
vt 0.004109 0.537759
vt 0.493789 0.526988
vt 0.493789 0.537760
vt 0.392537 0.836656
vt 0.291720 0.846881
vt 0.291720 0.836656
vt 0.392537 0.810645
vt 0.291720 0.820869
vt 0.291720 0.810645
vt 0.301302 0.471804
vt 0.277569 0.472260
vt 0.301228 0.467929
vt 0.493790 0.515146
vt 0.004109 0.504372
vt 0.493790 0.504375
vt 0.004109 0.595542
vt 0.493789 0.606314
vt 0.004109 0.606313
vt 0.004109 0.481403
vt 0.493790 0.492177
vt 0.004109 0.492174
vt 0.004109 0.686711
vt 0.493790 0.697482
vt 0.004109 0.697482
vt 0.004109 0.549958
vt 0.493789 0.560730
vt 0.004109 0.560729
vt 0.004109 0.572572
vt 0.493789 0.583344
vt 0.004109 0.583344
vt 0.420326 0.471597
vt 0.396522 0.471638
vt 0.404816 0.464764
vt 0.444129 0.471970
vt 0.420320 0.467710
vt 0.420388 0.467710
vt 0.372717 0.471679
vt 0.388029 0.456329
vt 0.396500 0.459428
vt 0.253836 0.472716
vt 0.254995 0.444777
vt 0.491733 0.472716
vt 0.468369 0.444389
vt 0.468865 0.444363
vt 0.348912 0.471721
vt 0.333620 0.456424
vt 0.347162 0.443733
vt 0.467931 0.472343
vt 0.444320 0.459761
vt 0.452834 0.456781
vt 0.372177 0.443689
vt 0.372668 0.443722
vt 0.325107 0.471763
vt 0.301295 0.467917
vt 0.317254 0.464917
vt 0.165313 0.795121
vt 0.288084 0.787174
vt 0.288084 0.795121
vt 0.165313 0.820827
vt 0.288084 0.812880
vt 0.288084 0.820827
vt 0.288084 0.846533
vt 0.165313 0.838586
vt 0.288084 0.838586
vt 0.165313 0.769414
vt 0.288084 0.761467
vt 0.288084 0.769415
vt 0.165313 0.872239
vt 0.288084 0.864292
vt 0.288084 0.872239
vt 0.165313 0.743708
vt 0.288084 0.735761
vt 0.288084 0.743708
vt 0.392537 0.820869
vt 0.392537 0.768847
vt 0.392537 0.846881
vt 0.392537 0.862667
vt 0.392537 0.794858
vt 0.392537 0.742835
vt 0.291720 0.716824
vt 0.392537 0.716824
vt 0.288084 0.718002
vt 0.165313 0.735761
vt 0.165313 0.718002
vt 0.165313 0.787173
vt 0.165313 0.864292
vt 0.165313 0.846533
vt 0.165313 0.761467
vt 0.165313 0.812880
vt 0.186087 0.946254
vt 0.195229 0.940309
vt 0.202907 0.953608
vt 0.252466 0.946254
vt 0.243325 0.940309
vt 0.252466 0.924328
vt 0.241683 0.945015
vt 0.246393 0.958634
vt 0.237762 0.951806
vt 0.192634 0.914851
vt 0.213994 0.902519
vt 0.215593 0.913407
vt 0.251912 0.949076
vt 0.251912 0.924410
vt 0.004109 0.709326
vt 0.004109 0.618157
vt 0.004109 0.515144
vt 0.004109 0.526988
vt 0.493789 0.628928
vt 0.004109 0.641127
vt 0.004109 0.628928
vt 0.186087 0.924328
vt 0.193188 0.912029
vt 0.202907 0.916974
vt 0.235647 0.953608
vt 0.226377 0.969515
vt 0.226955 0.958626
vt 0.245366 0.958552
vt 0.226377 0.901067
vt 0.245366 0.912029
vt 0.235647 0.916974
vt 0.243325 0.930273
vt 0.226955 0.911955
vt 0.211599 0.958626
vt 0.211599 0.911955
vt 0.212176 0.969515
vt 0.212176 0.901067
vt 0.193188 0.958552
vt 0.195229 0.930273
vt 0.225032 0.970967
vt 0.225032 0.902519
vt 0.246393 0.914851
vt 0.237762 0.921680
vt 0.241682 0.928470
vt 0.223434 0.960078
vt 0.223434 0.913407
vt 0.213994 0.970967
vt 0.215593 0.960078
vt 0.201264 0.921680
vt 0.201264 0.951806
vt 0.192634 0.958634
vt 0.197344 0.928470
vt 0.197344 0.945015
vt 0.187115 0.924410
vt 0.187115 0.949075
vt 0.493790 0.663740
vt 0.493789 0.595542
vt 0.493790 0.481405
vt 0.493790 0.686710
vt 0.493789 0.549958
vt 0.493789 0.572572
vt 0.493790 0.709324
vt 0.493789 0.618156
vt 0.155895 0.173063
vt 0.160594 0.183837
vt 0.155895 0.182902
vt 0.126244 0.153251
vt 0.137017 0.148552
vt 0.136083 0.153251
vt 0.152130 0.191992
vt 0.156113 0.194654
vt 0.106431 0.173063
vt 0.101732 0.183837
vt 0.101732 0.172128
vt 0.117154 0.198949
vt 0.125309 0.207413
vt 0.114492 0.202933
vt 0.110196 0.163973
vt 0.106213 0.161311
vt 0.145172 0.157016
vt 0.156113 0.161311
vt 0.152130 0.163973
vt 0.145172 0.198949
vt 0.147834 0.202933
vt 0.147834 0.153032
vt 0.117154 0.157016
vt 0.114492 0.153032
vt 0.110196 0.191992
vt 0.106213 0.194654
vt 0.137017 0.207413
vt 0.136083 0.202714
vt 0.160594 0.172128
vt 0.125309 0.148552
vt 0.106431 0.182902
vt 0.126244 0.202714
vt 0.065109 0.422735
vt 0.005089 0.404337
vt 0.065109 0.404337
vt 0.069165 0.223033
vt 0.078882 0.228850
vt 0.076601 0.237444
vt 0.065109 0.275545
vt 0.005089 0.257147
vt 0.065109 0.257147
vt 0.005089 0.385938
vt 0.065109 0.385938
vt 0.005089 0.238748
vt 0.065109 0.238748
vt 0.005089 0.367539
vt 0.065109 0.367539
vt 0.065109 0.220349
vt 0.005089 0.220349
vt 0.005089 0.349140
vt 0.065109 0.349140
vt 0.005089 0.201950
vt 0.065109 0.201950
vt 0.005089 0.330742
vt 0.065109 0.330742
vt 0.065109 0.183551
vt 0.005089 0.165153
vt 0.065109 0.165153
vt 0.005089 0.183551
vt 0.065109 0.312343
vt 0.005089 0.312343
vt 0.065109 0.146754
vt 0.005089 0.146754
vt 0.005089 0.293944
vt 0.065109 0.293944
vt 0.005089 0.441134
vt 0.005089 0.422736
vt 0.005089 0.275545
vt 0.092451 0.231988
vt 0.105912 0.228122
vt 0.098203 0.235831
vt 0.102069 0.222370
vt 0.115985 0.223949
vt 0.114636 0.217164
vt 0.126888 0.223949
vt 0.128238 0.217164
vt 0.136961 0.228122
vt 0.140805 0.222370
vt 0.144671 0.235831
vt 0.150423 0.231988
vt 0.148843 0.245904
vt 0.155629 0.244555
vt 0.148843 0.256807
vt 0.150423 0.270724
vt 0.155629 0.258157
vt 0.140805 0.280342
vt 0.144671 0.266880
vt 0.128238 0.285548
vt 0.136961 0.274590
vt 0.114636 0.285548
vt 0.126888 0.278762
vt 0.102069 0.280342
vt 0.115985 0.278762
vt 0.092451 0.270724
vt 0.105912 0.274590
vt 0.087245 0.258157
vt 0.098203 0.266880
vt 0.087245 0.244555
vt 0.094030 0.256807
vt 0.094030 0.245904
vt 0.072517 0.356599
vt 0.082846 0.361387
vt 0.081476 0.370220
vt 0.069343 0.256321
vt 0.071036 0.255772
vt 0.070870 0.256310
vt 0.077810 0.406516
vt 0.076216 0.389861
vt 0.077744 0.389714
vt 0.081111 0.372670
vt 0.077851 0.389132
vt 0.075382 0.270976
vt 0.075977 0.272919
vt 0.079480 0.423165
vt 0.084560 0.405666
vt 0.088581 0.416250
vt 0.069082 0.289787
vt 0.078861 0.283868
vt 0.084598 0.289151
vt 0.072759 0.156585
vt 0.093745 0.167033
vt 0.097844 0.174628
vt 0.069244 0.306520
vt 0.091168 0.298013
vt 0.071168 0.173154
vt 0.099039 0.181551
vt 0.100535 0.191410
vt 0.069844 0.323242
vt 0.096069 0.305172
vt 0.097997 0.311967
vt 0.070012 0.189758
vt 0.098664 0.197976
vt 0.096049 0.207804
vt 0.070961 0.339938
vt 0.100535 0.321666
vt 0.099359 0.328428
vt 0.069370 0.206390
vt 0.089136 0.217216
vt 0.084596 0.223706
vt 0.097784 0.338530
vt 0.091868 0.348671
vt 0.196142 0.175568
vt 0.164234 0.155566
vt 0.196143 0.155566
vt 0.114432 0.319400
vt 0.164234 0.355584
vt 0.133454 0.377947
vt 0.196143 0.235573
vt 0.164234 0.215571
vt 0.196143 0.215571
vt 0.196143 0.295579
vt 0.180188 0.275577
vt 0.196143 0.275577
vt 0.196143 0.355584
vt 0.164234 0.335582
vt 0.196143 0.335582
vt 0.196143 0.195570
vt 0.164234 0.195570
vt 0.196143 0.255575
vt 0.164234 0.255575
vt 0.196143 0.315581
vt 0.164234 0.315581
vt 0.164234 0.175568
vt 0.164234 0.235573
vt 0.180188 0.295579
vt 0.200912 0.003544
vt 0.181279 0.142712
vt 0.181279 0.003544
vt 0.024216 0.142712
vt 0.004584 0.003544
vt 0.024216 0.003544
vt 0.043849 0.142712
vt 0.043849 0.003544
vt 0.063482 0.142712
vt 0.063482 0.003544
vt 0.083115 0.142712
vt 0.083115 0.003544
vt 0.102748 0.142712
vt 0.102748 0.003544
vt 0.122381 0.142712
vt 0.122381 0.003544
vt 0.142013 0.142712
vt 0.142013 0.003544
vt 0.161646 0.142712
vt 0.161646 0.003544
vt 0.164234 0.275577
vt 0.164234 0.295579
vt 0.169251 0.290562
vt 0.169251 0.280593
vt 0.175172 0.280593
vt 0.175172 0.290562
vt 0.665727 0.005684
vt 0.611350 0.091520
vt 0.611350 0.005684
vt 0.918102 0.331582
vt 0.678715 0.342299
vt 0.693452 0.262047
vt 0.897260 0.091520
vt 0.693452 0.005684
vt 0.897260 0.005684
vt 0.672611 0.106677
vt 0.911997 0.095960
vt 0.897260 0.176212
vt 0.979363 0.091520
vt 0.924986 0.005684
vt 0.979363 0.005684
vt 0.912652 0.262047
vt 0.897260 0.262047
vt 0.991697 0.091520
vt 0.991697 0.005684
vt 0.912652 0.091520
vt 0.912652 0.005684
vt 0.924986 0.091520
vt 0.678061 0.176211
vt 0.693452 0.176211
vt 0.599016 0.005684
vt 0.599016 0.091520
vt 0.678061 0.091520
vt 0.678061 0.005684
vt 0.258875 0.357840
vt 0.285331 0.408386
vt 0.258875 0.408386
vt 0.285331 0.357840
vt 0.311786 0.408386
vt 0.311786 0.357840
vt 0.338242 0.408386
vt 0.338242 0.357840
vt 0.364697 0.408386
vt 0.364697 0.357840
vt 0.391153 0.408386
vt 0.391153 0.357840
vt 0.417608 0.408386
vt 0.444064 0.357840
vt 0.444064 0.408386
vt 0.470519 0.357840
vt 0.470519 0.408386
vt 0.496975 0.408386
vt 0.523431 0.357839
vt 0.523431 0.408386
vt 0.924365 0.100143
vt 0.955999 0.121907
vt 0.924365 0.121907
vt 0.205964 0.357839
vt 0.232419 0.408386
vt 0.205964 0.408386
vt 0.232420 0.357840
vt 0.883271 0.568775
vt 0.921231 0.492855
vt 0.921231 0.568775
vt 0.883271 0.492855
vt 0.921231 0.442241
vt 0.883271 0.619389
vt 0.921231 0.619389
vt 0.832657 0.568775
vt 0.832657 0.492855
vt 0.984498 0.492855
vt 0.959192 0.442241
vt 0.959192 0.619389
vt 0.589823 0.263610
vt 0.559994 0.263709
vt 0.570975 0.252729
vt 0.615606 0.278610
vt 0.585804 0.278610
vt 0.630434 0.252728
vt 0.611586 0.263610
vt 0.656316 0.237900
vt 0.641415 0.263709
vt 0.641316 0.212117
vt 0.641316 0.233880
vt 0.630434 0.193269
vt 0.656316 0.208098
vt 0.615605 0.167388
vt 0.641415 0.182288
vt 0.589823 0.182388
vt 0.611586 0.182388
vt 0.570975 0.193269
vt 0.585803 0.167388
vt 0.545093 0.208098
vt 0.559994 0.182289
vt 0.560093 0.212117
vt 0.545093 0.237900
vt 0.560093 0.233881
vt 0.924365 0.143670
vt 0.955999 0.165434
vt 0.924365 0.165434
vt 0.924365 0.296015
vt 0.955999 0.317778
vt 0.924365 0.317778
vt 0.924365 0.230724
vt 0.955999 0.252488
vt 0.924365 0.252488
vt 0.955999 0.143670
vt 0.955999 0.187197
vt 0.924365 0.187197
vt 0.955999 0.339542
vt 0.924365 0.339542
vt 0.955999 0.274251
vt 0.924365 0.274251
vt 0.955998 0.208961
vt 0.924365 0.208961
vt 0.955999 0.361305
vt 0.924365 0.361305
vt 0.955999 0.296015
vt 0.955998 0.230724
vt 0.541738 0.087194
vt 0.588977 0.039021
vt 0.588977 0.087194
vt 0.541738 0.039021
vt 0.588977 -0.000747
vt 0.541572 0.087669
vt 0.588812 0.039497
vt 0.588812 0.087669
vt 0.541572 0.127438
vt 0.541572 0.039497
vt 0.588812 -0.000272
vt 0.541738 0.126962
vt 0.466339 0.122937
vt 0.408615 0.105003
vt 0.421944 0.097306
vt 0.524066 0.105004
vt 0.466340 0.138329
vt 0.408617 0.038349
vt 0.421947 0.046045
vt 0.510736 0.097309
vt 0.524066 0.038350
vt 0.315163 0.413381
vt 0.242367 0.346737
vt 0.315163 0.346737
vt 0.315163 0.146804
vt 0.242367 0.080160
vt 0.315163 0.080160
vt 0.315163 0.280093
vt 0.242367 0.213449
vt 0.315163 0.213449
vt 0.315163 0.013516
vt 0.242367 0.013516
vt 0.242367 0.280093
vt 0.242367 0.146804
vt 0.466342 0.020415
vt 0.466342 0.005023
vt 0.468574 0.380887
vt 0.395853 0.506845
vt 0.323131 0.380887
vt 0.510737 0.046047
vt 0.486496 0.626068
vt 0.480132 0.990685
vt 0.480132 0.626068
vt 0.511954 0.626046
vt 0.505589 0.990662
vt 0.505589 0.626045
vt 0.499225 0.626057
vt 0.492861 0.990673
vt 0.492861 0.626056
vt 0.448311 0.626102
vt 0.441946 0.990718
vt 0.441946 0.626102
vt 0.473768 0.626079
vt 0.467403 0.990696
vt 0.467403 0.626079
vt 0.435582 0.626113
vt 0.429218 0.990730
vt 0.429218 0.626113
vt 0.564851 0.531597
vt 0.586265 0.498749
vt 0.619113 0.520163
vt 0.461039 0.626091
vt 0.454675 0.990707
vt 0.454675 0.626090
vt 0.486496 0.990685
vt 0.422853 0.626124
vt 0.410125 0.626136
vt 0.416489 0.990741
vt 0.410125 0.990752
vt 0.448311 0.990719
vt 0.473768 0.990696
vt 0.416489 0.626124
vt 0.915487 0.899106
vt 0.892992 0.933611
vt 0.892992 0.899106
vt 0.627008 0.983904
vt 0.643537 0.961354
vt 0.643537 0.983904
vt 0.853659 0.756442
vt 0.886387 0.610523
vt 0.886387 0.756442
vt 0.627008 0.812597
vt 0.599461 0.944825
vt 0.599461 0.812597
vt 0.599461 0.983904
vt 0.993561 0.963618
vt 0.937487 0.992622
vt 0.908483 0.963618
vt 0.853659 0.802644
vt 0.886387 0.802644
vt 0.937487 0.895376
vt 0.892992 0.833419
vt 0.915487 0.833419
vt 0.993561 0.754224
vt 0.936037 0.754224
vt 0.853659 0.898209
vt 0.886387 0.898209
vt 0.827353 0.685157
vt 0.800838 0.705866
vt 0.800838 0.685157
vt 0.827352 0.653605
vt 0.685377 0.368814
vt 0.710421 0.336258
vt 0.710421 0.368814
vt 0.915487 0.768185
vt 0.936037 0.614039
vt 0.993561 0.614039
vt 0.853659 0.993119
vt 0.723619 0.653605
vt 0.736877 0.642999
vt 0.736877 0.653605
vt 0.745612 0.716520
vt 0.742506 0.695763
vt 0.753112 0.685157
vt 0.723619 0.685157
vt 0.736877 0.685157
vt 0.744994 0.653605
vt 0.753112 0.653605
vt 0.744994 0.685157
vt 0.715502 0.653605
vt 0.715502 0.685157
vt 0.707385 0.653605
vt 0.800838 0.653605
vt 0.772599 0.339192
vt 0.775533 0.358797
vt 0.765516 0.368814
vt 0.744994 0.642999
vt 0.720438 0.368814
vt 0.715502 0.642999
vt 0.753112 0.642999
vt 0.659658 0.653605
vt 0.707385 0.642999
vt 0.723619 0.642999
vt 0.800838 0.642999
vt 0.650383 0.944825
vt 0.627008 0.944825
vt 0.906023 0.756442
vt 0.682339 0.812597
vt 0.672934 0.944825
vt 0.599461 0.997205
vt 0.627008 0.997205
vt 0.643537 0.997205
vt 0.659658 0.685157
vt 0.827353 0.727077
vt 0.827353 0.705866
vt 0.784929 0.727077
vt 0.800838 0.727077
vt 0.800838 0.742986
vt 0.827353 0.742986
vt 0.892034 0.768185
vt 0.914528 0.802690
vt 0.892034 0.802690
vt 0.654861 0.984488
vt 0.638333 0.961938
vt 0.654861 0.945409
vt 0.852935 0.610850
vt 0.885662 0.756769
vt 0.852935 0.756769
vt 0.682409 0.945409
vt 0.654861 0.813180
vt 0.682409 0.813180
vt 0.682409 0.984488
vt 0.937269 0.613896
vt 0.993343 0.642900
vt 0.908266 0.642900
vt 0.885662 0.802971
vt 0.852935 0.802971
vt 0.937269 0.711142
vt 0.993343 0.711142
vt 0.892034 0.868377
vt 0.914528 0.868377
vt 0.993343 0.852294
vt 0.935819 0.852294
vt 0.885662 0.898535
vt 0.852935 0.898535
vt 0.780109 0.836908
vt 0.800818 0.810393
vt 0.800818 0.836908
vt 0.832370 0.810393
vt 0.710536 0.368483
vt 0.685492 0.335927
vt 0.710536 0.335927
vt 0.914528 0.933611
vt 0.935819 0.992479
vt 0.885662 0.993445
vt 0.842976 0.900869
vt 0.832370 0.914127
vt 0.832370 0.900869
vt 0.790212 0.895240
vt 0.769455 0.892134
vt 0.766349 0.836908
vt 0.800818 0.914127
vt 0.832370 0.892752
vt 0.800818 0.884634
vt 0.832370 0.884634
vt 0.800818 0.892752
vt 0.832370 0.922244
vt 0.832370 0.930361
vt 0.800817 0.922244
vt 0.832370 0.836908
vt 0.775648 0.345944
vt 0.772714 0.365549
vt 0.720553 0.368483
vt 0.842976 0.892752
vt 0.720553 0.335927
vt 0.842976 0.922244
vt 0.842976 0.884634
vt 0.842976 0.930361
vt 0.832370 0.978088
vt 0.842976 0.914127
vt 0.842976 0.836908
vt 0.631486 0.945409
vt 0.833298 0.756769
vt 0.599531 0.936004
vt 0.599531 0.813180
vt 0.682409 0.997789
vt 0.654861 0.997789
vt 0.638333 0.984488
vt 0.638333 0.997789
vt 0.800817 0.978088
vt 0.758897 0.810393
vt 0.758897 0.836908
vt 0.758897 0.852817
vt 0.793366 0.852817
vt 0.742988 0.836908
vt 0.742988 0.810393
vt 0.391310 0.910403
vt 0.354254 0.987590
vt 0.346175 0.907063
vt 0.470647 0.909563
vt 0.392204 0.994918
vt 0.837308 0.139058
vt 0.800775 0.057390
vt 0.837308 0.001534
vt 0.892731 0.669393
vt 0.813291 0.722828
vt 0.807900 0.659726
vt 0.908246 0.926509
vt 0.972668 0.988069
vt 0.908246 0.988069
vt 0.604479 0.528444
vt 0.695349 0.540291
vt 0.600238 0.545692
vt 0.693094 0.560009
vt 0.595616 0.565545
vt 0.691351 0.579698
vt 0.591867 0.585348
vt 0.690555 0.599334
vt 0.589730 0.605059
vt 0.690995 0.618899
vt 0.589699 0.624651
vt 0.591948 0.644114
vt 0.692773 0.638388
vt 0.596303 0.663456
vt 0.695787 0.657807
vt 0.598466 0.670437
vt 0.697223 0.664829
vt 0.972668 0.900864
vt 0.972668 0.926509
vt 0.491709 0.989673
vt 0.471541 0.994078
vt 0.122729 0.877190
vt 0.166807 0.785207
vt 0.166807 0.877190
vt 0.864167 0.926509
vt 0.864167 0.988069
vt 0.033102 0.872462
vt 0.097524 0.780480
vt 0.097524 0.872462
vt 0.122729 0.785207
vt 0.007897 0.785207
vt 0.007897 0.877190
vt 0.478816 0.715652
vt 0.627495 0.697245
vt 0.627445 0.715285
vt 0.296707 0.149042
vt 0.383974 0.092318
vt 0.383974 0.149042
vt 0.296707 0.092318
vt 0.198531 0.005051
vt 0.296707 0.005051
vt 0.296707 0.205765
vt 0.198531 0.149042
vt 0.296707 0.286488
vt 0.198531 0.205765
vt 0.296707 0.345393
vt 0.198531 0.286488
vt 0.296707 0.480657
vt 0.198531 0.413025
vt 0.296707 0.413025
vt 0.383974 0.480657
vt 0.482150 0.512292
vt 0.383974 0.512292
vt 0.383974 0.345393
vt 0.383974 0.413025
vt 0.383974 0.286488
vt 0.383974 0.205766
vt 0.198531 0.092318
vt 0.198531 0.600142
vt 0.296707 0.572346
vt 0.296707 0.600142
vt 0.349067 0.555925
vt 0.198531 0.480657
vt 0.013088 0.092318
vt 0.100356 0.149042
vt 0.013088 0.149042
vt 0.980486 0.820928
vt 0.994048 0.902303
vt 0.980486 0.902303
vt 0.100356 0.092318
vt 0.100356 0.005051
vt 0.100356 0.205765
vt 0.100356 0.286488
vt 0.100356 0.345393
vt 0.100355 0.480657
vt 0.100355 0.413025
vt 0.580325 0.480657
vt 0.580325 0.512292
vt 0.013088 0.413025
vt 0.056721 0.412263
vt 0.013088 0.286488
vt 0.013088 0.345393
vt 0.013088 0.205765
vt 0.837625 0.500712
vt 0.799650 0.415268
vt 0.837625 0.415268
vt 0.023312 0.543145
vt 0.013088 0.512292
vt 0.149443 0.572346
vt 0.100355 0.572346
vt 0.198531 0.632645
vt 0.100355 0.632645
vt 0.416699 0.148686
vt 0.482150 0.092318
vt 0.482150 0.148686
vt 0.416699 0.205766
vt 0.416699 0.286488
vt 0.416699 0.345393
vt 0.416699 0.447932
vt 0.416699 0.396663
vt 0.482150 0.480657
vt 0.547600 0.148686
vt 0.580325 0.092318
vt 0.547600 0.205766
vt 0.580325 0.149042
vt 0.580325 0.205766
vt 0.580325 0.286488
vt 0.547600 0.286488
vt 0.580325 0.345393
vt 0.547600 0.345393
vt 0.547600 0.396663
vt 0.580325 0.413025
vt 0.547600 0.447932
vt 0.482150 0.447932
vt 0.433026 0.213139
vt 0.481851 0.213139
vt 0.530677 0.251385
vt 0.994048 0.983678
vt 0.980486 0.983678
vt 0.424889 0.393792
vt 0.433027 0.436372
vt 0.424889 0.436372
vt 0.538814 0.436372
vt 0.530676 0.393792
vt 0.538814 0.393792
vt 0.424889 0.333574
vt 0.433026 0.393792
vt 0.530676 0.333574
vt 0.538814 0.333574
vt 0.424889 0.289632
vt 0.433026 0.333574
vt 0.530677 0.289632
vt 0.538814 0.289632
vt 0.424889 0.213139
vt 0.433026 0.251385
vt 0.424889 0.251385
vt 0.538814 0.251385
vt 0.481851 0.205002
vt 0.433026 0.205002
vt 0.530677 0.205002
vt 0.530677 0.213139
vt 0.538814 0.213139
vt 0.433026 0.289632
vt 0.433026 0.436372
vt 0.013088 0.480657
vt 0.198531 0.345393
vt 0.100356 0.361756
vt 0.198531 0.396663
vt 0.424802 0.886410
vt 0.464277 0.886410
vt 0.455337 0.895350
vt 0.503752 0.856240
vt 0.494812 0.895350
vt 0.385326 0.886410
vt 0.424802 0.826071
vt 0.415862 0.895350
vt 0.464277 0.786596
vt 0.503752 0.826071
vt 0.464277 0.826071
vt 0.345851 0.886410
vt 0.376386 0.895350
vt 0.662199 0.966832
vt 0.680356 0.966832
vt 0.671278 0.982557
vt 0.613029 0.966832
vt 0.631186 0.966832
vt 0.622107 0.982557
vt 0.563858 0.966832
vt 0.582015 0.966833
vt 0.572937 0.982557
vt 0.514688 0.966833
vt 0.532845 0.966832
vt 0.523766 0.982557
vt 0.464277 0.856240
vt 0.345851 0.856240
vt 0.385326 0.826071
vt 0.815814 0.940444
vt 0.763091 0.961059
vt 0.763091 0.940444
vt 0.810277 0.994344
vt 0.763091 0.988807
vt 0.815814 0.961059
vt 0.768317 0.219865
vt 0.744250 0.213401
vt 0.750715 0.158314
vt 0.742476 0.988807
vt 0.757553 0.994344
vt 0.777890 0.418041
vt 0.754042 0.427535
vt 0.754042 0.418041
vt 0.149443 0.600142
vt 0.790157 0.367800
vt 0.741775 0.405775
vt 0.741775 0.367800
vt 0.741775 0.548181
vt 0.790157 0.510206
vt 0.790157 0.548181
vt 0.694306 0.415268
vt 0.732282 0.500712
vt 0.694306 0.500712
vt 0.836429 0.988806
vt 0.821351 0.994344
vt 0.051925 0.701531
vt 0.069241 0.708806
vt 0.062141 0.711747
vt 0.062141 0.740588
vt 0.054866 0.757903
vt 0.051925 0.750803
vt 0.012868 0.740588
vt 0.020143 0.757903
vt 0.005768 0.743529
vt 0.023084 0.701531
vt 0.005768 0.708805
vt 0.020143 0.694431
vt 0.054866 0.694431
vt 0.069241 0.743529
vt 0.023084 0.750803
vt 0.012868 0.711746
vt 0.744548 0.488445
vt 0.732282 0.415268
vt 0.744548 0.427535
vt 0.787384 0.488445
vt 0.799650 0.500712
vt 0.790157 0.405775
vt 0.777890 0.497939
vt 0.741775 0.510206
vt 0.754042 0.497939
vt 0.754042 0.488445
vt 0.777890 0.488445
vt 0.777890 0.427535
vt 0.787384 0.427535
vt 0.085764 0.014738
vt 0.076632 0.047932
vt 0.054516 0.039971
vt 0.888628 0.532791
vt 0.905351 0.476252
vt 0.905351 0.532791
vt 0.345735 0.676943
vt 0.361767 0.642446
vt 0.362175 0.676748
vt 0.871906 0.476252
vt 0.888628 0.476252
vt 0.378614 0.676552
vt 0.378206 0.642250
vt 0.854555 0.532791
vt 0.871906 0.532791
vt 0.184358 0.688194
vt 0.099498 0.679872
vt 0.197782 0.678703
vt 0.533212 0.193759
vt 0.523167 0.161026
vt 0.533212 0.161026
vt 0.376586 0.582683
vt 0.460879 0.569833
vt 0.461137 0.579324
vt 0.523167 0.193759
vt 0.513485 0.161026
vt 0.170689 0.718359
vt 0.100123 0.703568
vt 0.174518 0.702128
vt 0.213813 0.644205
vt 0.214221 0.678507
vt 0.503804 0.161026
vt 0.494123 0.193759
vt 0.494123 0.161026
vt 0.230253 0.644010
vt 0.230661 0.678312
vt 0.484441 0.161026
vt 0.246692 0.643814
vt 0.247100 0.678117
vt 0.484441 0.193759
vt 0.474760 0.161026
vt 0.263539 0.677921
vt 0.263131 0.643619
vt 0.474760 0.193759
vt 0.465078 0.161026
vt 0.279571 0.643423
vt 0.279978 0.677725
vt 0.455397 0.193759
vt 0.455397 0.161026
vt 0.296010 0.643228
vt 0.296418 0.677530
vt 0.445715 0.193759
vt 0.312857 0.677334
vt 0.312449 0.643032
vt 0.020014 0.685762
vt 0.019128 0.634840
vt 0.062707 0.643508
vt 0.436034 0.161026
vt 0.445715 0.161026
vt 0.329296 0.677139
vt 0.328888 0.642837
vt 0.595360 0.341931
vt 0.623385 0.411622
vt 0.595352 0.415782
vt 0.345327 0.642641
vt 0.243926 0.686624
vt 0.245496 0.746192
vt 0.317020 0.584303
vt 0.011122 0.614799
vt 0.054702 0.571220
vt 0.063370 0.614799
vt 0.387157 0.596071
vt 0.461523 0.593529
vt 0.391850 0.612074
vt 0.461979 0.610284
vt 0.463229 0.675546
vt 0.101006 0.737080
vt 0.100564 0.720324
vt 0.099748 0.689363
vt 0.388034 0.628308
vt 0.462820 0.641244
vt 0.462434 0.627039
vt 0.175368 0.734366
vt 0.101380 0.751284
vt 0.513486 0.193759
vt 0.503804 0.193759
vt 0.587131 0.415722
vt 0.587148 0.340253
vt 0.623393 0.337771
vt 0.631606 0.411563
vt 0.659652 0.340169
vt 0.631606 0.336094
vt 0.099090 0.645569
vt 0.197374 0.644401
vt 0.133057 0.903186
vt 0.153401 0.987274
vt 0.133057 0.987274
vt 0.010995 0.987274
vt 0.010995 0.903186
vt 0.795126 0.030185
vt 0.779041 0.007122
vt 0.770311 0.001534
vt 0.801525 0.139058
vt 0.795126 0.084595
vt 0.705491 0.139058
vt 0.726571 0.128479
vt 0.754968 0.123068
vt 0.779041 0.107658
vt 0.701970 0.123065
vt 0.900025 0.605386
vt 0.815194 0.595718
vt 0.530677 0.436372
vt 0.155728 0.259891
vt 0.011634 0.287151
vt 0.011635 0.259891
vt 0.155728 0.287150
vt 0.011635 0.314410
vt 0.155728 0.314410
vt 0.011635 0.341669
vt 0.155728 0.368929
vt 0.011635 0.368929
vt 0.011635 0.396188
vt 0.155728 0.423447
vt 0.011635 0.423447
vt 0.155728 0.450707
vt 0.011635 0.450707
vt 0.155728 0.014557
vt 0.011635 0.041816
vt 0.011635 0.014556
vt 0.155728 0.041816
vt 0.011635 0.069076
vt 0.155728 0.096335
vt 0.011635 0.096335
vt 0.011635 0.123594
vt 0.155728 0.123594
vt 0.011635 0.150854
vt 0.155728 0.150854
vt 0.011634 0.178113
vt 0.155728 0.205372
vt 0.011635 0.205372
vt 0.120784 0.707421
vt 0.075041 0.775880
vt 0.006583 0.730138
vt 0.011634 0.232632
vt 0.054419 0.596423
vt 0.063324 0.641192
vt 0.018555 0.650097
vt 0.645962 0.300180
vt 0.677706 0.273478
vt 0.677706 0.300180
vt 0.677706 0.246777
vt 0.645962 0.220075
vt 0.677706 0.220075
vt 0.645961 0.193374
vt 0.677706 0.193374
vt 0.645961 0.620598
vt 0.677706 0.593896
vt 0.677706 0.620598
vt 0.645962 0.593896
vt 0.677706 0.567195
vt 0.841181 0.540493
vt 0.817412 0.567195
vt 0.817412 0.540493
vt 0.677706 0.460389
vt 0.645962 0.433687
vt 0.677706 0.433687
vt 0.645962 0.567195
vt 0.645962 0.540493
vt 0.645962 0.326881
vt 0.677706 0.326881
vt 0.444899 0.504076
vt 0.509510 0.491224
vt 0.522362 0.555835
vt 0.645962 0.273478
vt 0.645962 0.246777
vt 0.444899 0.555835
vt 0.451694 0.577752
vt 0.435834 0.561892
vt 0.427251 0.541170
vt 0.437943 0.539043
vt 0.427251 0.518741
vt 0.437943 0.520868
vt 0.457751 0.491224
vt 0.435834 0.498019
vt 0.451694 0.482159
vt 0.472416 0.473576
vt 0.474543 0.484268
vt 0.492718 0.484268
vt 0.494845 0.473576
vt 0.531427 0.498019
vt 0.522362 0.504076
vt 0.529317 0.520868
vt 0.540010 0.518741
vt 0.529317 0.539043
vt 0.540010 0.541170
vt 0.509510 0.568687
vt 0.531427 0.561892
vt 0.515567 0.577752
vt 0.492718 0.575642
vt 0.494845 0.586335
vt 0.472416 0.586335
vt 0.474543 0.575642
vt 0.677706 0.353583
vt 0.677706 0.380284
vt 0.645962 0.353583
vt 0.677706 0.487090
vt 0.645962 0.513792
vt 0.645962 0.487090
vt 0.645962 0.406986
vt 0.677706 0.406986
vt 0.645962 0.380284
vt 0.645962 0.460389
vt 0.677706 0.513792
vt 0.677706 0.540493
vt 0.841181 0.513792
vt 0.817412 0.513792
vt 0.841181 0.460389
vt 0.817412 0.487090
vt 0.817412 0.460389
vt 0.841181 0.380284
vt 0.817413 0.406986
vt 0.817412 0.380284
vt 0.841181 0.433687
vt 0.841181 0.406986
vt 0.841181 0.487090
vt 0.817412 0.353583
vt 0.841181 0.353583
vt 0.817412 0.326881
vt 0.841181 0.326881
vt 0.841181 0.273478
vt 0.817412 0.246777
vt 0.841181 0.246777
vt 0.817412 0.300180
vt 0.841181 0.300180
vt 0.817412 0.433687
vt 0.817412 0.593896
vt 0.841181 0.567195
vt 0.841181 0.593896
vt 0.817412 0.620598
vt 0.841181 0.620598
vt 0.841181 0.220075
vt 0.817412 0.193374
vt 0.841181 0.193374
vt 0.817412 0.220075
vt 0.817412 0.273478
vt 0.712632 0.540493
vt 0.747559 0.513792
vt 0.712632 0.513792
vt 0.747559 0.593896
vt 0.847814 0.400649
vt 0.878367 0.358739
vt 0.878364 0.400651
vt 0.878368 0.328188
vt 0.910408 0.358741
vt 0.712632 0.593896
vt 0.910406 0.400653
vt 0.909701 0.402017
vt 0.877662 0.360103
vt 0.909704 0.360105
vt 0.940252 0.402019
vt 0.940254 0.360107
vt 0.877658 0.432566
vt 0.909699 0.432568
vt 0.940957 0.400654
vt 0.940959 0.358742
vt 0.878363 0.431201
vt 0.910405 0.431203
vt 0.909705 0.329554
vt 0.877664 0.329552
vt 0.847111 0.360101
vt 0.877659 0.402015
vt 0.847109 0.402013
vt 0.579990 0.333555
vt 0.600674 0.346618
vt 0.597961 0.365454
vt 0.645962 0.342738
vt 0.645962 0.328325
vt 0.645962 0.377955
vt 0.645962 0.322639
vt 0.536160 0.045764
vt 0.538589 0.051381
vt 0.542852 0.045764
vt 0.528086 0.040549
vt 0.527436 0.041199
vt 0.528737 0.041199
vt 0.532932 0.044427
vt 0.541557 0.044058
vt 0.536160 0.052664
vt 0.532666 0.045764
vt 0.532666 0.053031
vt 0.532267 0.045764
vt 0.529173 0.049924
vt 0.634037 0.381913
vt 0.638059 0.391624
vt 0.638059 0.420462
vt 0.627024 0.447104
vt 0.606632 0.467496
vt 0.579990 0.478531
vt 0.551152 0.478531
vt 0.524510 0.467496
vt 0.504119 0.447104
vt 0.493083 0.420462
vt 0.493083 0.391624
vt 0.504119 0.364982
vt 0.524510 0.344590
vt 0.551152 0.333555
vt 0.602400 0.342837
vt 0.277344 0.460533
vt 0.285254 0.465272
vt 0.435931 0.464981
vt 0.268761 0.457147
vt 0.253197 0.439491
vt 0.492255 0.439395
vt 0.325086 0.460000
vt 0.348854 0.438394
vt 0.075984 0.239829
vt 0.069218 0.239677
vt 0.065109 0.441134
vt 0.074331 0.373234
vt 0.088016 0.355640
vt 0.070878 0.256337
vt 0.083763 0.403796
vt 0.077741 0.389688
vt 0.069175 0.273054
vt 0.090610 0.417712
vt 0.094841 0.420899
vt 0.080726 0.285536
vt 0.088173 0.157580
vt 0.114432 0.371766
vt 0.102675 0.355584
vt 0.102675 0.335582
vt 0.133455 0.313220
vt 0.152477 0.319400
vt 0.152477 0.371766
vt 0.200912 0.142712
vt 0.004584 0.142712
vt 0.665727 0.091520
vt 0.911997 0.266487
vt 0.918102 0.277205
vt 0.911997 0.342299
vt 0.897260 0.346739
vt 0.693452 0.346739
vt 0.672611 0.331581
vt 0.672611 0.277204
vt 0.678715 0.266487
vt 0.693452 0.091520
vt 0.678715 0.171772
vt 0.672611 0.161054
vt 0.678715 0.095960
vt 0.918102 0.106677
vt 0.918102 0.161054
vt 0.911997 0.171772
vt 0.912652 0.176212
vt 0.678061 0.262047
vt 0.417608 0.357840
vt 0.496975 0.357839
vt 0.955999 0.100143
vt 0.883271 0.442241
vt 0.984499 0.568775
vt 0.541738 -0.000747
vt 0.588812 0.127438
vt 0.541572 -0.000272
vt 0.588977 0.126962
vt 0.242367 0.413381
vt 0.395853 0.338902
vt 0.468574 0.464859
vt 0.323131 0.464859
vt 0.511954 0.990662
vt 0.499225 0.990674
vt 0.435582 0.990730
vt 0.619113 0.531597
vt 0.615209 0.541022
vt 0.607124 0.549107
vt 0.597699 0.553011
vt 0.586265 0.553011
vt 0.576840 0.549107
vt 0.568755 0.541022
vt 0.564851 0.520163
vt 0.568755 0.510739
vt 0.576840 0.502653
vt 0.597699 0.498749
vt 0.607123 0.502653
vt 0.615209 0.510738
vt 0.461039 0.990707
vt 0.422853 0.990741
vt 0.915487 0.933611
vt 0.853659 0.610523
vt 0.993561 0.992622
vt 0.993561 0.895376
vt 0.685377 0.336258
vt 0.892992 0.768185
vt 0.886387 0.993119
vt 0.800838 0.719626
vt 0.753112 0.719626
vt 0.742506 0.709020
vt 0.745612 0.688263
vt 0.707385 0.685157
vt 0.720438 0.336258
vt 0.765516 0.336258
vt 0.775533 0.346275
vt 0.772599 0.365880
vt 0.659658 0.642999
vt 0.650383 0.812597
vt 0.906023 0.610523
vt 0.682339 0.935421
vt 0.784929 0.692608
vt 0.914528 0.768185
vt 0.885662 0.610850
vt 0.993343 0.613896
vt 0.780109 0.810393
vt 0.685492 0.368483
vt 0.892034 0.933611
vt 0.993343 0.992479
vt 0.852935 0.993445
vt 0.797711 0.892134
vt 0.776954 0.895240
vt 0.766348 0.884634
vt 0.800818 0.900869
vt 0.800817 0.930361
vt 0.765631 0.335927
vt 0.772714 0.338861
vt 0.775648 0.358466
vt 0.765631 0.368483
vt 0.842976 0.978088
vt 0.631486 0.813180
vt 0.833298 0.610850
vt 0.608936 0.945409
vt 0.905016 0.729715
vt 0.697223 0.523178
vt 0.908246 0.900864
vt 0.497078 0.907063
vt 0.033102 0.780480
vt 0.477228 0.697245
vt 0.198531 0.572346
vt 0.373750 0.543145
vt 0.994048 0.820928
vt 0.012362 0.371406
vt 0.055995 0.370644
vt 0.047995 0.555925
vt 0.100355 0.600142
vt 0.296707 0.632645
vt 0.530676 0.436372
vt 0.198531 0.361756
vt 0.100355 0.396662
vt 0.433742 0.895350
vt 0.473217 0.895350
vt 0.503752 0.886410
vt 0.394266 0.895350
vt 0.503752 0.786596
vt 0.354791 0.895350
vt 0.345851 0.826071
vt 0.815814 0.988806
vt 0.768628 0.994344
vt 0.768317 0.158314
vt 0.750715 0.219865
vt 0.744250 0.164779
vt 0.748013 0.994344
vt 0.742476 0.961059
vt 0.836429 0.961059
vt 0.830891 0.994344
vt 0.054516 0.016412
vt 0.063649 0.006777
vt 0.076632 0.006081
vt 0.085764 0.038297
vt 0.063649 0.048628
vt 0.854555 0.476252
vt 0.362673 0.573925
vt 0.465078 0.193759
vt 0.067399 0.654834
vt 0.067399 0.667093
vt 0.062707 0.678419
vt 0.054039 0.687088
vt 0.042713 0.691779
vt 0.030011 0.692442
vt 0.010017 0.679082
vt 0.005768 0.667093
vt 0.042713 0.630148
vt 0.054039 0.634840
vt 0.030454 0.630148
vt 0.005768 0.654834
vt 0.010460 0.643508
vt 0.436034 0.193759
vt 0.232071 0.755683
vt 0.216037 0.759314
vt 0.199833 0.756532
vt 0.185928 0.747762
vt 0.213816 0.675072
vt 0.230020 0.677853
vt 0.253416 0.700048
vt 0.257048 0.716083
vt 0.254266 0.732286
vt 0.364790 0.651752
vt 0.348758 0.655397
vt 0.332552 0.652629
vt 0.318639 0.643870
vt 0.309137 0.630453
vt 0.305493 0.614422
vt 0.308261 0.598216
vt 0.330436 0.574801
vt 0.346468 0.571157
vt 0.031117 0.628159
vt 0.019791 0.623468
vt 0.006431 0.603473
vt 0.005768 0.590771
vt 0.012448 0.580774
vt 0.019128 0.570777
vt 0.031117 0.566529
vt 0.043376 0.628159
vt 0.054702 0.623468
vt 0.068061 0.591214
vt 0.068061 0.603473
vt 0.063370 0.579889
vt 0.043376 0.566529
vt 0.659652 0.415638
vt 0.153401 0.903186
vt 0.820185 0.551924
vt 0.905016 0.561591
vt 0.155728 0.341669
vt 0.155728 0.396188
vt 0.155728 0.069076
vt 0.155728 0.178113
vt 0.006583 0.707421
vt 0.015276 0.686435
vt 0.031339 0.670372
vt 0.052325 0.661679
vt 0.075042 0.661679
vt 0.096028 0.670372
vt 0.112091 0.686434
vt 0.120784 0.730138
vt 0.112091 0.751125
vt 0.096028 0.767187
vt 0.052325 0.775880
vt 0.031338 0.767187
vt 0.015276 0.751124
vt 0.155728 0.232632
vt 0.009649 0.641192
vt 0.004830 0.629557
vt 0.004830 0.616963
vt 0.009649 0.605328
vt 0.018554 0.596423
vt 0.030190 0.591603
vt 0.042783 0.591603
vt 0.063324 0.605328
vt 0.068143 0.616963
vt 0.068143 0.629557
vt 0.054419 0.650097
vt 0.042783 0.654917
vt 0.030190 0.654917
vt 0.457751 0.568687
vt 0.515567 0.482159
vt 0.747559 0.540493
vt 0.747559 0.620598
vt 0.847816 0.358737
vt 0.910410 0.328190
vt 0.712632 0.620598
vt 0.645962 0.370551
vt 0.532779 0.044058
vt 0.531821 0.052421
vt 0.529173 0.048623
vt 0.121108 0.926152
vt 0.006943 0.943285
vt 0.006943 0.926152
vt 0.121108 0.960418
vt 0.006943 0.960418
vt 0.006943 0.977551
vt 0.121108 0.977550
vt 0.006943 0.994683
vt 0.121108 0.720560
vt 0.006943 0.737692
vt 0.006943 0.720560
vt 0.121108 0.737693
vt 0.006943 0.754825
vt 0.121108 0.754825
vt 0.006943 0.771958
vt 0.121108 0.771958
vt 0.006943 0.789090
vt 0.121108 0.789091
vt 0.006943 0.806223
vt 0.121108 0.806223
vt 0.006943 0.823356
vt 0.121108 0.823356
vt 0.006943 0.840489
vt 0.121108 0.840489
vt 0.006943 0.857621
vt 0.121108 0.857621
vt 0.006943 0.874754
vt 0.121108 0.874754
vt 0.006943 0.891887
vt 0.121108 0.891887
vt 0.006943 0.909020
vt 0.121108 0.909020
vt 0.661280 0.239191
vt 0.673515 0.203130
vt 0.673515 0.242469
vt 0.555326 0.267580
vt 0.580438 0.296206
vt 0.546370 0.276536
vt 0.644890 0.178018
vt 0.661280 0.206408
vt 0.616499 0.161627
vt 0.653846 0.169062
vt 0.583717 0.161626
vt 0.619778 0.149392
vt 0.546371 0.169061
vt 0.580439 0.149392
vt 0.992853 0.453888
vt 0.964383 0.421702
vt 0.992853 0.421702
vt 0.964383 0.486074
vt 0.992853 0.486075
vt 0.964383 0.132027
vt 0.992853 0.099840
vt 0.992853 0.132027
vt 0.992853 0.164213
vt 0.992853 0.196399
vt 0.964383 0.164213
vt 0.964383 0.228585
vt 0.992853 0.228585
vt 0.964383 0.260771
vt 0.992853 0.260771
vt 0.964383 0.292957
vt 0.992853 0.292957
vt 0.964383 0.325144
vt 0.992853 0.325144
vt 0.964383 0.357330
vt 0.992853 0.357330
vt 0.964383 0.389516
vt 0.992853 0.389516
vt 0.526701 0.242468
vt 0.538935 0.239190
vt 0.653845 0.276537
vt 0.644889 0.267581
vt 0.526701 0.203129
vt 0.538936 0.206407
vt 0.616498 0.283972
vt 0.619777 0.296206
vt 0.555327 0.178017
vt 0.583716 0.283971
vt 0.482416 0.200277
vt 0.436433 0.207016
vt 0.438622 0.200277
vt 0.402573 0.091427
vt 0.435813 0.058946
vt 0.438003 0.065686
vt 0.403193 0.091236
vt 0.382574 0.132886
vt 0.397460 0.087071
vt 0.438002 0.200468
vt 0.483985 0.207207
vt 0.435813 0.207207
vt 0.531378 0.132886
vt 0.523578 0.087071
vt 0.538464 0.132886
vt 0.517226 0.091427
vt 0.537844 0.133077
vt 0.530758 0.133077
vt 0.397460 0.178701
vt 0.403193 0.174536
vt 0.389040 0.133077
vt 0.396840 0.087262
vt 0.438622 0.065495
vt 0.436433 0.058756
vt 0.481796 0.200468
vt 0.522958 0.178892
vt 0.523578 0.178701
vt 0.517845 0.174536
vt 0.481796 0.065686
vt 0.522958 0.087262
vt 0.389660 0.132886
vt 0.396840 0.178892
vt 0.381954 0.133077
vt 0.482416 0.065495
vt 0.484606 0.058756
vt 0.517225 0.174727
vt 0.484605 0.207016
vt 0.483986 0.058946
vt 0.402573 0.174727
vt 0.517846 0.091236
vt 0.637868 0.373338
vt 0.594512 0.415854
vt 0.594512 0.373338
vt 0.272507 0.058756
vt 0.233535 0.018988
vt 0.272507 0.018988
vt 0.272507 0.058678
vt 0.233535 0.018909
vt 0.272507 0.018909
vt 0.898000 0.415854
vt 0.854645 0.373338
vt 0.898000 0.373338
vt 0.854645 0.415854
vt 0.811289 0.373338
vt 0.811289 0.415854
vt 0.767934 0.373339
vt 0.767934 0.415854
vt 0.724578 0.373339
vt 0.681223 0.415854
vt 0.681223 0.373338
vt 0.637868 0.415854
vt 0.320680 0.058756
vt 0.320680 0.207016
vt 0.233535 0.178701
vt 0.808881 0.415431
vt 0.852567 0.372591
vt 0.852567 0.415431
vt 0.765195 0.372591
vt 0.765195 0.415431
vt 0.721509 0.372591
vt 0.721509 0.415431
vt 0.677823 0.372591
vt 0.677823 0.415431
vt 0.634137 0.372591
vt 0.634137 0.415431
vt 0.590451 0.372591
vt 0.590451 0.415431
vt 0.896253 0.372591
vt 0.957996 0.415431
vt 0.896253 0.415431
vt 0.338125 0.102633
vt 0.374538 0.132808
vt 0.347929 0.132808
vt 0.320680 0.058678
vt 0.359652 0.086993
vt 0.312457 0.083985
vt 0.255062 0.102633
vt 0.280730 0.083985
vt 0.245258 0.132808
vt 0.233535 0.086993
vt 0.255062 0.162982
vt 0.218648 0.132808
vt 0.280730 0.181631
vt 0.233535 0.178623
vt 0.320680 0.206938
vt 0.272507 0.206938
vt 0.312457 0.181631
vt 0.359652 0.178623
vt 0.338125 0.162982
vt 0.522958 0.019178
vt 0.959276 0.415854
vt 0.528708 0.372591
vt 0.359652 0.018909
vt 0.397460 0.018988
vt 0.436433 0.018988
vt 0.396840 0.019178
vt 0.435813 0.019178
vt 0.523578 0.018988
vt 0.533237 0.373338
vt 0.359652 0.018988
vt 0.359652 0.087071
vt 0.541312 0.703998
vt 0.530876 0.774385
vt 0.530876 0.703998
vt 0.582248 0.703998
vt 0.571812 0.774385
vt 0.571812 0.703998
vt 0.623184 0.703998
vt 0.612748 0.774385
vt 0.612748 0.703998
vt 0.664120 0.703998
vt 0.653684 0.774385
vt 0.653684 0.703998
vt 0.328154 0.784583
vt 0.324808 0.792661
vt 0.296653 0.787126
vt 0.643652 0.703998
vt 0.633216 0.774385
vt 0.633216 0.703998
vt 0.684588 0.703998
vt 0.674152 0.774385
vt 0.674152 0.703998
vt 0.602716 0.703998
vt 0.592280 0.774385
vt 0.592280 0.703998
vt 0.561780 0.703998
vt 0.551344 0.774385
vt 0.551344 0.703998
vt 0.541312 0.774385
vt 0.582248 0.774385
vt 0.623184 0.774385
vt 0.520844 0.703998
vt 0.664120 0.774385
vt 0.337627 0.746152
vt 0.343163 0.774306
vt 0.319090 0.753830
vt 0.335085 0.777652
vt 0.304332 0.768588
vt 0.399473 0.787126
vt 0.371318 0.792661
vt 0.367972 0.784583
vt 0.367972 0.810540
vt 0.371318 0.802462
vt 0.399473 0.807997
vt 0.324808 0.802462
vt 0.328154 0.810540
vt 0.296653 0.807997
vt 0.391794 0.768588
vt 0.361042 0.777652
vt 0.352964 0.774306
vt 0.319090 0.841293
vt 0.304332 0.826534
vt 0.335084 0.817470
vt 0.377036 0.753830
vt 0.358499 0.746152
vt 0.337627 0.848971
vt 0.343163 0.820816
vt 0.352964 0.820816
vt 0.358499 0.848971
vt 0.361042 0.817470
vt 0.377036 0.841293
vt 0.391794 0.826534
vt 0.779634 0.944371
vt 0.712017 0.932122
vt 0.779634 0.932122
vt 0.685346 0.978896
vt 0.704618 0.971497
vt 0.712017 0.978896
vt 0.779634 0.920796
vt 0.712017 0.908923
vt 0.779634 0.908923
vt 0.779634 0.991145
vt 0.779634 0.978896
vt 0.779634 0.967570
vt 0.712017 0.955697
vt 0.779634 0.955697
vt 0.779634 0.973233
vt 0.712017 0.973233
vt 0.712017 0.950034
vt 0.712017 0.944371
vt 0.779634 0.950034
vt 0.712017 0.926459
vt 0.712017 0.920796
vt 0.779634 0.926459
vt 0.779634 0.897597
vt 0.712017 0.903260
vt 0.712017 0.897597
vt 0.779634 0.903260
vt 0.711618 0.959159
vt 0.779235 0.946910
vt 0.779235 0.959159
vt 0.684946 0.912385
vt 0.711618 0.912385
vt 0.704219 0.919784
vt 0.711618 0.982359
vt 0.779235 0.970485
vt 0.779235 0.982358
vt 0.779235 0.900136
vt 0.779235 0.912385
vt 0.711618 0.935584
vt 0.779235 0.923711
vt 0.779235 0.935585
vt 0.779235 0.918048
vt 0.711618 0.918048
vt 0.711618 0.941247
vt 0.711618 0.946910
vt 0.779235 0.941247
vt 0.711618 0.964822
vt 0.711618 0.970485
vt 0.779235 0.964822
vt 0.711618 0.988021
vt 0.779235 0.993684
vt 0.711618 0.993684
vt 0.779235 0.988021
vt 0.685346 0.991145
vt 0.687513 0.973664
vt 0.692745 0.971497
vt 0.709850 0.973664
vt 0.712017 0.991145
vt 0.709850 0.996377
vt 0.704618 0.998544
vt 0.692745 0.998544
vt 0.687513 0.996377
vt 0.712017 0.967570
vt 0.687113 0.917617
vt 0.692345 0.919784
vt 0.684946 0.900136
vt 0.687113 0.894904
vt 0.692345 0.892737
vt 0.704219 0.892737
vt 0.711618 0.900136
vt 0.709450 0.894904
vt 0.709450 0.917617
vt 0.711618 0.923711
vt 0.948019 0.228502
vt 0.985539 0.217620
vt 0.985550 0.228514
vt 0.985746 0.143946
vt 0.948279 0.133040
vt 0.985811 0.133052
vt 0.985925 0.115756
vt 0.948469 0.104850
vt 0.986001 0.104862
vt 0.986124 0.087566
vt 0.948669 0.076660
vt 0.986200 0.076672
vt 0.986284 0.059159
vt 0.948804 0.039082
vt 0.986334 0.038849
vt 0.948644 0.024222
vt 0.985805 0.009575
vt 0.986159 0.024003
vt 0.948805 0.408606
vt 0.986292 0.393944
vt 0.986334 0.408848
vt 0.948699 0.378840
vt 0.986192 0.358787
vt 0.986230 0.379096
vt 0.948587 0.341262
vt 0.986049 0.330379
vt 0.986119 0.341273
vt 0.948405 0.313072
vt 0.985867 0.302189
vt 0.985937 0.313083
vt 0.948232 0.284882
vt 0.985706 0.273999
vt 0.985764 0.284893
vt 0.948096 0.256692
vt 0.985590 0.245810
vt 0.985628 0.256703
vt 0.768998 0.109947
vt 0.884175 0.013099
vt 0.933585 0.109997
vt 0.985613 0.172135
vt 0.948126 0.161230
vt 0.985657 0.161242
vt 0.985544 0.200325
vt 0.948031 0.189419
vt 0.985562 0.189431
vt 0.717778 0.061312
vt 0.734477 0.017107
vt 0.757271 0.035365
vt 0.948008 0.217609
vt 0.948081 0.172124
vt 0.948214 0.143934
vt 0.948393 0.115745
vt 0.948592 0.087555
vt 0.948753 0.059150
vt 0.948762 0.393702
vt 0.948661 0.358772
vt 0.948518 0.330367
vt 0.948336 0.302177
vt 0.948174 0.273988
vt 0.948058 0.245798
vt 0.772731 0.043641
vt 0.914422 0.021679
vt 0.901367 0.153609
vt 0.581573 0.040485
vt 0.447303 0.048622
vt 0.447303 0.040485
vt 0.447304 0.072704
vt 0.313035 0.048622
vt 0.589710 0.048622
vt 0.581573 0.072704
vt 0.581573 0.048622
vt 0.313035 0.040485
vt 0.304897 0.048622
vt 0.313035 0.072704
vt 0.304897 0.072704
vt 0.447304 0.080841
vt 0.581573 0.080841
vt 0.313035 0.080841
vt 0.634152 0.094807
vt 0.598550 0.087100
vt 0.634152 0.087100
vt 0.634152 0.036240
vt 0.696322 0.102514
vt 0.660721 0.173718
vt 0.660721 0.102514
vt 0.660721 0.094807
vt 0.660721 0.087100
vt 0.696322 0.094807
vt 0.634152 0.102515
vt 0.598550 0.094807
vt 0.634152 0.173718
vt 0.598550 0.173718
vt 0.598550 0.102514
vt 0.634152 0.200287
vt 0.931302 0.536102
vt 0.995310 0.472094
vt 0.995310 0.536102
vt 0.598550 0.009672
vt 0.634152 0.009672
vt 0.660721 0.036240
vt 0.696322 0.036240
vt 0.696322 0.087100
vt 0.931302 0.555304
vt 0.995310 0.555304
vt 0.931302 0.472094
vt 0.995310 0.452891
vt 0.931302 0.619313
vt 0.995310 0.619313
vt 0.912100 0.555304
vt 0.912100 0.619313
vt 0.121108 0.943285
vt 0.121108 0.994683
vt 0.964383 0.453888
vt 0.964382 0.099841
vt 0.964383 0.196399
vt 0.233535 0.087071
vt 0.724578 0.415854
vt 0.218648 0.132886
vt 0.374539 0.132886
vt 0.359652 0.178701
vt 0.272507 0.207016
vt 0.808881 0.372591
vt 0.957996 0.372591
vt 0.483986 0.019178
vt 0.959276 0.373338
vt 0.528708 0.415431
vt 0.320680 0.018909
vt 0.484606 0.018988
vt 0.533237 0.415854
vt 0.320680 0.018988
vt 0.643652 0.774385
vt 0.684588 0.774385
vt 0.602716 0.774385
vt 0.561780 0.774385
vt 0.520844 0.774385
vt 0.948294 0.008962
vt 0.903989 0.154262
vt 0.893226 0.161449
vt 0.874240 0.169307
vt 0.861547 0.171828
vt 0.840999 0.171821
vt 0.828307 0.169293
vt 0.809326 0.161424
vt 0.798568 0.154230
vt 0.784043 0.139696
vt 0.776856 0.128933
vt 0.766477 0.097252
vt 0.766482 0.076704
vt 0.769010 0.064011
vt 0.775460 0.044234
vt 0.785484 0.022603
vt 0.800364 0.013099
vt 0.818069 0.013100
vt 0.850759 0.013102
vt 0.918522 0.139737
vt 0.925716 0.128978
vt 0.936122 0.076756
vt 0.936114 0.097304
vt 0.927176 0.044276
vt 0.933601 0.064061
vt 0.902308 0.013114
vt 0.917178 0.022633
vt 0.948013 0.200313
vt 0.757271 0.048480
vt 0.746950 0.062685
vt 0.734477 0.066738
vt 0.710069 0.050702
vt 0.710069 0.033143
vt 0.717778 0.022533
vt 0.746950 0.021160
vt 0.871627 0.168672
vt 0.858935 0.171200
vt 0.838388 0.171206
vt 0.825694 0.168685
vt 0.806708 0.160828
vt 0.795946 0.153641
vt 0.781412 0.139115
vt 0.774219 0.128357
vt 0.766349 0.109375
vt 0.763820 0.096682
vt 0.763813 0.076134
vt 0.766334 0.063440
vt 0.782785 0.021708
vt 0.797627 0.012177
vt 0.814772 0.012162
vt 0.848188 0.012165
vt 0.881865 0.012163
vt 0.890608 0.160803
vt 0.923079 0.128312
vt 0.915892 0.139075
vt 0.933458 0.096632
vt 0.930936 0.109326
vt 0.930925 0.063390
vt 0.933453 0.076084
vt 0.924503 0.043600
vt 0.899570 0.012162
vt 0.589710 0.072704
vt 0.598550 0.036240
vt 0.696322 0.173718
vt 0.598550 0.200286
vt 0.931302 0.452891
vt 0.984733 0.357220
vt 0.961131 0.475824
vt 0.961131 0.357220
vt 0.616959 0.323785
vt 0.553909 0.274002
vt 0.638455 0.290060
vt 0.735649 0.249787
vt 0.703948 0.185710
vt 0.755537 0.218417
vt 0.684060 0.217080
vt 0.668548 0.356492
vt 0.690044 0.322768
vt 0.828763 0.357220
vt 0.808055 0.475824
vt 0.808055 0.357220
vt 0.704386 0.019305
vt 0.725304 0.082156
vt 0.659530 0.105997
vt 0.931778 0.357220
vt 0.911070 0.475824
vt 0.911070 0.357220
vt 0.881717 0.357220
vt 0.881717 0.475824
vt 0.858115 0.475824
vt 0.828762 0.475824
vt 0.778702 0.357220
vt 0.778702 0.475824
vt 0.858116 0.357220
vt 0.997191 0.332046
vt 0.780315 0.302446
vt 0.997191 0.302446
vt 0.780315 0.234672
vt 0.997191 0.137298
vt 0.780315 0.137298
vt 0.780315 0.069524
vt 0.996757 0.332673
vt 0.779881 0.303073
vt 0.996758 0.303073
vt 0.996758 0.167525
vt 0.779881 0.137925
vt 0.996758 0.137925
vt 0.997191 0.166898
vt 0.654309 0.137298
vt 0.749192 0.166898
vt 0.654309 0.166898
vt 0.653875 0.167525
vt 0.748758 0.137925
vt 0.748758 0.167525
vt 0.764320 0.332673
vt 0.748758 0.303073
vt 0.764320 0.303073
vt 0.749192 0.302446
vt 0.764754 0.332046
vt 0.749192 0.332046
vt 0.764754 0.302446
vt 0.780315 0.332046
vt 0.764320 0.167525
vt 0.764320 0.137925
vt 0.779881 0.167525
vt 0.780315 0.166898
vt 0.764754 0.137298
vt 0.764754 0.166898
vt 0.749192 0.137298
vt 0.779881 0.070151
vt 0.779881 0.332673
vt 0.765504 0.173480
vt 0.779881 0.235299
vt 0.779881 0.002377
vt 0.765504 0.008333
vt 0.765504 0.297118
vt 0.759549 0.282741
vt 0.759549 0.187857
vt 0.759549 0.022710
vt 0.759549 0.117593
vt 0.765504 0.131970
vt 0.780315 0.001750
vt 0.765938 0.007705
vt 0.759983 0.022082
vt 0.765938 0.131343
vt 0.759983 0.116966
vt 0.765938 0.172853
vt 0.759983 0.187230
vt 0.765938 0.296490
vt 0.759983 0.282114
vt 0.740296 0.392630
vt 0.710143 0.414319
vt 0.630014 0.416402
vt 0.578425 0.383695
vt 0.610616 0.382179
vt 0.607502 0.367837
vt 0.613886 0.357912
vt 0.628228 0.354798
vt 0.636936 0.360398
vt 0.619324 0.387780
vt 0.640050 0.374741
vt 0.633666 0.384666
vt 0.997191 0.001750
vt 0.653875 0.137925
vt 0.748758 0.332673
vt 0.996758 0.002377
vt 0.984733 0.475824
vt 0.546978 0.310493
vt 0.638612 0.085079
vt 0.638612 0.043146
vt 0.662453 0.019305
vt 0.725304 0.040223
vt 0.701463 0.105997
vt 0.931778 0.475824
vt 0.396920 0.828353
vt 0.442660 0.843709
vt 0.396920 0.843709
vt 0.396920 0.752175
vt 0.442660 0.767531
vt 0.396920 0.767531
vt 0.396920 0.726782
vt 0.442660 0.742139
vt 0.396920 0.742138
vt 0.396920 0.853746
vt 0.442660 0.869102
vt 0.396920 0.869102
vt 0.357783 0.927167
vt 0.354196 0.948810
vt 0.353965 0.924203
vt 0.314094 0.917876
vt 0.334093 0.911652
vt 0.313270 0.922945
vt 0.338830 0.909901
vt 0.354042 0.924157
vt 0.334094 0.911744
vt 0.353705 0.954167
vt 0.330732 0.959224
vt 0.354100 0.948786
vt 0.325726 0.960657
vt 0.311569 0.945697
vt 0.330739 0.959126
vt 0.307924 0.942370
vt 0.313190 0.922899
vt 0.311649 0.945655
vt 0.356001 0.904757
vt 0.334660 0.881718
vt 0.366213 0.891970
vt 0.367875 0.947889
vt 0.361330 0.978604
vt 0.352588 0.965340
vt 0.160064 0.952397
vt 0.181894 0.953211
vt 0.181940 0.982506
vt 0.311311 0.902721
vt 0.282805 0.915898
vt 0.302306 0.889058
vt 0.295565 0.944594
vt 0.297675 0.921490
vt 0.213954 0.896348
vt 0.221620 0.876991
vt 0.227493 0.896965
vt 0.383191 0.920473
vt 0.383191 0.953649
vt 0.188929 0.962894
vt 0.199520 0.971351
vt 0.238876 0.900664
vt 0.330523 0.972510
vt 0.329778 0.988856
vt 0.299289 0.975777
vt 0.309201 0.963363
vt 0.210519 0.976069
vt 0.279788 0.948937
vt 0.223663 0.976668
vt 0.216143 0.997178
vt 0.276062 0.957682
vt 0.254248 0.956508
vt 0.258880 0.944192
vt 0.367875 0.924689
vt 0.249158 0.908874
vt 0.257015 0.888491
vt 0.311312 0.902721
vt 0.333937 0.897588
vt 0.276062 0.920465
vt 0.157783 0.800077
vt 0.127310 0.826661
vt 0.127310 0.800077
vt 0.157783 0.826661
vt 0.127310 0.853245
vt 0.127310 0.879828
vt 0.157783 0.906412
vt 0.127310 0.906412
vt 0.157783 0.853245
vt 0.127310 0.959579
vt 0.157783 0.932995
vt 0.157783 0.959579
vt 0.127310 0.932995
vt 0.157783 0.720327
vt 0.127310 0.746910
vt 0.127310 0.720327
vt 0.127310 0.986163
vt 0.157783 0.746910
vt 0.127310 0.773494
vt 0.157783 0.773494
vt 0.392349 0.955643
vt 0.489927 0.961916
vt 0.392349 0.961916
vt 0.352036 0.920215
vt 0.337707 0.958613
vt 0.311618 0.927005
vt 0.392349 0.936135
vt 0.489927 0.942407
vt 0.392349 0.942407
vt 0.392349 0.916626
vt 0.489927 0.922899
vt 0.392349 0.922898
vt 0.392349 0.877609
vt 0.489927 0.883881
vt 0.392349 0.883881
vt 0.396920 0.777568
vt 0.442660 0.792924
vt 0.396920 0.792924
vt 0.488860 0.768378
vt 0.447695 0.744128
vt 0.488860 0.744128
vt 0.333755 0.912079
vt 0.354757 0.948455
vt 0.312753 0.948455
vt 0.488860 0.816880
vt 0.447695 0.792629
vt 0.488860 0.792629
vt 0.488860 0.865382
vt 0.447695 0.841131
vt 0.488860 0.841131
vt 0.447695 0.768378
vt 0.447695 0.816880
vt 0.488861 0.719877
vt 0.447695 0.719877
vt 0.396920 0.802960
vt 0.442660 0.818316
vt 0.396920 0.818316
vt 0.392349 0.975152
vt 0.489927 0.981424
vt 0.392349 0.981424
vt 0.353117 0.919356
vt 0.309403 0.926019
vt 0.312213 0.950554
vt 0.335686 0.961422
vt 0.329395 0.910035
vt 0.357783 0.944913
vt 0.442659 0.853746
vt 0.442660 0.716746
vt 0.442660 0.726782
vt 0.392349 0.994660
vt 0.392349 0.897117
vt 0.489927 0.897117
vt 0.489927 0.955643
vt 0.489927 0.903390
vt 0.489927 0.916626
vt 0.392349 0.903390
vt 0.235046 0.972970
vt 0.251538 0.985677
vt 0.163449 0.915334
vt 0.184261 0.915920
vt 0.179491 0.928606
vt 0.185325 0.885225
vt 0.191296 0.906238
vt 0.258880 0.932224
vt 0.255283 0.919157
vt 0.246362 0.965511
vt 0.202282 0.898996
vt 0.178402 0.940525
vt 0.200033 0.417325
vt 0.100760 0.406160
vt 0.200033 0.404920
vt 0.100760 0.416084
vt 0.094866 0.406160
vt 0.100643 0.400267
vt 0.199887 0.397553
vt 0.199393 0.385157
vt 0.099896 0.384466
vt 0.198953 0.377802
vt 0.100248 0.390350
vt 0.094866 0.416084
vt 0.610720 0.186725
vt 0.627684 0.250032
vt 0.564377 0.233069
vt 0.573143 0.161190
vt 0.521605 0.203915
vt 0.521647 0.162115
vt 0.425837 0.203103
vt 0.416027 0.273165
vt 0.415744 0.188816
vt 0.467257 0.301399
vt 0.520982 0.316425
vt 0.457280 0.315395
vt 0.468519 0.160713
vt 0.521631 0.148121
vt 0.574808 0.300607
vt 0.520799 0.302255
vt 0.583270 0.146995
vt 0.615594 0.202863
vt 0.625621 0.272811
vt 0.615594 0.259021
vt 0.573798 0.259021
vt 0.520622 0.260287
vt 0.467696 0.202963
vt 0.467885 0.259199
vt 0.426026 0.259339
vt 0.573798 0.202863
vt 0.688532 0.034593
vt 0.539593 0.045084
vt 0.539593 0.034593
vt 0.688532 0.108209
vt 0.539593 0.118701
vt 0.539593 0.108209
vt 0.688532 0.010054
vt 0.539593 0.020546
vt 0.539593 0.010054
vt 0.688531 0.083670
vt 0.539593 0.094162
vt 0.539593 0.083670
vt 0.688532 0.059131
vt 0.539593 0.069623
vt 0.539593 0.059131
vt 0.688532 0.045084
vt 0.688532 0.069623
vt 0.688532 0.094162
vt 0.539593 0.132748
vt 0.688532 0.118701
vt 0.688532 0.132748
vt 0.688532 0.020546
vt 0.458500 0.146404
vt 0.584985 0.314418
vt 0.625621 0.188555
vt 0.868433 0.032759
vt 0.841675 0.078905
vt 0.841327 0.032964
vt 0.894515 0.032750
vt 0.868945 0.078731
vt 0.862554 0.423086
vt 0.904203 0.390277
vt 0.904339 0.422911
vt 0.894504 0.006665
vt 0.861118 0.006680
vt 0.987189 0.032699
vt 0.987174 0.006611
vt 0.987217 0.078616
vt 0.902909 0.104757
vt 0.895066 0.078673
vt 0.862346 0.373255
vt 0.833911 0.354661
vt 0.863420 0.363144
vt 0.937697 0.378333
vt 0.904152 0.378161
vt 0.904131 0.373080
vt 0.869980 0.325312
vt 0.842747 0.325428
vt 0.922331 0.078559
vt 0.896096 0.325202
vt 0.845834 0.337975
vt 0.936463 0.387179
vt 0.862367 0.378336
vt 0.986393 0.104705
vt 0.830531 0.396243
vt 0.862418 0.390451
vt 0.936136 0.395802
vt 0.902972 0.362979
vt 0.932409 0.354249
vt 0.920347 0.337664
vt 0.830133 0.387623
vt 0.828825 0.378788
vt 0.835935 0.900096
vt 0.851803 0.934003
vt 0.835935 0.934003
vt 0.835935 0.832284
vt 0.851803 0.900096
vt 0.835935 0.730565
vt 0.851803 0.764471
vt 0.835935 0.764471
vt 0.802028 0.900096
vt 0.851803 0.832284
vt 0.885709 0.764471
vt 0.967356 0.253568
vt 0.990412 0.153185
vt 0.990412 0.253568
vt 0.847421 0.827902
vt 0.847421 0.768853
vt 0.840316 0.768853
vt 0.840316 0.827902
vt 0.955278 0.153185
vt 0.932222 0.253568
vt 0.932222 0.153185
vt 0.967356 0.153185
vt 0.955278 0.130129
vt 0.967356 0.130129
vt 0.955278 0.253568
vt 0.967356 0.276625
vt 0.955278 0.276625
vt 0.711370 0.966832
vt 0.680356 0.913259
vt 0.711370 0.913259
vt 0.582015 0.913259
vt 0.613029 0.913259
vt 0.532845 0.913259
vt 0.563858 0.913259
vt 0.608893 0.496238
vt 0.625841 0.499721
vt 0.619108 0.506454
vt 0.514688 0.913259
vt 0.662199 0.913259
vt 0.631186 0.913259
vt 0.625841 0.450449
vt 0.664898 0.460664
vt 0.654682 0.499721
vt 0.674419 0.489506
vt 0.674419 0.460664
vt 0.606104 0.460664
vt 0.615625 0.489506
vt 0.606104 0.489506
vt 0.661415 0.506454
vt 0.664898 0.489506
vt 0.671630 0.496238
vt 0.619109 0.443717
vt 0.615625 0.460664
vt 0.608893 0.453932
vt 0.654682 0.440928
vt 0.625841 0.440928
vt 0.625841 0.509242
vt 0.654682 0.509242
vt 0.671630 0.453932
vt 0.654682 0.450449
vt 0.661415 0.443717
vt 0.123374 0.554135
vt 0.138090 0.534367
vt 0.128508 0.557555
vt 0.107348 0.570198
vt 0.110801 0.575329
vt 0.086391 0.578927
vt 0.087620 0.584992
vt 0.063692 0.578969
vt 0.062504 0.585043
vt 0.026661 0.554280
vt 0.011920 0.534526
vt 0.017987 0.533314
vt 0.039290 0.575467
vt 0.042714 0.570314
vt 0.011948 0.509416
vt 0.018021 0.510607
vt 0.021523 0.557726
vt 0.155963 0.254439
vt 0.208798 0.224453
vt 0.208798 0.254439
vt 0.155963 0.284424
vt 0.208798 0.284424
vt 0.208798 0.314409
vt 0.208798 0.344395
vt 0.155963 0.314409
vt 0.208798 0.374380
vt 0.155963 0.344395
vt 0.155963 0.404366
vt 0.208798 0.404365
vt 0.208797 0.434351
vt 0.208798 0.464336
vt 0.155963 0.434351
vt 0.208798 0.494321
vt 0.155963 0.464336
vt 0.208798 0.044542
vt 0.155964 0.014556
vt 0.208798 0.014557
vt 0.155964 0.074527
vt 0.208798 0.074527
vt 0.208798 0.104512
vt 0.208798 0.134498
vt 0.155963 0.104512
vt 0.155963 0.164483
vt 0.208798 0.164483
vt 0.155963 0.194468
vt 0.208798 0.194468
vt 0.155963 0.224454
vt 0.021458 0.486175
vt 0.026626 0.489589
vt 0.042641 0.473479
vt 0.039176 0.468320
vt 0.062408 0.458662
vt 0.063615 0.464739
vt 0.086313 0.464721
vt 0.087528 0.458652
vt 0.107281 0.473405
vt 0.110729 0.468265
vt 0.123330 0.489462
vt 0.128484 0.486032
vt 0.132017 0.510445
vt 0.138090 0.509247
vt 0.132023 0.533156
vt 0.069332 0.787158
vt 0.096752 0.958924
vt 0.069332 0.958924
vt 0.095074 0.784054
vt 0.067654 0.955821
vt 0.067654 0.784055
vt 0.045291 0.787158
vt 0.008491 0.958924
vt 0.008491 0.787158
vt 0.044847 0.784209
vt 0.008047 0.955975
vt 0.008047 0.784209
vt 0.090959 0.982868
vt 0.120349 0.955975
vt 0.113170 0.992068
vt 0.095074 0.955820
vt 0.111936 0.991913
vt 0.089725 0.982714
vt 0.090525 0.987198
vt 0.119915 0.960305
vt 0.112735 0.996398
vt 0.113614 0.995017
vt 0.091403 0.985817
vt 0.119115 0.784054
vt 0.096752 0.787158
vt 0.120793 0.958924
vt 0.043613 0.784055
vt 0.043613 0.955821
vt 0.007613 0.788539
vt 0.044413 0.960305
vt 0.007613 0.960305
vt 0.045291 0.958924
vt 0.068888 0.784209
vt 0.096308 0.955975
vt 0.068888 0.955975
vt 0.095874 0.788539
vt 0.068454 0.960305
vt 0.068454 0.788540
vt 0.044848 0.955975
vt 0.119914 0.788540
vt 0.095874 0.960305
vt 0.006813 0.784055
vt 0.006813 0.955820
vt 0.120349 0.784210
vt 0.096308 0.784210
vt 0.044413 0.788540
vt 0.155963 0.374380
vt 0.155963 0.494321
vt 0.155964 0.044542
vt 0.155963 0.134498
vt 0.119115 0.955820
vt 0.120793 0.787158
vt 0.442660 0.828353
vt 0.442660 0.752175
vt 0.354100 0.948784
vt 0.157783 0.879828
vt 0.157783 0.986163
vt 0.315538 0.920215
vt 0.329867 0.911942
vt 0.337707 0.911943
vt 0.355956 0.927005
vt 0.355956 0.943550
vt 0.352036 0.950341
vt 0.329867 0.958613
vt 0.315538 0.950341
vt 0.311618 0.943550
vt 0.489927 0.936135
vt 0.489927 0.877609
vt 0.442660 0.777568
vt 0.312753 0.924205
vt 0.354757 0.924205
vt 0.333755 0.960581
vt 0.447695 0.865382
vt 0.442660 0.802960
vt 0.489927 0.975152
vt 0.396920 0.716746
vt 0.489927 0.994660
vt 0.564377 0.213482
vt 0.574170 0.196519
vt 0.591133 0.186725
vt 0.627684 0.196518
vt 0.637477 0.213481
vt 0.637477 0.233069
vt 0.610721 0.259825
vt 0.591134 0.259825
vt 0.574170 0.250032
vt 0.923361 0.325089
vt 0.851803 0.730565
vt 0.802028 0.764471
vt 0.885709 0.900096
vt 0.223514 0.259927
vt 0.249137 0.321423
vt 0.223514 0.321423
vt 0.707610 0.535890
vt 0.779524 0.496134
vt 0.797502 0.535890
vt 0.454123 0.321423
vt 0.479746 0.259927
vt 0.479746 0.321423
vt 0.351630 0.321423
vt 0.454123 0.347046
vt 0.249137 0.234304
vt 0.454123 0.259927
vt 0.351630 0.259927
vt 0.351630 0.278258
vt 0.393711 0.303092
vt 0.351630 0.303092
vt 0.267468 0.303092
vt 0.249137 0.259927
vt 0.267468 0.278258
vt 0.309549 0.303092
vt 0.393711 0.278258
vt 0.435792 0.278258
vt 0.435792 0.303092
vt 0.309549 0.278258
vt 0.725589 0.464304
vt 0.725589 0.496134
vt 0.797502 0.424548
vt 0.707610 0.424548
vt 0.781373 0.495759
vt 0.727437 0.463930
vt 0.781373 0.463930
vt 0.823696 0.453320
vt 0.799351 0.424173
vt 0.709459 0.424173
vt 0.709459 0.535515
vt 0.799351 0.535515
vt 0.683265 0.506743
vt 0.821847 0.506743
vt 0.779524 0.464304
vt 0.821847 0.453695
vt 0.685114 0.453320
vt 0.727437 0.495759
vt 0.685114 0.506368
vt 0.315299 0.269840
vt 0.402449 0.218575
vt 0.402449 0.269840
vt 0.315299 0.218575
vt 0.402449 0.167310
vt 0.315299 0.167310
vt 0.402448 0.116046
vt 0.315299 0.116046
vt 0.402448 0.064781
vt 0.466641 0.019616
vt 0.511038 0.096513
vt 0.422245 0.096513
vt 0.315299 0.064781
vt 0.402448 0.013516
vt 0.315299 0.321104
vt 0.402449 0.321104
vt 0.422245 0.045248
vt 0.511038 0.045248
vt 0.466641 0.122145
vt 0.315299 0.013516
vt 0.182229 0.989027
vt 0.192835 0.828601
vt 0.192835 0.989027
vt 0.256549 0.989027
vt 0.267154 0.828601
vt 0.267155 0.989027
vt 0.275861 0.989027
vt 0.322162 0.828601
vt 0.322162 0.989027
vt 0.328318 0.811839
vt 0.269704 0.822445
vt 0.201541 0.989027
vt 0.247842 0.828601
vt 0.247843 0.989027
vt 0.271508 0.996567
vt 0.173523 0.989027
vt 0.177877 0.996567
vt 0.197188 0.996567
vt 0.252196 0.996567
vt 0.243490 0.996567
vt 0.275861 0.828601
vt 0.173523 0.828601
vt 0.201541 0.828601
vt 0.771602 0.765619
vt 0.789014 0.562724
vt 0.789014 0.765620
vt 0.752691 0.562724
vt 0.762300 0.765620
vt 0.752691 0.765620
vt 0.725465 0.562724
vt 0.742878 0.765620
vt 0.725465 0.765620
vt 0.015916 0.060143
vt 0.025049 0.027927
vt 0.047165 0.038258
vt 0.706554 0.562724
vt 0.716164 0.765619
vt 0.706554 0.765620
vt 0.798827 0.765619
vt 0.716164 0.562724
vt 0.742878 0.562724
vt 0.762300 0.562724
vt 0.771601 0.562724
vt 0.472590 0.536835
vt 0.561354 0.530184
vt 0.561354 0.536835
vt 0.472590 0.623951
vt 0.561354 0.617300
vt 0.561354 0.623951
vt 0.472590 0.606528
vt 0.561354 0.599877
vt 0.561354 0.606528
vt 0.472590 0.589105
vt 0.561354 0.582454
vt 0.561354 0.589105
vt 0.472590 0.571681
vt 0.561354 0.565030
vt 0.561354 0.571681
vt 0.472590 0.554258
vt 0.561354 0.547607
vt 0.561354 0.554258
vt 0.472590 0.641374
vt 0.561354 0.634724
vt 0.561354 0.641374
vt 0.929062 0.632286
vt 0.986275 0.646491
vt 0.972070 0.703704
vt 0.472590 0.658798
vt 0.561354 0.652147
vt 0.561354 0.658798
vt 0.472590 0.669570
vt 0.561354 0.669570
vt 0.472590 0.652147
vt 0.472590 0.634724
vt 0.472590 0.617300
vt 0.472590 0.599877
vt 0.472590 0.582454
vt 0.472590 0.565030
vt 0.472590 0.547607
vt 0.249137 0.347046
vt 0.454123 0.234304
vt 0.823696 0.506368
vt 0.683265 0.453695
vt 0.182229 0.828601
vt 0.256549 0.828601
vt 0.269704 0.811839
vt 0.275861 0.805683
vt 0.322162 0.805683
vt 0.328318 0.822445
vt 0.205894 0.996567
vt 0.047165 0.061817
vt 0.038033 0.070473
vt 0.025050 0.069778
vt 0.015916 0.036584
vt 0.038032 0.028623
vt 0.798827 0.562724
vt 0.472590 0.530184
vt 0.960611 0.708450
vt 0.940521 0.708450
vt 0.929062 0.703704
vt 0.914857 0.689499
vt 0.910111 0.678039
vt 0.910111 0.657950
vt 0.914857 0.646491
vt 0.940521 0.627539
vt 0.960611 0.627539
vt 0.972070 0.632286
vt 0.991022 0.657950
vt 0.991022 0.678039
vt 0.986275 0.689499
vt 0.247664 0.864747
vt 0.273802 0.817802
vt 0.273802 0.864747
vt 0.373539 0.905738
vt 0.277338 0.892540
vt 0.300198 0.879342
vt 0.272497 0.776353
vt 0.246358 0.693038
vt 0.272497 0.693038
vt 0.247664 0.905738
vt 0.147927 0.905738
vt 0.221267 0.879342
vt 0.273802 0.989052
vt 0.247664 0.989052
vt 0.285695 0.882420
vt 0.368697 0.892082
vt 0.372234 0.988595
vt 0.246358 0.905280
vt 0.272497 0.988595
vt 0.246358 0.988595
vt 0.246358 0.864289
vt 0.272497 0.817344
vt 0.272497 0.864289
vt 0.173017 0.878884
vt 0.146621 0.988595
vt 0.246358 0.877953
vt 0.272497 0.891616
vt 0.246358 0.891616
vt 0.272497 0.905280
vt 0.247664 0.817802
vt 0.273802 0.804138
vt 0.247664 0.804138
vt 0.273802 0.790475
vt 0.247663 0.790475
vt 0.273802 0.776811
vt 0.247664 0.878410
vt 0.273802 0.878410
vt 0.247664 0.892074
vt 0.273802 0.892074
vt 0.246358 0.817344
vt 0.272497 0.803680
vt 0.246358 0.803680
vt 0.272497 0.790017
vt 0.246358 0.790017
vt 0.247663 0.693496
vt 0.273802 0.693496
vt 0.288910 0.539023
vt 0.369697 0.514787
vt 0.369697 0.539023
vt 0.288910 0.676361
vt 0.264674 0.539023
vt 0.369697 0.676361
vt 0.288910 0.700597
vt 0.393933 0.676361
vt 0.199014 0.867087
vt 0.231329 0.806766
vt 0.231329 0.867087
vt 0.183886 0.539023
vt 0.252556 0.551141
vt 0.196005 0.551141
vt 0.264674 0.676361
vt 0.252556 0.664243
vt 0.196005 0.664243
vt 0.183886 0.676361
vt 0.199014 0.806766
vt 0.138693 0.776605
vt 0.199014 0.776605
vt 0.199014 0.716285
vt 0.231329 0.686124
vt 0.231329 0.716285
vt 0.231329 0.776605
vt 0.147927 0.989052
vt 0.151463 0.892540
vt 0.161125 0.882878
vt 0.174323 0.879342
vt 0.234465 0.882878
vt 0.244127 0.892540
vt 0.247663 0.776811
vt 0.369697 0.700597
vt 0.520802 0.837074
vt 0.591752 0.825568
vt 0.591752 0.837074
vt 0.520802 0.966877
vt 0.591752 0.955370
vt 0.591752 0.966877
vt 0.520802 0.940916
vt 0.591752 0.929410
vt 0.591752 0.940916
vt 0.520802 0.914956
vt 0.591752 0.903449
vt 0.591752 0.914956
vt 0.520802 0.888995
vt 0.591752 0.877489
vt 0.591752 0.888995
vt 0.520802 0.863035
vt 0.591752 0.851528
vt 0.591752 0.863035
vt 0.520802 0.992837
vt 0.591752 0.981331
vt 0.591752 0.992837
vt 0.520802 0.811114
vt 0.591752 0.799607
vt 0.591752 0.811114
vt 0.611820 0.681751
vt 0.591571 0.690139
vt 0.584494 0.662596
vt 0.612132 0.634957
vt 0.631288 0.662284
vt 0.606807 0.647812
vt 0.612132 0.621581
vt 0.606807 0.608726
vt 0.631288 0.594254
vt 0.520802 0.825568
vt 0.591752 0.785153
vt 0.520802 0.799607
vt 0.520802 0.785153
vt 0.520802 0.981331
vt 0.520802 0.955370
vt 0.520802 0.929410
vt 0.520802 0.903449
vt 0.520802 0.877489
vt 0.520802 0.851528
vt 0.611820 0.574787
vt 0.597349 0.599267
vt 0.584494 0.593942
vt 0.639675 0.614503
vt 0.524323 0.662284
vt 0.543479 0.634957
vt 0.548804 0.647812
vt 0.543479 0.621581
vt 0.515936 0.614503
vt 0.639675 0.642035
vt 0.543791 0.574787
vt 0.564040 0.566399
vt 0.571117 0.593942
vt 0.543791 0.681751
vt 0.558262 0.657271
vt 0.571117 0.662596
vt 0.597349 0.657271
vt 0.591571 0.566399
vt 0.564040 0.690139
vt 0.558262 0.599267
vt 0.548804 0.608726
vt 0.524323 0.594254
vt 0.515936 0.642035
vt 0.796681 0.310266
vt 0.824878 0.362752
vt 0.796681 0.362752
vt 0.995218 0.379673
vt 0.964763 0.348182
vt 0.966857 0.337654
vt 0.824878 0.196739
vt 0.796681 0.144252
vt 0.824878 0.144252
vt 0.796681 0.196739
vt 0.824878 0.216152
vt 0.796681 0.216152
vt 0.796681 0.241244
vt 0.824878 0.253790
vt 0.796681 0.253790
vt 0.824878 0.266336
vt 0.796681 0.266336
vt 0.824878 0.278882
vt 0.796681 0.278882
vt 0.824878 0.291428
vt 0.796681 0.291428
vt 0.796681 0.228698
vt 0.824878 0.228698
vt 0.824878 0.241244
vt 0.994173 0.378343
vt 0.963718 0.347345
vt 0.965812 0.336817
vt 0.824878 0.310265
vt 0.938621 0.324429
vt 0.887703 0.271026
vt 0.938621 0.271026
vt 0.938724 0.201870
vt 0.887806 0.175912
vt 0.938724 0.175913
vt 0.887703 0.245068
vt 0.938621 0.245068
vt 0.937785 0.269082
vt 0.886867 0.322485
vt 0.886868 0.269082
vt 0.861888 0.316488
vt 0.887347 0.268149
vt 0.887347 0.321553
vt 0.862347 0.276167
vt 0.887806 0.324506
vt 0.862347 0.319442
vt 0.861408 0.274146
vt 0.861408 0.317421
vt 0.862244 0.276090
vt 0.887703 0.324429
vt 0.862244 0.319364
vt 0.938621 0.201793
vt 0.887703 0.175835
vt 0.938621 0.175835
vt 0.938265 0.242192
vt 0.887347 0.198917
vt 0.938265 0.198917
vt 0.937785 0.199849
vt 0.886868 0.243124
vt 0.886867 0.199849
vt 0.938265 0.172959
vt 0.887347 0.172959
vt 0.937785 0.243124
vt 0.887347 0.242192
vt 0.886867 0.173891
vt 0.937785 0.173891
vt 0.887806 0.245145
vt 0.887806 0.201870
vt 0.938265 0.268149
vt 0.887703 0.201793
vt 0.938724 0.324506
vt 0.887806 0.271103
vt 0.938724 0.271103
vt 0.938724 0.245145
vt 0.901023 0.438538
vt 0.951318 0.486863
vt 0.850729 0.438538
vt 0.742233 0.325376
vt 0.685726 0.223914
vt 0.752503 0.256767
vt 0.682785 0.240865
vt 0.768386 0.162380
vt 0.751905 0.234954
vt 0.951318 0.531686
vt 0.850729 0.575686
vt 0.850729 0.531686
vt 0.850729 0.603182
vt 0.951317 0.575686
vt 0.951318 0.603182
vt 0.850729 0.486863
vt 0.741263 0.327008
vt 0.704299 0.299921
vt 0.735256 0.165719
vt 0.800384 0.199424
vt 0.347143 0.879342
vt 0.360341 0.882878
vt 0.370002 0.892540
vt 0.373539 0.989052
vt 0.273802 0.905738
vt 0.287000 0.882878
vt 0.246358 0.776353
vt 0.276033 0.892082
vt 0.298893 0.878884
vt 0.345838 0.878884
vt 0.359036 0.882420
vt 0.372234 0.905280
vt 0.146621 0.905280
vt 0.150158 0.892082
vt 0.159819 0.882420
vt 0.219962 0.878884
vt 0.233160 0.882420
vt 0.242822 0.892082
vt 0.272497 0.877953
vt 0.288910 0.514787
vt 0.393933 0.539023
vt 0.138693 0.806766
vt 0.199014 0.686124
vt 0.958800 0.318202
vt 0.949875 0.312239
vt 0.950313 0.296128
vt 0.995218 0.296128
vt 0.950313 0.379673
vt 0.949875 0.363070
vt 0.958800 0.357107
vt 0.964763 0.327127
vt 0.957755 0.317365
vt 0.948830 0.311401
vt 0.949267 0.294798
vt 0.994173 0.294798
vt 0.949267 0.378343
vt 0.948830 0.362233
vt 0.957755 0.356269
vt 0.963718 0.326290
vt 0.937785 0.322485
vt 0.861888 0.273214
vt 0.938265 0.321553
vt 0.951318 0.438538
vt 0.875876 0.438538
vt 0.804666 0.318135
vt 0.774170 0.327965
vt 0.713717 0.310762
vt 0.692966 0.286348
vt 0.683136 0.255851
vt 0.700339 0.195399
vt 0.687668 0.272533
vt 0.690391 0.209740
vt 0.709331 0.183894
vt 0.736719 0.167264
vt 0.799512 0.169987
vt 0.803794 0.288698
s 1
g off
g RoverModificado_SpacialRoverExploreralumWhite
usemtl SpacialRoverExploreralumWhite
f 105/1/1 115/2/2 118/3/1
f 109/4/3 117/5/4 120/6/3
f 122/7/5 110/8/6 119/9/6
f 103/10/7 113/11/8 116/12/7
s 2
f 204/13/9 230/14/10 211/15/10
f 203/16/11 231/17/12 222/18/11
f 217/19/13 239/20/14 238/21/13
s 1
f 99/22/15 121/23/16 112/24/15
f 101/25/17 111/26/18 114/27/17
s 3
f 9/28/19 7/29/20 34/30/21
s 2
f 240/31/22 216/32/23 233/33/23
f 220/34/24 226/35/25 201/36/25
f 206/37/26 234/38/27 215/39/27
f 212/40/28 224/41/29 205/42/29
f 218/43/30 228/44/31 209/45/31
f 210/46/32 236/47/33 219/48/33
s 4
f 6/49/34 3/50/35 35/51/35
f 2/52/36 37/53/37 38/54/38
s 5
f 8/55/39 42/56/40 36/57/40
s 3
f 7/29/20 1/58/41 44/59/42
s 6
f 1/60/43 47/61/44 46/62/45
s 7
f 4/63/46 48/64/46 50/65/46
s 6
f 5/66/47 40/67/48 52/68/49
s 5
f 4/63/50 53/69/51 41/70/52
s 7
f 10/71/53 33/72/54 54/73/54
s 8
f 129/74/55 139/75/56 142/76/55
f 133/77/57 141/78/58 144/79/57
f 146/80/59 134/81/60 143/82/60
f 127/83/61 137/84/62 140/85/61
f 123/86/63 145/87/64 136/88/63
f 125/89/65 135/90/66 138/91/65
s 1
f 112/24/15 100/92/18 99/22/15
f 116/12/7 104/93/2 103/10/7
f 122/7/5 108/94/16 107/95/5
f 114/27/17 102/96/8 101/25/17
f 118/3/1 106/97/4 105/1/1
f 109/4/3 119/98/6 110/99/6
s 8
f 136/100/63 124/101/66 123/102/63
f 140/85/61 128/103/56 127/83/61
f 146/80/59 132/104/64 131/105/59
f 138/91/65 126/106/62 125/89/65
f 142/76/55 130/107/58 129/74/55
f 144/79/57 134/81/60 133/77/57
s 9
f 107/108/67 158/109/67 155/110/67
f 104/111/67 151/112/67 103/113/67
s 10
f 185/114/34 129/115/34 188/116/34
f 123/117/34 124/118/34 181/119/34
f 129/115/34 185/114/34 128/120/34
f 128/120/34 185/114/34 127/121/34
s 2
f 224/41/29 206/122/26 205/42/29
f 226/35/25 202/123/68 201/36/25
f 228/44/31 210/46/32 209/45/31
f 238/21/13 218/43/30 217/19/13
f 234/38/27 216/32/23 215/39/27
f 236/47/33 220/34/24 219/48/33
f 222/18/11 204/13/9 203/16/11
f 230/14/10 212/40/28 211/15/10
f 207/124/22 239/20/14 208/125/14
f 232/126/69 214/127/12 213/128/69
f 202/123/68 232/126/69 213/128/69
s 9
f 108/129/67 99/130/67 148/131/67
f 151/112/67 104/111/67 154/132/67
f 106/133/67 153/134/67 105/135/67
f 101/136/67 102/137/67 149/138/67
f 149/138/67 102/137/67 152/139/67
f 102/137/67 103/113/67 152/139/67
f 104/111/67 105/135/67 154/132/67
f 101/136/67 149/138/67 150/140/67
f 156/141/67 153/134/67 106/133/67
f 101/136/67 150/140/67 147/142/67
f 156/141/67 106/133/67 109/143/67
f 100/144/67 101/136/67 147/142/67
f 99/130/67 100/144/67 147/142/67
f 156/141/67 109/143/67 110/145/67
f 99/130/67 147/142/67 148/131/67
f 155/110/67 156/141/67 110/145/67
f 157/146/67 108/129/67 148/131/67
f 110/145/67 107/108/67 155/110/67
f 158/109/67 108/129/67 157/146/67
f 153/134/67 154/132/67 105/135/67
s 10
f 188/116/34 129/115/34 130/147/34
s 9
f 108/129/67 158/109/67 107/108/67
f 103/113/67 151/112/67 152/139/67
s 10
f 125/148/34 126/149/34 183/150/34
f 183/150/34 126/149/34 186/151/34
f 126/149/34 127/121/34 186/151/34
f 187/152/34 188/116/34 130/147/34
f 125/148/34 183/150/34 184/153/34
f 187/152/34 130/147/34 133/154/34
f 124/118/34 125/148/34 184/153/34
f 190/155/34 187/152/34 133/154/34
f 124/118/34 184/153/34 181/119/34
f 182/156/34 123/117/34 181/119/34
f 189/157/34 190/155/34 133/154/34
f 189/157/34 133/154/34 134/158/34
f 123/117/34 182/156/34 191/159/34
f 192/160/34 189/157/34 134/158/34
f 192/160/34 132/161/34 191/159/34
f 132/161/34 123/117/34 191/159/34
f 192/160/34 134/158/34 131/162/34
f 132/161/34 192/160/34 131/162/34
f 127/121/34 185/114/34 186/151/34
s 2
f 204/13/9 221/163/9 230/14/10
f 203/16/11 214/127/12 231/17/12
f 217/19/13 208/125/14 239/20/14
f 240/31/22 207/124/22 216/32/23
f 220/34/24 235/164/24 226/35/25
f 206/37/26 223/165/26 234/38/27
f 212/40/28 229/166/28 224/41/29
f 218/43/30 237/167/30 228/44/31
f 210/46/32 227/168/32 236/47/33
f 224/41/29 223/169/26 206/122/26
f 226/35/25 225/170/68 202/123/68
f 228/44/31 227/168/32 210/46/32
f 238/21/13 237/167/30 218/43/30
f 234/38/27 233/33/23 216/32/23
f 236/47/33 235/164/24 220/34/24
f 222/18/11 221/163/9 204/13/9
f 230/14/10 229/166/28 212/40/28
f 207/124/22 240/31/22 239/20/14
f 232/126/69 231/17/12 214/127/12
f 202/123/68 225/170/68 232/126/69
s 11
f 255/171/70 273/172/70 241/173/70
f 248/174/70 283/175/70 250/176/70
f 242/177/70 273/172/70 276/178/70
f 243/179/70 288/180/70 274/181/70
f 251/182/70 282/183/70 284/184/70
f 244/185/70 274/181/70 277/186/70
f 252/187/70 285/188/70 253/189/70
f 245/190/70 276/178/70 278/191/70
f 250/176/70 275/192/70 252/187/70
f 246/193/70 277/186/70 279/194/70
f 254/195/70 284/184/70 286/196/70
f 245/190/70 280/197/70 247/198/70
f 253/189/70 287/199/70 255/171/70
f 246/193/70 281/200/70 248/174/70
f 256/201/70 286/196/70 288/180/70
f 249/202/70 280/197/70 282/183/70
s 12
f 273/203/71 293/204/72 276/205/72
s 13
f 263/206/73 326/207/74 325/208/75
s 12
f 274/209/76 301/210/67 277/211/67
f 276/205/72 294/212/77 278/213/77
f 277/211/67 302/214/78 279/215/78
f 278/213/77 295/216/79 280/217/79
f 281/218/80 302/214/78 303/219/80
f 280/217/79 296/220/81 282/221/81
f 281/218/80 304/222/82 283/223/82
f 282/221/81 297/224/83 284/225/83
f 275/226/34 289/227/84 285/228/84
f 283/223/82 290/229/34 275/226/34
f 286/230/85 297/224/83 298/231/85
f 287/232/86 289/227/84 291/233/86
f 286/230/85 299/234/87 288/235/87
f 273/203/71 291/236/86 292/237/71
f 288/235/87 300/238/76 274/209/76
s 14
f 258/239/70 289/240/70 290/241/70
f 257/242/70 291/243/70 289/240/70
f 259/244/70 292/245/70 291/243/70
f 260/246/70 293/247/70 292/245/70
f 261/248/70 294/249/70 293/247/70
f 262/250/70 295/251/70 294/249/70
f 263/252/70 296/253/70 295/251/70
f 265/254/70 296/253/70 264/255/70
f 266/256/70 297/257/70 265/254/70
f 267/258/70 298/259/70 266/256/70
f 268/260/70 299/261/70 267/258/70
f 269/262/70 300/263/70 268/260/70
f 270/264/70 301/265/70 269/262/70
f 271/266/70 302/267/70 270/264/70
f 272/268/70 303/269/70 271/266/70
f 272/268/70 290/241/70 304/270/70
s 15
f 271/271/88 330/272/89 329/273/90
s 13
f 265/274/91 333/275/92 334/276/93
f 257/277/94 258/278/95 337/279/96
s 15
f 258/278/97 332/280/98 340/281/99
f 265/274/100 341/282/101 342/283/102
s 13
f 259/284/103 339/285/104 344/286/105
s 15
f 267/287/106 346/288/107 348/289/108
s 13
f 259/290/103 349/291/109 350/292/110
s 15
f 268/293/111 348/289/108 351/294/112
s 13
f 260/295/113 353/296/114 354/297/115
s 15
f 269/298/116 352/299/117 355/300/118
s 13
f 261/301/119 357/302/120 358/303/121
s 15
f 270/304/122 356/305/123 359/306/124
s 13
f 262/307/125 361/308/126 327/309/127
s 15
f 271/271/88 360/310/128 362/311/129
s 16
f 313/312/130 324/313/130 314/314/130
s 17
f 386/315/34 324/316/34 322/317/34
s 18
f 310/318/131 321/319/131 311/320/131
s 19
f 307/321/67 387/322/67 308/323/67
s 20
f 314/324/132 316/325/132 306/326/132
s 21
f 312/327/133 321/319/133 322/328/133
s 22
f 309/329/134 387/322/134 319/330/134
s 23
f 305/331/135 316/325/135 315/332/135
s 24
f 313/312/72 322/328/72 323/333/72
s 25
f 309/329/136 320/334/136 310/318/136
s 26
f 305/331/137 388/335/137 307/321/137
s 27
f 382/336/132 364/337/132 363/338/132
s 28
f 379/339/130 382/340/130 380/341/130
s 29
f 377/342/72 380/341/72 378/343/72
s 30
f 375/344/133 378/343/133 376/345/133
s 31
f 373/346/131 376/345/131 374/347/131
s 32
f 371/348/136 374/347/136 372/349/136
s 33
f 369/350/134 372/349/134 370/351/134
s 34
f 367/352/67 370/351/67 368/353/67
s 35
f 365/354/137 368/353/137 366/355/137
s 36
f 364/337/135 366/355/135 363/338/135
s 22
f 319/330/134 387/322/134 386/356/134
s 37
f 388/335/137 315/332/137 385/357/137
s 38
f 317/358/67 386/356/67 318/359/67
f 318/359/67 387/322/67 384/360/67
f 383/361/67 385/357/67 317/358/67
f 384/360/67 388/335/67 383/361/67
s 39
f 409/362/138 394/363/139 405/364/139
s 40
f 414/365/140 410/366/140 406/367/140
s 41
f 402/368/141 408/369/142 415/370/141
s 42
f 396/371/70 404/372/70 400/373/70
s 43
f 399/374/143 414/375/144 412/376/143
s 44
f 400/373/145 413/377/146 411/378/145
s 43
f 401/379/147 412/376/143 413/380/147
s 41
f 415/370/141 404/381/148 402/368/141
s 43
f 416/382/149 403/383/144 404/381/149
s 44
f 406/367/150 395/384/151 393/385/150
s 39
f 407/386/152 394/363/139 395/387/152
s 41
f 408/369/142 398/388/153 410/389/153
s 39
f 398/388/154 409/362/138 410/389/154
s 44
f 411/378/145 393/385/150 400/373/145
s 45
f 484/390/83 430/391/155 429/392/83
f 483/393/155 431/394/156 430/391/155
f 485/395/156 432/396/67 431/394/156
f 486/397/67 433/398/157 432/396/67
f 487/399/157 434/400/158 433/398/157
f 488/401/158 435/402/34 434/400/158
f 435/402/34 490/403/159 436/404/159
f 436/404/159 491/405/160 437/406/160
f 491/405/160 438/407/72 437/406/160
f 438/407/72 493/408/161 439/409/161
s 46
f 427/410/157 506/411/158 428/412/158
s 45
f 493/413/161 440/414/162 439/415/161
f 494/416/162 429/392/83 440/414/162
s 47
f 465/417/83 472/418/83 471/419/83
s 48
f 466/420/140 473/421/140 472/418/140
s 49
f 468/422/70 471/419/70 474/423/70
s 50
f 466/420/72 468/424/72 470/425/72
s 51
f 469/426/163 471/419/163 472/418/163
s 48
f 469/427/140 472/418/140 473/421/140
s 49
f 471/419/70 467/428/70 474/423/70
s 52
f 418/429/140 484/430/140 417/431/140
f 418/429/140 485/432/140 483/433/140
f 420/434/140 485/432/140 419/435/140
f 420/434/140 487/436/140 486/437/140
f 422/438/140 487/436/140 421/439/140
f 423/440/140 488/441/140 422/438/140
f 423/440/140 490/442/140 489/443/140
f 425/444/140 490/442/140 424/445/140
f 426/446/140 491/447/140 425/444/140
f 426/446/140 493/448/140 492/449/140
f 427/450/140 494/451/140 493/448/140
f 417/431/140 494/451/140 428/452/140
s 46
f 417/453/34 495/454/159 418/455/159
f 424/456/155 503/457/156 425/458/156
f 421/459/161 500/460/162 422/461/162
f 428/412/158 496/462/34 417/453/34
f 418/455/159 497/463/160 419/464/160
f 425/458/156 504/465/67 426/466/67
f 422/461/162 501/467/83 423/468/83
f 419/464/160 498/469/72 420/470/72
f 426/466/67 505/471/157 427/472/157
f 423/468/83 502/473/155 424/456/155
f 420/470/72 499/474/161 421/459/161
s 53
f 589/475/140 580/476/140 579/477/140
s 54
f 590/478/72 611/479/72 580/476/72
s 55
f 555/480/140 556/481/140 553/482/140
s 56
f 553/482/67 602/483/67 555/480/67
s 57
f 558/484/72 604/485/72 556/481/72
s 58
f 579/477/67 600/486/67 589/475/67
s 59
f 617/487/164 626/488/165 615/489/165
f 617/487/164 628/490/166 627/491/164
f 615/489/165 625/492/167 613/493/167
f 619/494/166 629/495/168 628/490/166
s 60
f 630/496/140 635/497/140 629/498/140
s 61
f 626/499/169 631/500/169 625/501/169
s 62
f 628/502/170 633/503/170 627/504/170
s 63
f 630/505/171 631/500/171 636/506/171
s 64
f 629/498/172 634/507/172 628/502/172
s 65
f 627/504/70 632/508/70 626/499/70
s 59
f 623/509/173 625/492/167 630/510/173
s 66
f 632/511/83 634/512/83 636/513/83
s 59
f 623/509/173 629/495/168 621/514/168
s 67
f 732/515/174 750/516/175 733/517/175
f 726/518/176 746/519/177 729/520/177
f 730/521/178 748/522/179 731/523/179
f 738/524/180 756/525/181 739/526/181
f 734/527/182 752/528/183 735/529/183
f 740/530/184 744/531/185 727/532/185
s 68
f 754/533/67 750/534/67 746/535/67
s 67
f 736/536/186 754/537/187 737/538/187
f 746/519/177 730/521/178 729/520/177
f 732/515/174 748/522/179 747/539/174
f 744/531/185 728/540/188 727/532/185
f 726/541/176 742/542/189 741/543/176
f 756/525/181 740/530/184 739/526/181
f 752/528/183 736/536/186 735/529/183
f 738/524/180 754/537/187 753/544/180
f 734/527/182 750/516/175 749/545/182
f 728/540/188 742/542/189 725/546/189
s 69
f 795/547/190 793/548/190 796/549/190
s 70
f 832/550/140 827/551/140 835/552/140
s 71
f 792/553/72 833/554/72 791/555/72
s 72
f 794/556/67 790/557/67 793/558/67
s 73
f 790/557/140 832/550/140 830/559/140
s 74
f 791/560/70 828/561/70 794/562/70
s 71
f 797/563/72 791/555/72 798/564/72
s 75
f 795/565/83 791/560/83 794/562/83
s 76
f 795/547/191 800/566/192 801/567/192
s 75
f 802/568/83 795/565/83 801/569/83
s 71
f 799/570/72 798/564/72 802/571/72
s 77
f 804/572/193 864/573/193 806/574/193
s 78
f 806/574/70 803/575/70 804/572/70
s 76
f 808/576/67 805/577/67 836/578/67
f 800/566/192 836/579/67 801/567/192
s 75
f 802/568/83 836/580/83 837/581/83
s 71
f 802/571/72 807/582/72 799/570/72
s 79
f 817/583/83 823/584/83 810/585/83
s 80
f 816/586/72 812/587/72 813/588/72
s 79
f 815/589/83 810/585/83 812/590/83
s 81
f 813/588/194 811/591/194 809/592/194
s 82
f 814/593/195 810/585/195 811/591/195
s 83
f 815/589/196 818/594/196 817/583/196
s 84
f 816/595/197 839/596/197 818/594/197
s 78
f 806/574/70 809/592/70 805/597/70
s 85
f 821/598/67 825/599/67 826/600/67
s 82
f 810/585/195 821/601/195 811/591/195
s 86
f 805/577/34 819/602/34 836/578/34
s 84
f 839/596/197 824/603/197 818/594/197
s 81
f 811/591/194 822/604/194 809/592/194
s 87
f 836/605/140 826/606/140 839/596/140
s 83
f 818/594/196 825/607/196 817/583/196
s 78
f 809/592/70 820/608/70 805/597/70
s 88
f 794/556/87 827/609/87 789/610/87
s 71
f 833/554/72 829/611/72 791/555/72
s 89
f 829/612/83 835/613/83 827/609/83
s 90
f 831/614/63 832/550/63 833/615/63
f 833/615/63 835/552/63 834/616/63
s 87
f 839/596/140 837/617/140 836/605/140
s 91
f 867/618/72 864/573/72 865/619/72
s 92
f 837/620/83 864/573/83 866/621/83
s 93
f 837/622/140 867/618/140 807/623/140
s 94
f 872/624/190 874/625/190 875/626/190
s 95
f 911/627/140 906/628/140 868/629/140
s 96
f 912/630/72 871/631/72 870/632/72
s 97
f 869/633/67 873/634/67 872/635/67
s 95
f 911/627/140 869/633/140 909/636/140
s 98
f 907/637/70 870/638/70 873/639/70
s 96
f 870/632/72 876/640/72 877/641/72
s 99
f 874/642/34 870/638/34 877/643/34
s 100
f 879/644/192 874/625/191 880/645/192
s 99
f 874/642/34 881/646/34 880/647/34
s 96
f 877/641/72 878/648/72 881/649/72
s 101
f 943/650/193 883/651/193 885/652/193
s 102
f 882/653/70 885/652/70 883/651/70
s 100
f 884/654/67 887/655/67 915/656/67
f 915/657/67 879/644/192 880/645/192
s 99
f 881/646/34 915/658/34 880/647/34
s 96
f 886/659/72 881/649/72 878/648/72
s 103
f 902/660/34 896/661/34 889/662/34
s 104
f 891/663/72 895/664/72 916/665/72
s 103
f 894/666/34 889/662/34 896/661/34
s 105
f 890/667/198 892/668/198 888/669/198
s 106
f 889/662/199 893/670/199 890/667/199
s 107
f 897/671/200 894/666/200 896/661/200
s 108
f 918/672/201 895/673/201 897/671/201
s 109
f 888/669/70 885/652/70 884/674/70
s 110
f 904/675/67 900/676/67 899/677/67
s 106
f 900/678/199 889/662/199 890/667/199
s 111
f 898/679/83 884/654/83 915/656/83
s 108
f 903/680/201 918/672/201 897/671/201
s 105
f 901/681/198 890/667/198 888/669/198
s 112
f 905/682/140 915/683/140 918/672/140
s 107
f 904/684/200 897/671/200 896/661/200
s 109
f 899/685/70 888/669/70 884/674/70
s 113
f 906/686/80 873/634/80 868/629/80
s 96
f 908/687/72 912/630/72 870/632/72
s 114
f 906/686/34 913/688/34 908/689/34
s 115
f 911/627/63 910/690/63 912/691/63
f 914/692/63 912/691/63 913/693/63
s 112
f 916/694/140 918/672/140 915/683/140
s 116
f 946/695/72 943/650/72 945/696/72
s 117
f 916/697/34 943/650/34 885/698/34
s 118
f 946/695/140 916/699/140 886/700/140
s 119
f 1063/701/83 1069/702/83 1079/703/83
s 120
f 1064/704/202 1066/705/202 1063/701/202
s 121
f 1065/706/203 1071/707/204 1066/708/204
s 122
f 1096/709/34 1087/710/34 1097/711/34
s 121
f 1089/712/205 1096/713/206 1100/714/206
s 123
f 1070/715/207 1082/716/208 1074/717/209
f 1074/717/209 1083/718/210 1073/719/211
f 1073/719/211 1081/720/212 1075/721/213
f 1077/722/214 1075/721/213 1081/720/212
f 1072/723/215 1076/724/55 1071/725/55
f 1067/726/216 1076/724/55 1078/727/217
f 1068/728/218 1078/727/217 1080/729/219
f 1069/730/220 1080/729/219 1079/731/220
s 121
f 1089/712/205 1092/732/221 1086/733/222
s 124
f 1064/704/34 1085/734/34 1065/735/34
s 125
f 1090/736/223 1085/737/223 1088/738/223
s 121
f 1085/739/224 1100/714/206 1095/740/225
s 126
f 1093/741/223 1091/742/223 1094/743/223
s 127
f 1089/744/83 1094/743/83 1091/742/83
s 122
f 1086/745/34 1093/741/34 1087/746/34
s 128
f 1070/747/226 1098/748/227 1084/749/228
s 129
f 1136/750/83 1189/751/83 1190/752/83
s 130
f 1120/753/70 1188/754/70 1189/755/70
s 131
f 1130/756/67 1137/757/67 1136/750/67
f 1129/758/67 1134/759/67 1130/756/67
f 1128/760/67 1133/761/67 1129/758/67
f 1127/762/229 1216/763/67 1215/764/67
s 132
f 1194/765/72 1178/766/230 1177/767/230
s 129
f 1215/764/83 1193/768/83 1214/769/83
f 1128/760/83 1192/770/83 1193/768/83
f 1129/758/83 1191/771/83 1192/770/83
s 131
f 1136/750/67 1122/772/67 1120/753/67
s 129
f 1130/756/83 1190/752/83 1191/771/83
s 133
f 1179/773/231 1139/774/231 1176/775/231
s 129
f 1177/767/83 1139/776/83 1127/762/83
s 131
f 1139/774/232 1131/777/229 1127/762/229
s 134
f 1196/778/34 1154/779/34 1197/780/34
s 135
f 1144/781/140 1202/782/140 1121/783/140
s 130
f 1188/754/70 1145/784/70 1196/785/70
s 131
f 1137/757/67 1153/786/67 1154/779/67
f 1134/759/67 1152/787/67 1153/786/67
f 1133/761/67 1151/788/67 1152/787/67
f 1216/763/67 1150/789/229 1218/790/67
s 132
f 1178/766/230 1201/791/72 1181/792/230
s 136
f 1217/793/233 1225/794/72 1218/790/234
s 134
f 1199/795/34 1151/788/34 1200/796/34
f 1198/797/34 1152/787/34 1199/795/34
s 131
f 1122/772/67 1154/779/67 1145/784/67
s 134
f 1197/780/34 1153/786/34 1198/797/34
s 131
f 1259/798/235 1310/799/236 1156/800/237
s 137
f 1150/789/34 1180/801/34 1181/802/34
s 131
f 1131/777/229 1259/803/235 1156/804/237
s 132
f 1179/773/238 1178/805/230 1181/806/230
f 1119/807/72 1188/808/72 1121/809/72
f 1123/810/72 1190/752/72 1119/807/72
f 1124/811/72 1191/771/72 1123/810/72
f 1125/812/72 1192/770/72 1124/811/72
f 1126/813/72 1214/769/72 1219/814/72
f 1126/813/72 1195/815/72 1194/765/72
f 1119/807/72 1190/752/72 1189/751/72
f 1144/816/72 1188/808/72 1196/817/72
f 1146/818/72 1197/819/72 1198/820/72
f 1146/818/72 1199/821/72 1147/822/72
f 1147/822/72 1200/823/72 1148/824/72
f 1220/825/72 1200/823/72 1217/826/72
f 1149/827/72 1195/815/72 1135/828/72
f 1144/816/72 1196/817/72 1197/819/72
s 138
f 1213/829/72 1208/830/72 1221/831/72
s 139
f 1121/783/140 1203/832/140 1119/833/140
s 140
f 1146/834/83 1209/835/83 1144/836/83
s 141
f 1119/837/34 1204/838/34 1123/839/34
s 142
f 1147/840/83 1210/841/83 1146/834/83
s 141
f 1123/839/34 1205/842/34 1124/843/34
s 142
f 1148/844/83 1211/845/83 1147/840/83
s 143
f 1124/843/34 1206/846/34 1125/847/34
s 142
f 1149/848/83 1222/849/83 1220/850/83
s 143
f 1125/847/34 1221/831/34 1219/851/34
s 144
f 1135/852/70 1213/829/70 1149/853/70
f 1126/854/70 1208/830/70 1135/852/70
s 143
f 1219/851/34 1207/855/34 1126/856/34
s 142
f 1220/850/83 1212/857/83 1148/844/83
s 145
f 1212/857/72 1206/846/72 1209/858/72
s 132
f 1149/827/72 1217/826/72 1201/791/72
f 1219/814/72 1193/768/72 1125/812/72
s 137
f 1217/793/34 1150/789/34 1201/859/34
s 146
f 1132/860/140 1226/861/140 1151/788/140
s 129
f 1127/762/83 1214/769/83 1194/765/83
s 147
f 1218/790/70 1223/862/70 1216/763/70
s 131
f 1128/760/67 1216/763/67 1132/860/67
s 148
f 1242/863/83 1245/864/83 1244/865/83
s 149
f 1245/864/70 1253/866/70 1247/867/70
s 150
f 1239/868/140 1228/869/140 1241/870/140
s 151
f 1228/871/67 1252/872/67 1251/873/67
s 152
f 1248/874/34 1239/868/34 1238/875/34
s 153
f 1237/876/239 1238/877/239 1239/878/239
s 154
f 1240/879/240 1241/880/240 1242/881/240
s 155
f 1243/882/241 1244/883/241 1245/884/241
s 156
f 1246/885/242 1247/886/242 1248/887/242
s 148
f 1254/888/83 1228/869/83 1251/873/83
s 152
f 1253/889/34 1227/890/34 1239/868/34
s 149
f 1253/866/70 1251/873/70 1252/872/70
s 157
f 1258/891/67 1255/892/67 1257/893/67
s 158
f 1270/894/70 1274/895/70 1256/896/70
s 159
f 1250/897/72 1276/898/72 1282/899/72
s 160
f 1278/900/83 1255/892/83 1273/901/83
s 161
f 1264/902/83 1312/903/83 1262/904/83
s 133
f 1259/803/231 1179/773/231 1260/905/231
s 137
f 1156/906/34 1308/907/34 1180/908/34
s 162
f 1260/909/83 1309/910/83 1259/911/83
s 163
f 1180/912/243 1307/913/243 1260/914/243
s 164
f 1281/915/34 1269/916/34 1256/896/34
s 165
f 1231/917/72 1291/918/72 1232/919/72
f 1235/920/72 1293/921/72 1236/922/72
f 1234/923/72 1296/924/72 1295/925/72
f 1230/926/72 1298/927/72 1297/928/72
f 1230/926/72 1292/929/72 1231/917/72
f 1232/919/72 1294/930/72 1235/920/72
f 1236/922/72 1296/924/72 1233/931/72
f 1229/932/72 1295/925/72 1298/927/72
s 166
f 1261/933/231 1308/934/231 1262/935/231
f 1263/936/231 1310/799/231 1309/937/231
f 1264/902/231 1308/907/231 1310/938/231
f 1263/939/231 1307/940/231 1261/941/231
s 167
f 1262/935/236 1311/942/236 1261/933/236
s 168
f 1263/939/34 1311/942/34 1313/943/34
s 169
f 1263/936/243 1314/944/243 1264/945/243
s 170
f 1320/946/62 1324/947/62 1328/948/62
s 171
f 1334/949/244 1364/950/245 1332/951/245
s 172
f 1331/952/140 1366/953/244 1333/954/244
s 171
f 1334/949/244 1368/955/246 1365/956/244
s 172
f 1335/957/247 1366/953/244 1367/958/247
s 171
f 1338/959/248 1368/955/246 1336/960/246
s 173
f 1343/961/34 1406/962/34 1345/963/34
s 174
f 1342/964/249 1376/965/250 1374/966/249
s 175
f 1375/967/83 1411/968/83 1410/969/83
s 174
f 1344/970/250 1377/971/251 1376/965/250
s 173
f 1339/972/34 1404/973/34 1341/974/34
s 172
f 1345/963/252 1380/975/70 1347/976/70
s 174
f 1379/977/70 1350/978/253 1381/979/253
s 172
f 1347/976/70 1382/980/253 1349/981/253
s 174
f 1350/978/253 1383/982/55 1381/979/253
s 172
f 1349/981/253 1384/983/55 1351/984/55
s 174
f 1352/985/55 1386/986/254 1383/982/55
s 172
f 1353/987/254 1384/983/55 1385/988/254
s 174
f 1354/989/254 1388/990/67 1386/986/254
s 172
f 1353/987/254 1387/991/67 1355/992/67
s 174
f 1388/990/67 1358/993/255 1390/994/255
s 172
f 1355/992/67 1389/995/255 1357/996/255
s 174
f 1360/997/60 1390/994/255 1358/993/255
s 172
f 1359/998/60 1389/995/255 1391/999/60
s 176
f 1340/1000/83 1362/1001/256 1354/1002/83
s 174
f 1360/997/60 1394/1003/257 1392/1004/60
s 172
f 1361/1005/258 1391/999/60 1393/1006/258
s 177
f 1332/1007/259 1419/1008/259 1417/1009/259
s 172
f 1331/952/140 1393/1006/258 1363/1010/140
s 173
f 1343/961/34 1351/1011/34 1359/1012/34
s 175
f 1384/1013/83 1375/967/83 1367/958/83
s 178
f 1365/1014/34 1379/1015/34 1388/1016/34
s 175
f 1373/1017/83 1410/969/83 1408/1018/83
f 1371/1019/83 1408/1018/83 1407/1020/83
s 172
f 1367/958/247 1401/1021/260 1335/957/247
s 173
f 1339/972/34 1402/1022/34 1403/1023/34
f 1341/974/34 1405/1024/34 1343/961/34
s 175
f 1369/1025/83 1412/1026/83 1367/958/83
f 1371/1019/83 1409/1027/83 1369/1025/83
s 173
f 1337/1028/34 1401/1029/34 1402/1022/34
s 174
f 1379/977/70 1346/1030/251 1348/1031/70
s 176
f 1332/1007/261 1418/1032/262 1362/1033/256
s 178
f 1364/1034/263 1420/1035/264 1419/1008/265
s 179
f 1362/1036/266 1420/1035/266 1394/1037/266
s 172
f 1345/963/252 1411/1038/267 1378/1039/252
s 180
f 1224/1040/34 1216/1041/34 1223/1042/34
s 181
f 1224/1040/67 1225/1043/67 1226/1044/67
s 121
f 1067/1045/204 1068/1046/204 1066/708/204
f 1068/1046/204 1069/1047/204 1066/708/204
f 1085/1048/224 1072/1049/268 1065/706/203
f 1072/1049/268 1071/707/204 1065/706/203
f 1095/1050/225 1074/1051/269 1085/1048/224
f 1073/1052/270 1075/1053/271 1085/1048/224
f 1075/1053/271 1072/1049/268 1085/1048/224
f 1074/1051/269 1073/1052/270 1085/1048/224
f 1095/1050/225 1070/1054/272 1074/1051/269
f 1071/707/204 1067/1045/204 1066/708/204
s 128
f 1100/1055/273 1097/711/273 1099/1056/273
s 138
f 1212/857/72 1222/849/72 1221/831/72
s 145
f 1206/846/72 1203/1057/72 1209/858/72
s 138
f 1212/857/72 1221/831/72 1206/846/72
s 182
f 1514/1058/83 1511/1059/274 1512/1060/83
f 1516/1061/274 1510/1062/275 1511/1059/274
f 1517/1063/275 1509/1064/276 1510/1062/275
f 1509/1064/276 1520/1065/277 1508/1066/277
f 1520/1065/277 1507/1067/278 1508/1066/277
f 1507/1067/278 1523/1068/279 1506/1069/279
f 1506/1069/279 1524/1070/280 1505/1071/280
f 1524/1072/280 1504/1073/34 1505/1074/280
f 1526/1075/34 1503/1076/281 1504/1073/34
f 1503/1076/281 1529/1077/282 1502/1078/282
f 1529/1077/282 1501/1079/283 1502/1078/282
f 1530/1080/283 1500/1081/284 1501/1079/283
f 1532/1082/284 1499/1083/285 1500/1081/284
f 1499/1083/285 1535/1084/286 1498/1085/286
s 183
f 1529/1086/287 1523/1087/287 1517/1088/287
s 182
f 1535/1084/286 1497/1089/288 1498/1085/286
f 1497/1089/288 1514/1058/83 1512/1060/83
s 184
f 1474/1090/289 1470/1091/289 1466/1092/289
s 185
f 1562/1093/290 1642/1094/291 1641/1095/290
f 1643/1096/292 1568/1097/293 1644/1098/293
f 1644/1098/293 1570/1099/294 1645/1100/295
f 1570/1101/294 1648/1102/296 1645/1103/295
f 1572/1104/296 1649/1105/297 1648/1102/296
f 1602/1106/298 1633/1107/297 1640/1108/298
f 1646/1109/299 1584/1110/300 1653/1111/300
f 1574/1112/297 1686/1113/298 1576/1113/298
f 1592/1114/301 1641/1095/290 1650/1115/301
s 186
f 1571/1116/62 1579/1117/62 1587/1118/62
s 185
f 1643/1096/292 1564/1119/291 1566/1120/292
s 186
f 1565/1121/62 1596/1122/62 1597/1123/62
f 1565/1121/62 1598/1124/62 1567/1125/62
f 1567/1125/62 1599/1126/62 1569/1127/62
f 1573/1128/62 1600/1129/62 1601/1130/62
f 1573/1128/62 1602/1131/62 1575/1132/62
f 1577/1133/62 1602/1131/62 1603/1134/62
f 1579/1117/62 1605/1135/62 1581/1136/62
f 1583/1137/62 1605/1135/62 1606/1138/62
f 1585/1139/62 1606/1138/62 1607/1140/62
f 1589/1141/62 1608/1142/62 1609/1143/62
f 1591/1144/62 1609/1143/62 1610/1145/62
f 1591/1144/62 1595/1146/62 1561/1147/62
s 185
f 1651/1148/302 1592/1114/301 1650/1115/301
f 1652/1149/303 1590/1150/304 1651/1148/302
f 1647/1151/305 1578/1152/306 1580/1153/305
f 1653/1111/300 1586/1154/307 1654/1155/307
f 1652/1149/303 1586/1154/307 1588/1156/308
f 1646/1109/299 1580/1153/305 1582/1157/299
f 1655/1158/306 1576/1113/298 1578/1152/306
f 1649/1105/297 1576/1113/298 1656/1159/298
f 1603/1160/309 1640/1108/298 1639/1161/306
f 1605/1162/299 1631/1163/305 1630/1164/299
f 1608/1165/310 1638/1166/307 1636/1167/303
f 1606/1168/300 1638/1166/307 1607/1169/311
f 1604/1170/312 1639/1161/306 1631/1163/305
f 1608/1165/310 1635/1171/302 1609/1172/302
f 1609/1172/302 1634/1173/301 1610/1174/301
f 1596/1175/313 1627/1176/292 1597/1177/292
f 1610/1174/301 1594/1178/290 1595/1179/314
f 1605/1162/299 1637/1180/300 1606/1168/300
f 1632/1181/296 1601/1182/297 1600/1183/315
f 1629/1184/295 1600/1183/315 1599/1185/295
f 1598/1186/293 1629/1187/295 1599/1188/295
f 1597/1177/292 1628/1189/293 1598/1186/293
f 1595/1179/314 1593/1190/291 1596/1175/313
f 1640/1108/298 1649/1105/297 1665/1191/316
f 1640/1108/298 1664/1192/309 1639/1161/306
f 1631/1163/305 1646/1109/299 1630/1164/299
f 1638/1166/307 1652/1149/303 1636/1167/303
f 1637/1180/300 1654/1155/307 1638/1166/307
f 1631/1163/305 1664/1192/309 1666/1193/309
f 1630/1164/299 1653/1111/300 1637/1180/300
f 1648/1102/296 1633/1107/297 1668/1194/317
f 1629/1184/295 1668/1194/317 1632/1181/296
s 187
f 1663/1195/318 1673/1196/318 1671/1197/318
s 185
f 1665/1191/316 1655/1158/306 1666/1193/309
s 188
f 1665/1198/60 1674/1199/60 1673/1196/60
s 185
f 1670/1200/319 1645/1103/295 1648/1102/296
s 189
f 1671/1197/320 1674/1199/320 1672/1201/320
s 190
f 1675/1202/321 1677/1203/321 1678/1204/321
s 191
f 1668/1205/322 1678/1204/322 1670/1206/322
s 192
f 1667/1207/62 1675/1202/62 1668/1208/62
s 193
f 1664/1209/323 1674/1199/323 1666/1210/323
s 194
f 1663/1211/62 1672/1201/62 1664/1212/62
s 195
f 1670/1213/60 1677/1203/60 1669/1214/60
s 196
f 1669/1215/324 1676/1216/325 1667/1217/325
s 197
f 1679/1218/60 1698/1219/60 1697/1220/60
s 185
f 1582/1157/299 1690/1110/300 1584/1110/300
f 1592/1114/301 1699/1221/326 1701/1222/326
f 1570/1099/294 1682/1097/293 1683/1099/294
f 1576/1113/298 1687/1152/306 1578/1152/306
f 1586/1154/307 1690/1110/300 1691/1154/307
f 1564/1119/291 1679/1093/290 1680/1119/291
f 1570/1101/294 1684/1104/296 1572/1104/296
f 1580/1153/305 1687/1152/306 1688/1153/305
f 1588/1156/308 1691/1154/307 1692/1156/308
f 1564/1119/291 1681/1120/292 1566/1120/292
f 1574/1112/297 1684/1104/296 1685/1112/327
f 1580/1153/305 1689/1157/299 1582/1157/299
f 1588/1156/308 1692/1156/308 1703/1223/328
f 1562/1093/290 1702/1114/329 1704/1224/330
f 1566/1120/292 1682/1097/293 1568/1097/293
s 198
f 1693/1225/331 1700/1226/67 1703/1227/67
s 199
f 1696/1228/83 1704/1229/332 1698/1230/333
s 200
f 1694/1231/70 1703/1227/70 1695/1232/70
s 198
f 1699/1233/334 1694/1234/76 1701/1235/76
s 199
f 1701/1235/85 1697/1236/85 1704/1237/332
s 197
f 1697/1220/60 1695/1238/60 1692/1239/60
f 1692/1239/60 1691/1240/60 1697/1220/60
f 1691/1240/60 1690/1241/60 1697/1220/60
f 1690/1241/60 1689/1242/60 1697/1220/60
f 1689/1242/60 1688/1243/60 1697/1220/60
f 1688/1243/60 1687/1244/60 1697/1220/60
f 1687/1244/60 1686/1245/60 1697/1220/60
f 1686/1245/60 1685/1246/60 1697/1220/60
f 1685/1246/60 1684/1247/60 1697/1220/60
f 1684/1247/60 1683/1248/60 1697/1220/60
f 1683/1248/60 1682/1249/60 1697/1220/60
f 1682/1249/60 1681/1250/60 1697/1220/60
f 1681/1250/60 1680/1251/60 1697/1220/60
f 1680/1251/60 1679/1218/60 1697/1220/60
f 1679/1218/60 1696/1252/60 1698/1219/60
s 1
f 105/1/1 104/93/2 115/2/2
f 109/4/3 106/97/4 117/5/4
f 122/7/5 107/95/5 110/8/6
f 103/10/7 102/96/8 113/11/8
f 99/22/15 108/94/16 121/23/16
f 101/25/17 100/92/18 111/26/18
s 3
f 7/29/20 32/1253/335 31/1254/19
f 34/30/21 33/72/336 9/28/19
f 7/29/20 31/1254/19 34/30/21
s 4
f 35/51/35 37/53/37 6/49/34
f 3/50/35 36/57/35 35/51/35
f 39/1255/36 40/67/36 2/52/36
f 2/52/36 6/49/34 37/53/37
f 38/54/38 39/1255/36 2/52/36
s 201
f 36/57/40 3/50/40 8/55/337
s 5
f 8/55/39 41/70/52 42/56/40
s 3
f 45/1256/41 32/1253/335 7/29/20
f 1/58/41 43/1257/338 44/59/42
f 44/59/42 45/1256/41 7/29/20
s 6
f 46/62/45 43/1258/43 1/60/43
f 1/60/43 5/66/47 47/61/44
s 7
f 4/63/46 10/71/53 49/1259/339
f 4/63/46 49/1259/339 48/64/46
f 50/65/46 51/1260/340 4/63/46
s 6
f 52/68/49 47/61/44 5/66/47
f 5/66/47 2/52/49 40/67/48
s 5
f 41/70/52 8/55/39 4/63/50
f 4/63/50 51/1260/50 53/69/51
s 7
f 54/73/54 49/1259/339 10/71/53
f 10/71/53 9/28/54 33/72/54
s 8
f 129/74/55 128/103/56 139/75/56
f 133/77/57 130/107/58 141/78/58
f 146/80/59 131/105/59 134/81/60
f 127/83/61 126/106/62 137/84/62
f 123/86/63 132/104/64 145/87/64
f 125/89/65 124/101/66 135/90/66
s 1
f 112/24/15 111/26/18 100/92/18
f 116/12/7 115/2/2 104/93/2
f 122/7/5 121/23/16 108/94/16
f 114/27/17 113/11/8 102/96/8
f 118/3/1 117/5/4 106/97/4
f 109/4/3 120/6/3 119/98/6
s 8
f 136/100/63 135/90/66 124/101/66
f 140/85/61 139/75/56 128/103/56
f 146/80/59 145/87/64 132/104/64
f 138/91/65 137/84/62 126/106/62
f 142/76/55 141/78/58 130/107/58
f 144/79/57 143/82/60 134/81/60
s 11
f 255/171/70 287/199/70 273/172/70
f 248/174/70 281/200/70 283/175/70
f 242/177/70 241/173/70 273/172/70
f 243/179/70 256/201/70 288/180/70
f 251/182/70 249/202/70 282/183/70
f 244/185/70 243/179/70 274/181/70
f 252/187/70 275/192/70 285/188/70
f 245/190/70 242/177/70 276/178/70
f 250/176/70 283/175/70 275/192/70
f 246/193/70 244/185/70 277/186/70
f 254/195/70 251/182/70 284/184/70
f 245/190/70 278/191/70 280/197/70
f 253/189/70 285/188/70 287/199/70
f 246/193/70 279/194/70 281/200/70
f 256/201/70 254/195/70 286/196/70
f 249/202/70 247/198/70 280/197/70
s 12
f 273/203/71 292/237/71 293/204/72
s 13
f 328/1261/341 264/1262/342 263/206/73
f 263/206/73 327/309/127 326/207/74
f 325/208/75 328/1261/341 263/206/73
s 12
f 274/209/76 300/238/76 301/210/67
f 276/205/72 293/204/72 294/212/77
f 277/211/67 301/210/67 302/214/78
f 278/213/77 294/212/77 295/216/79
f 281/218/80 279/215/78 302/214/78
f 280/217/79 295/216/79 296/220/81
f 281/218/80 303/219/80 304/222/82
f 282/221/81 296/220/81 297/224/83
f 275/226/34 290/229/34 289/227/84
f 283/223/82 304/222/82 290/229/34
f 286/230/85 284/225/83 297/224/83
f 287/232/86 285/228/84 289/227/84
f 286/230/85 298/231/85 299/234/87
f 273/203/71 287/1263/86 291/236/86
f 288/235/87 299/234/87 300/238/76
s 14
f 258/239/70 257/242/70 289/240/70
f 257/242/70 259/244/70 291/243/70
f 259/244/70 260/246/70 292/245/70
f 260/246/70 261/248/70 293/247/70
f 261/248/70 262/250/70 294/249/70
f 262/250/70 263/252/70 295/251/70
f 263/252/70 264/255/70 296/253/70
f 265/254/70 297/257/70 296/253/70
f 266/256/70 298/259/70 297/257/70
f 267/258/70 299/261/70 298/259/70
f 268/260/70 300/263/70 299/261/70
f 269/262/70 301/265/70 300/263/70
f 270/264/70 302/267/70 301/265/70
f 271/266/70 303/269/70 302/267/70
f 272/268/70 304/270/70 303/269/70
f 272/268/70 258/239/70 290/241/70
s 15
f 332/280/98 272/1264/343 271/271/88
f 271/271/88 331/1265/344 330/272/89
f 329/273/90 332/280/98 271/271/88
s 13
f 265/274/91 264/1262/342 328/1261/341
f 265/274/91 328/1261/341 333/275/92
s 0
f 334/276/34 335/1266/140 265/274/140
s 13
f 336/1267/345 339/285/104 257/277/94
s 0
f 258/278/140 338/1268/34 337/279/70
s 13
f 337/279/96 336/1267/345 257/277/94
s 15
f 340/281/99 338/1268/346 258/278/97
f 258/278/97 272/1264/343 332/280/98
f 342/283/102 266/1269/347 265/274/100
f 265/274/100 335/1266/348 341/282/101
s 13
f 343/1270/349 345/1271/350 259/284/103
f 259/284/103 257/277/94 339/285/104
f 344/286/105 343/1270/349 259/284/103
s 15
f 267/287/106 266/1269/347 342/283/102
f 346/288/107 347/1272/351 348/289/108
f 267/287/106 342/283/102 346/288/107
s 13
f 350/292/110 260/295/113 259/290/103
f 259/290/103 345/1273/350 349/291/109
s 15
f 351/294/112 352/299/117 268/293/111
f 268/293/111 267/287/106 348/289/108
s 13
f 354/297/115 261/301/119 260/295/113
f 260/295/113 350/292/110 353/296/114
s 15
f 355/300/118 356/305/123 269/298/116
f 269/298/116 268/293/111 352/299/117
s 13
f 358/303/121 262/307/125 261/301/119
f 261/301/119 354/297/115 357/302/120
s 15
f 359/306/124 360/310/128 270/304/122
f 270/304/122 269/298/116 356/305/123
s 13
f 327/309/127 263/206/73 262/307/125
f 262/307/125 358/303/121 361/308/126
s 15
f 362/311/129 331/1265/344 271/271/88
f 271/271/88 270/304/122 360/310/128
s 204
f 313/312/130 323/333/130 324/313/130
s 17
f 322/317/34 321/1274/34 320/1275/34
f 320/1275/34 319/1276/34 386/315/34
f 386/315/34 385/1277/34 315/1278/34
f 315/1278/34 316/325/34 324/316/34
f 324/316/34 323/1279/34 322/317/34
f 322/317/34 320/1275/34 386/315/34
f 386/315/34 315/1278/34 324/316/34
s 205
f 310/318/131 320/334/131 321/319/131
s 38
f 307/321/67 388/335/67 387/322/67
s 206
f 314/324/132 324/316/132 316/325/132
s 21
f 312/327/133 311/320/133 321/319/133
s 22
f 309/329/134 308/323/134 387/322/134
s 23
f 305/331/135 306/326/135 316/325/135
s 24
f 313/312/72 312/327/72 322/328/72
s 207
f 309/329/136 319/330/136 320/334/136
s 37
f 305/331/137 315/332/137 388/335/137
s 208
f 382/336/132 381/1280/132 364/337/132
s 28
f 379/339/130 381/1281/130 382/340/130
s 29
f 377/342/72 379/339/72 380/341/72
s 30
f 375/344/133 377/342/133 378/343/133
s 31
f 373/346/131 375/344/131 376/345/131
s 32
f 371/348/136 373/346/136 374/347/136
s 33
f 369/350/134 371/348/134 372/349/134
s 34
f 367/352/67 369/350/67 370/351/67
s 35
f 365/354/137 367/352/137 368/353/137
s 36
f 364/337/135 365/354/135 366/355/135
s 38
f 317/358/67 385/357/67 386/356/67
f 318/359/67 386/356/67 387/322/67
f 383/361/67 388/335/67 385/357/67
f 384/360/67 387/322/67 388/335/67
s 39
f 409/362/138 396/1282/138 394/363/139
s 40
f 406/367/140 411/378/140 413/1283/140
f 413/1283/140 412/1284/140 414/365/140
f 414/365/140 416/1285/140 415/1286/140
f 415/1286/140 408/1287/140 410/366/140
f 410/366/140 409/1288/140 405/1289/140
f 405/1289/140 407/1290/140 406/367/140
f 406/367/140 413/1283/140 414/365/140
f 414/365/140 415/1286/140 410/366/140
f 410/366/140 405/1289/140 406/367/140
s 41
f 402/368/141 397/1291/142 408/369/142
s 42
f 400/373/70 393/385/70 395/1292/70
f 395/1292/70 394/1293/70 396/371/70
f 396/371/70 398/1294/70 397/1291/70
f 397/1291/70 402/368/70 404/372/70
f 404/372/70 403/1295/70 399/1296/70
f 399/1296/70 401/1297/70 400/373/70
f 400/373/70 395/1292/70 396/371/70
f 396/371/70 397/1291/70 404/372/70
f 404/372/70 399/1296/70 400/373/70
s 43
f 399/374/143 403/383/144 414/375/144
s 44
f 400/373/145 401/1298/352 413/377/146
s 43
f 401/379/147 399/374/143 412/376/143
s 41
f 415/370/141 416/382/148 404/381/148
s 43
f 416/382/149 414/375/144 403/383/144
s 44
f 406/367/150 407/1299/151 395/384/151
s 39
f 407/386/152 405/364/139 394/363/139
s 41
f 408/369/142 397/1291/142 398/388/153
s 39
f 398/388/154 396/1282/138 409/362/138
s 44
f 411/378/145 406/367/150 393/385/150
s 45
f 484/390/83 483/393/155 430/391/155
f 483/393/155 485/395/156 431/394/156
f 485/395/156 486/397/67 432/396/67
f 486/397/67 487/399/157 433/398/157
f 487/399/157 488/401/158 434/400/158
f 488/401/158 489/1300/34 435/402/34
f 435/402/34 489/1300/34 490/403/159
f 436/404/159 490/403/159 491/405/160
f 491/405/160 492/1301/72 438/407/72
f 438/407/72 492/1301/72 493/408/161
s 46
f 427/410/157 505/1302/157 506/411/158
s 45
f 493/413/161 494/416/162 440/414/162
f 494/416/162 484/390/83 429/392/83
s 47
f 465/417/83 466/420/83 472/418/83
s 48
f 466/420/140 470/1303/140 473/421/140
s 209
f 468/422/70 465/417/70 471/419/70
s 50
f 466/420/72 465/417/72 468/424/72
s 51
f 469/426/163 467/1304/163 471/419/163
s 52
f 418/429/140 483/433/140 484/430/140
f 418/429/140 419/435/140 485/432/140
f 420/434/140 486/437/140 485/432/140
f 420/434/140 421/439/140 487/436/140
f 422/438/140 488/441/140 487/436/140
f 423/440/140 489/443/140 488/441/140
f 423/440/140 424/445/140 490/442/140
f 425/444/140 491/447/140 490/442/140
f 426/446/140 492/449/140 491/447/140
f 426/446/140 427/450/140 493/448/140
f 427/450/140 428/452/140 494/451/140
f 417/431/140 484/430/140 494/451/140
s 46
f 417/453/34 496/462/34 495/454/159
f 424/456/155 502/473/155 503/457/156
f 421/459/161 499/474/161 500/460/162
f 428/412/158 506/411/158 496/462/34
f 418/455/159 495/454/159 497/463/160
f 425/458/156 503/457/156 504/465/67
f 422/461/162 500/460/162 501/467/83
f 419/464/160 497/463/160 498/469/72
f 426/466/67 504/465/67 505/471/157
f 423/468/83 501/467/83 502/473/155
f 420/470/72 498/469/72 499/474/161
s 53
f 589/475/140 590/478/140 580/476/140
s 210
f 590/478/72 607/1305/72 611/479/72
s 55
f 555/480/140 558/484/140 556/481/140
s 211
f 553/482/67 599/1306/67 602/483/67
s 212
f 558/484/72 603/1307/72 604/485/72
s 213
f 579/477/67 610/1308/67 600/486/67
s 59
f 617/487/164 627/491/164 626/488/165
f 617/487/164 619/494/166 628/490/166
f 615/489/165 626/488/165 625/492/167
f 619/494/166 621/514/168 629/495/168
s 60
f 630/496/140 636/1309/140 635/497/140
s 61
f 626/499/169 632/508/169 631/500/169
s 62
f 628/502/170 634/507/170 633/503/170
s 63
f 630/505/171 625/501/171 631/500/171
s 64
f 629/498/172 635/497/172 634/507/172
s 65
f 627/504/70 633/503/70 632/508/70
s 59
f 623/509/173 613/493/167 625/492/167
s 66
f 636/513/83 631/1310/83 632/511/83
f 632/511/83 633/1311/83 634/512/83
f 634/512/83 635/1312/83 636/513/83
s 59
f 623/509/173 630/510/173 629/495/168
s 67
f 732/515/174 747/539/174 750/516/175
f 726/518/176 741/1313/176 746/519/177
f 730/521/178 745/1314/178 748/522/179
f 738/524/180 753/544/180 756/525/181
f 734/527/182 749/545/182 752/528/183
f 740/530/184 755/1315/184 744/531/185
s 68
f 746/535/67 741/1316/67 742/1317/67
f 742/1317/67 743/1318/67 744/1319/67
f 744/1319/67 755/1320/67 756/1321/67
f 756/1321/67 753/1322/67 754/533/67
f 754/533/67 751/1323/67 752/1324/67
f 752/1324/67 749/1325/67 750/534/67
f 750/534/67 747/1326/67 748/1327/67
f 748/1327/67 745/1328/67 746/535/67
f 746/535/67 742/1317/67 744/1319/67
f 744/1319/67 756/1321/67 754/533/67
f 754/533/67 752/1324/67 750/534/67
f 750/534/67 748/1327/67 746/535/67
f 746/535/67 744/1319/67 754/533/67
s 67
f 736/536/186 751/1329/186 754/537/187
f 746/519/177 745/1314/178 730/521/178
f 732/515/174 731/523/179 748/522/179
f 744/531/185 743/1330/188 728/540/188
f 726/541/176 725/546/189 742/542/189
f 756/525/181 755/1315/184 740/530/184
f 752/528/183 751/1329/186 736/536/186
f 738/524/180 737/538/187 754/537/187
f 734/527/182 733/517/175 750/516/175
f 728/540/188 743/1330/188 742/542/189
s 69
f 795/547/190 794/1331/190 793/548/190
s 70
f 832/550/140 789/610/140 827/551/140
s 71
f 792/553/72 831/1332/72 833/554/72
s 72
f 794/556/67 789/610/67 790/557/67
s 70
f 790/557/140 789/610/140 832/550/140
s 74
f 791/560/70 829/1333/70 828/561/70
s 71
f 797/563/72 792/553/72 791/555/72
s 75
f 795/565/83 798/1334/83 791/560/83
s 76
f 795/547/191 796/549/191 800/566/192
s 75
f 802/568/83 798/1334/83 795/565/83
s 71
f 799/570/72 797/563/72 798/564/72
s 77
f 804/572/193 865/619/193 864/573/193
s 78
f 806/574/70 805/597/70 803/575/70
s 76
f 808/576/67 803/1335/67 805/577/67
f 800/566/192 808/1336/67 836/579/67
s 75
f 802/568/83 801/569/83 836/580/83
s 71
f 802/571/72 837/1337/72 807/582/72
s 79
f 817/583/83 825/607/83 823/584/83
s 80
f 813/588/72 806/574/72 837/1338/72
f 837/1338/72 838/1339/72 816/586/72
f 816/586/72 815/1340/72 812/587/72
f 812/587/72 814/1341/72 813/588/72
f 813/588/72 837/1338/72 816/586/72
s 79
f 815/589/83 817/583/83 810/585/83
s 81
f 813/588/194 814/593/194 811/591/194
s 82
f 814/593/195 812/590/195 810/585/195
s 83
f 815/589/196 816/595/196 818/594/196
s 84
f 816/595/197 838/1342/197 839/596/197
s 78
f 806/574/70 813/588/70 809/592/70
s 85
f 826/600/67 819/602/67 820/1343/67
f 820/1343/67 822/1344/67 821/598/67
f 821/598/67 823/1345/67 825/599/67
f 825/599/67 824/1346/67 826/600/67
f 826/600/67 820/1343/67 821/598/67
s 82
f 810/585/195 823/584/195 821/601/195
s 86
f 805/577/34 820/1343/34 819/602/34
s 84
f 839/596/197 826/606/197 824/603/197
s 81
f 811/591/194 821/601/194 822/604/194
s 87
f 836/605/140 819/1347/140 826/606/140
s 83
f 818/594/196 824/603/196 825/607/196
s 78
f 809/592/70 822/604/70 820/608/70
s 88
f 794/556/87 828/1348/87 827/609/87
s 71
f 833/554/72 834/1349/72 829/611/72
s 89
f 827/609/83 828/1348/83 829/612/83
f 829/612/83 834/1350/83 835/613/83
s 90
f 831/614/63 830/559/63 832/550/63
f 833/615/63 832/550/63 835/552/63
s 87
f 839/596/140 838/1342/140 837/617/140
s 214
f 867/618/72 866/621/72 864/573/72
s 92
f 837/620/83 806/1351/83 864/573/83
s 93
f 837/622/140 866/621/140 867/618/140
s 215
f 872/624/190 873/1352/190 874/625/190
s 95
f 911/627/140 914/692/140 906/628/140
s 96
f 912/630/72 910/1353/72 871/631/72
s 216
f 869/633/67 868/629/67 873/634/67
s 95
f 911/627/140 868/629/140 869/633/140
s 98
f 907/637/70 908/1354/70 870/638/70
s 96
f 870/632/72 871/631/72 876/640/72
s 99
f 874/642/34 873/639/34 870/638/34
s 100
f 879/644/192 875/626/191 874/625/191
s 99
f 874/642/34 877/643/34 881/646/34
s 96
f 877/641/72 876/640/72 878/648/72
s 217
f 943/650/193 944/1355/193 883/651/193
s 109
f 882/653/70 884/674/70 885/652/70
s 100
f 884/654/67 882/1356/67 887/655/67
f 915/657/67 887/1357/67 879/644/192
s 99
f 881/646/34 916/1358/34 915/658/34
s 218
f 886/659/72 916/1359/72 881/649/72
s 103
f 902/660/34 904/684/34 896/661/34
s 104
f 916/665/72 885/652/72 892/668/72
f 892/668/72 893/1360/72 891/663/72
f 891/663/72 894/1361/72 895/664/72
f 895/664/72 917/1362/72 916/665/72
f 916/665/72 892/668/72 891/663/72
s 103
f 894/666/34 891/1363/34 889/662/34
s 105
f 890/667/198 893/670/198 892/668/198
s 106
f 889/662/199 891/1363/199 893/670/199
s 107
f 897/671/200 895/673/200 894/666/200
s 108
f 918/672/201 917/1364/201 895/673/201
s 109
f 888/669/70 892/668/70 885/652/70
s 110
f 899/677/67 898/679/67 905/1365/67
f 905/1365/67 903/1366/67 904/675/67
f 904/675/67 902/1367/67 900/676/67
f 900/676/67 901/1368/67 899/677/67
f 899/677/67 905/1365/67 904/675/67
s 106
f 900/678/199 902/660/199 889/662/199
s 111
f 898/679/83 899/677/83 884/654/83
s 108
f 903/680/201 905/682/201 918/672/201
s 105
f 901/681/198 900/678/198 890/667/198
s 112
f 905/682/140 898/1369/140 915/683/140
s 107
f 904/684/200 903/680/200 897/671/200
s 109
f 899/685/70 901/681/70 888/669/70
s 113
f 906/686/80 907/1370/80 873/634/80
s 96
f 908/687/72 913/1371/72 912/630/72
s 114
f 908/689/34 907/1370/34 906/686/34
f 906/686/34 914/1372/34 913/688/34
s 219
f 911/627/63 909/636/63 910/690/63
s 115
f 914/692/63 911/627/63 912/691/63
s 112
f 916/694/140 917/1364/140 918/672/140
s 116
f 946/695/72 944/1355/72 943/650/72
s 117
f 916/697/34 945/696/34 943/650/34
s 220
f 946/695/140 945/696/140 916/699/140
s 221
f 1063/701/83 1066/705/83 1069/702/83
s 222
f 1064/704/202 1065/735/202 1066/705/202
s 122
f 1096/709/34 1086/1373/34 1087/710/34
s 121
f 1089/712/205 1086/733/222 1096/713/206
s 123
f 1070/715/207 1084/1374/207 1082/716/208
f 1074/717/209 1082/716/208 1083/718/210
f 1073/719/211 1083/718/210 1081/720/212
f 1077/722/214 1072/723/215 1075/721/213
f 1072/723/215 1077/722/214 1076/724/55
f 1067/726/216 1071/725/55 1076/724/55
f 1068/728/218 1067/726/216 1078/727/217
f 1069/730/220 1068/728/218 1080/729/219
s 121
f 1089/712/205 1091/1375/221 1092/732/221
s 124
f 1064/704/34 1088/1376/34 1085/734/34
s 223
f 1090/736/223 1089/744/223 1085/737/223
s 121
f 1085/739/224 1089/712/205 1100/714/206
s 224
f 1093/741/223 1092/1377/223 1091/742/223
s 225
f 1089/744/83 1090/736/83 1094/743/83
s 122
f 1086/745/34 1092/1377/34 1093/741/34
s 128
f 1070/747/226 1095/1378/353 1098/748/227
s 129
f 1136/750/83 1120/753/83 1189/751/83
s 130
f 1120/753/70 1122/772/70 1188/754/70
s 131
f 1130/756/67 1134/759/67 1137/757/67
f 1129/758/67 1133/761/67 1134/759/67
f 1128/760/67 1132/860/67 1133/761/67
f 1127/762/229 1131/777/229 1216/763/67
s 132
f 1194/765/72 1195/815/72 1178/766/230
s 129
f 1215/764/83 1128/760/83 1193/768/83
f 1128/760/83 1129/758/83 1192/770/83
f 1129/758/83 1130/756/83 1191/771/83
s 131
f 1136/750/67 1137/757/67 1122/772/67
s 129
f 1130/756/83 1136/750/83 1190/752/83
s 133
f 1179/773/231 1141/1379/231 1139/774/231
s 129
f 1127/762/83 1194/765/83 1177/767/83
f 1177/767/83 1176/1380/83 1139/776/83
s 131
f 1139/774/232 1141/1379/232 1131/777/229
s 134
f 1196/778/34 1145/784/34 1154/779/34
s 135
f 1144/781/140 1209/1381/140 1202/782/140
s 130
f 1188/754/70 1122/772/70 1145/784/70
s 131
f 1137/757/67 1134/759/67 1153/786/67
f 1134/759/67 1133/761/67 1152/787/67
f 1133/761/67 1132/860/67 1151/788/67
f 1216/763/67 1131/777/229 1150/789/229
s 132
f 1178/766/230 1195/815/72 1201/791/72
s 226
f 1217/793/34 1200/1382/34 1226/1383/34
s 227
f 1217/793/34 1226/1383/34 1225/794/83
s 134
f 1199/795/34 1152/787/34 1151/788/34
f 1198/797/34 1153/786/34 1152/787/34
s 131
f 1122/772/67 1137/757/67 1154/779/67
s 134
f 1197/780/34 1154/779/34 1153/786/34
s 131
f 1259/798/235 1309/937/236 1310/799/236
s 137
f 1181/802/34 1201/859/34 1150/789/34
f 1150/789/34 1156/1384/34 1180/801/34
s 131
f 1156/804/237 1150/789/229 1131/777/229
f 1131/777/229 1141/1379/232 1259/803/235
s 132
f 1181/806/230 1180/1385/238 1260/905/238
f 1179/773/238 1176/775/238 1177/1386/230
f 1181/806/230 1260/905/238 1179/773/238
f 1179/773/238 1177/1386/230 1178/805/230
f 1119/807/72 1189/751/72 1188/808/72
f 1123/810/72 1191/771/72 1190/752/72
f 1124/811/72 1192/770/72 1191/771/72
f 1125/812/72 1193/768/72 1192/770/72
f 1126/813/72 1194/765/72 1214/769/72
f 1126/813/72 1135/828/72 1195/815/72
f 1144/816/72 1121/809/72 1188/808/72
f 1146/818/72 1144/816/72 1197/819/72
f 1146/818/72 1198/820/72 1199/821/72
f 1147/822/72 1199/821/72 1200/823/72
f 1220/825/72 1148/824/72 1200/823/72
f 1149/827/72 1201/791/72 1195/815/72
s 138
f 1221/831/72 1222/849/72 1213/829/72
f 1208/830/72 1207/855/72 1221/831/72
s 135
f 1121/783/140 1202/782/140 1203/832/140
s 142
f 1146/834/83 1210/841/83 1209/835/83
s 141
f 1119/837/34 1203/1387/34 1204/838/34
s 142
f 1147/840/83 1211/845/83 1210/841/83
s 141
f 1123/839/34 1204/838/34 1205/842/34
s 142
f 1148/844/83 1212/857/83 1211/845/83
s 141
f 1124/843/34 1205/842/34 1206/846/34
s 142
f 1149/848/83 1213/829/83 1222/849/83
s 143
f 1125/847/34 1206/846/34 1221/831/34
s 144
f 1135/852/70 1208/830/70 1213/829/70
f 1126/854/70 1207/855/70 1208/830/70
s 143
f 1219/851/34 1221/831/34 1207/855/34
s 142
f 1220/850/83 1222/849/83 1212/857/83
s 132
f 1149/827/72 1220/825/72 1217/826/72
f 1219/814/72 1214/769/72 1193/768/72
s 137
f 1217/793/34 1218/790/34 1150/789/34
s 146
f 1132/860/140 1224/1388/140 1226/861/140
s 129
f 1127/762/83 1215/764/83 1214/769/83
s 147
f 1218/790/70 1225/1389/70 1223/862/70
s 131
f 1128/760/67 1215/764/67 1216/763/67
s 148
f 1244/865/83 1240/1390/83 1242/863/83
f 1242/863/83 1254/888/83 1245/864/83
s 149
f 1247/867/70 1243/1391/70 1245/864/70
f 1245/864/70 1254/888/70 1253/866/70
f 1253/866/70 1248/1392/70 1247/867/70
s 150
f 1241/870/140 1237/1393/140 1239/868/140
f 1239/868/140 1227/890/140 1228/869/140
f 1228/869/140 1242/863/140 1241/870/140
s 151
f 1228/871/67 1227/1394/67 1252/872/67
s 152
f 1238/875/34 1246/1395/34 1248/874/34
f 1248/874/34 1253/889/34 1239/868/34
s 148
f 1254/888/83 1242/863/83 1228/869/83
s 152
f 1253/889/34 1252/1396/34 1227/890/34
s 149
f 1253/866/70 1254/888/70 1251/873/70
s 228
f 1258/891/67 1256/896/67 1255/892/67
s 158
f 1256/896/70 1271/1397/70 1270/894/70
f 1270/894/70 1272/1398/70 1274/895/70
f 1274/895/70 1255/892/70 1256/896/70
s 159
f 1282/899/72 1249/1399/72 1250/897/72
f 1250/897/72 1277/1400/72 1276/898/72
f 1276/898/72 1279/1401/72 1282/899/72
s 160
f 1273/901/83 1275/1402/83 1278/900/83
f 1278/900/83 1257/1403/83 1255/892/83
f 1255/892/83 1274/895/83 1273/901/83
s 161
f 1264/902/83 1314/944/83 1312/903/83
s 133
f 1259/803/231 1141/1379/231 1179/773/231
s 137
f 1156/906/34 1310/938/34 1308/907/34
s 162
f 1260/909/83 1307/940/83 1309/910/83
s 163
f 1180/912/243 1308/934/243 1307/913/243
s 229
f 1256/896/34 1258/1404/34 1281/915/34
s 164
f 1281/915/34 1280/1405/34 1269/916/34
f 1269/916/34 1271/1397/34 1256/896/34
s 165
f 1231/917/72 1292/929/72 1291/918/72
f 1235/920/72 1294/930/72 1293/921/72
f 1234/923/72 1233/931/72 1296/924/72
f 1230/926/72 1229/932/72 1298/927/72
f 1230/926/72 1297/928/72 1292/929/72
f 1232/919/72 1291/918/72 1294/930/72
f 1236/922/72 1293/921/72 1296/924/72
f 1229/932/72 1234/923/72 1295/925/72
s 166
f 1261/933/231 1307/913/231 1308/934/231
f 1263/936/231 1264/945/231 1310/799/231
f 1264/902/231 1262/904/231 1308/907/231
f 1263/939/231 1309/910/231 1307/940/231
s 167
f 1262/935/236 1312/903/236 1311/942/236
s 168
f 1263/939/34 1261/941/34 1311/942/34
s 169
f 1263/936/243 1313/943/243 1314/944/243
s 170
f 1328/948/62 1315/1406/62 1316/1407/62
f 1316/1407/62 1319/1408/62 1320/946/62
f 1320/946/62 1323/1409/62 1324/947/62
f 1324/947/62 1327/1410/62 1328/948/62
f 1328/948/62 1316/1407/62 1320/946/62
s 171
f 1334/949/244 1365/956/244 1364/950/245
s 172
f 1331/952/140 1363/1010/140 1366/953/244
s 171
f 1334/949/244 1336/960/246 1368/955/246
s 172
f 1335/957/247 1333/954/244 1366/953/244
s 171
f 1338/959/248 1370/1411/248 1368/955/246
s 173
f 1343/961/34 1405/1024/34 1406/962/34
s 174
f 1342/964/249 1344/970/250 1376/965/250
s 175
f 1375/967/83 1378/1412/83 1411/968/83
s 174
f 1344/970/250 1346/1030/251 1377/971/251
s 173
f 1339/972/34 1403/1023/34 1404/973/34
s 172
f 1345/963/252 1378/1039/252 1380/975/70
s 174
f 1379/977/70 1348/1031/70 1350/978/253
s 172
f 1347/976/70 1380/975/70 1382/980/253
s 174
f 1350/978/253 1352/985/55 1383/982/55
s 172
f 1349/981/253 1382/980/253 1384/983/55
s 174
f 1352/985/55 1354/989/254 1386/986/254
s 172
f 1353/987/254 1351/984/55 1384/983/55
s 174
f 1354/989/254 1356/1413/67 1388/990/67
s 172
f 1353/987/254 1385/988/254 1387/991/67
s 174
f 1388/990/67 1356/1413/67 1358/993/255
s 172
f 1355/992/67 1387/991/67 1389/995/255
s 174
f 1360/997/60 1392/1004/60 1390/994/255
s 172
f 1359/998/60 1357/996/255 1389/995/255
s 176
f 1354/1002/83 1352/1414/83 1350/1415/83
f 1350/1415/83 1348/1416/83 1346/1417/83
f 1346/1417/83 1344/1418/83 1342/1419/83
f 1340/1000/83 1338/1420/83 1336/1421/83
f 1346/1417/83 1342/1419/83 1340/1000/83
f 1354/1002/83 1350/1415/83 1346/1417/83
f 1358/1422/83 1356/1423/83 1354/1002/83
f 1362/1001/256 1360/1424/83 1358/1422/83
f 1334/1425/83 1332/1426/261 1362/1001/256
f 1340/1000/83 1336/1421/83 1334/1425/83
f 1354/1002/83 1346/1417/83 1340/1000/83
f 1362/1001/256 1358/1422/83 1354/1002/83
f 1340/1000/83 1334/1425/83 1362/1001/256
s 174
f 1360/997/60 1362/1427/257 1394/1003/257
s 172
f 1361/1005/258 1359/998/60 1391/999/60
s 177
f 1332/1007/259 1364/1034/259 1419/1008/259
s 172
f 1331/952/140 1361/1005/258 1393/1006/258
s 173
f 1359/1012/34 1361/1428/34 1331/1429/34
f 1331/1429/34 1333/1430/34 1335/1431/34
f 1335/1431/34 1337/1028/34 1339/972/34
f 1339/972/34 1341/974/34 1343/961/34
f 1343/961/34 1345/963/34 1347/1432/34
f 1347/1432/34 1349/1433/34 1351/1011/34
f 1351/1011/34 1353/1434/34 1355/1435/34
f 1355/1435/34 1357/1436/34 1359/1012/34
f 1359/1012/34 1331/1429/34 1335/1431/34
f 1335/1431/34 1339/972/34 1343/961/34
f 1343/961/34 1347/1432/34 1351/1011/34
f 1351/1011/34 1355/1435/34 1359/1012/34
f 1359/1012/34 1335/1431/34 1343/961/34
s 175
f 1367/958/83 1366/1437/83 1363/1438/83
f 1363/1438/83 1393/1439/83 1391/1440/83
f 1391/1440/83 1389/1441/83 1387/1442/83
f 1387/1442/83 1385/1443/83 1384/1013/83
f 1384/1013/83 1382/1444/83 1380/1445/83
f 1380/1445/83 1378/1412/83 1375/967/83
f 1375/967/83 1373/1017/83 1371/1019/83
f 1371/1019/83 1369/1025/83 1367/958/83
f 1367/958/83 1363/1438/83 1391/1440/83
f 1391/1440/83 1387/1442/83 1384/1013/83
f 1384/1013/83 1380/1445/83 1375/967/83
f 1375/967/83 1371/1019/83 1367/958/83
f 1367/958/83 1391/1440/83 1384/1013/83
s 178
f 1394/1446/354 1364/1447/263 1365/1014/34
f 1365/1014/34 1368/1448/34 1370/1449/34
f 1372/1450/34 1374/1451/34 1376/1452/34
f 1365/1014/34 1370/1449/34 1372/1450/34
f 1392/1453/34 1394/1446/354 1365/1014/34
f 1388/1016/34 1390/1454/34 1392/1453/34
f 1383/1455/34 1386/1456/34 1388/1016/34
f 1379/1015/34 1381/1457/34 1383/1455/34
f 1376/1452/34 1377/1458/34 1379/1015/34
f 1365/1014/34 1372/1450/34 1376/1452/34
f 1388/1016/34 1392/1453/34 1365/1014/34
f 1379/1015/34 1383/1455/34 1388/1016/34
f 1365/1014/34 1376/1452/34 1379/1015/34
s 175
f 1373/1017/83 1375/967/83 1410/969/83
f 1371/1019/83 1373/1017/83 1408/1018/83
s 230
f 1367/958/355 1412/1026/260 1401/1021/260
s 173
f 1339/972/34 1337/1028/34 1402/1022/34
f 1341/974/34 1404/973/34 1405/1024/34
s 175
f 1369/1025/83 1409/1027/83 1412/1026/83
f 1371/1019/83 1407/1020/83 1409/1027/83
s 173
f 1337/1028/34 1335/1431/34 1401/1029/34
s 174
f 1379/977/70 1377/971/251 1346/1030/251
s 231
f 1332/1007/356 1417/1009/357 1418/1032/358
s 178
f 1364/1034/263 1394/1037/354 1420/1035/264
s 232
f 1362/1036/266 1418/1459/266 1420/1035/266
s 233
f 1345/963/359 1406/962/267 1411/1038/267
s 180
f 1224/1040/34 1132/1460/34 1216/1041/34
s 181
f 1224/1040/67 1223/1042/67 1225/1043/67
s 128
f 1099/1056/273 1098/1461/227 1095/1462/353
f 1100/1055/273 1096/709/273 1097/711/273
f 1099/1056/273 1095/1462/353 1100/1055/273
s 182
f 1514/1058/83 1516/1061/274 1511/1059/274
f 1516/1061/274 1517/1063/275 1510/1062/275
f 1517/1063/275 1518/1463/276 1509/1064/276
f 1509/1064/276 1518/1463/276 1520/1065/277
f 1520/1065/277 1522/1464/278 1507/1067/278
f 1507/1067/278 1522/1464/278 1523/1068/279
f 1506/1069/279 1523/1068/279 1524/1070/280
f 1524/1072/280 1526/1075/34 1504/1073/34
f 1526/1075/34 1528/1465/281 1503/1076/281
f 1503/1076/281 1528/1465/281 1529/1077/282
f 1529/1077/282 1530/1080/283 1501/1079/283
f 1530/1080/283 1532/1082/284 1500/1081/284
f 1532/1082/284 1534/1466/285 1499/1083/285
f 1499/1083/285 1534/1466/285 1535/1084/286
s 183
f 1517/1088/287 1516/1467/287 1514/1468/287
f 1514/1468/287 1536/1469/287 1535/1470/287
f 1535/1470/287 1534/1471/287 1532/1472/287
f 1532/1472/287 1530/1473/360 1529/1086/287
f 1529/1086/287 1528/1474/287 1526/1475/287
f 1526/1475/287 1524/1476/287 1523/1087/287
f 1523/1087/287 1522/1477/360 1520/1478/360
f 1520/1478/360 1518/1479/287 1517/1088/287
f 1517/1088/287 1514/1468/287 1535/1470/287
f 1535/1470/287 1532/1472/287 1529/1086/287
f 1529/1086/287 1526/1475/287 1523/1087/287
f 1523/1087/287 1520/1478/360 1517/1088/287
f 1517/1088/287 1535/1470/287 1529/1086/287
s 182
f 1535/1084/286 1536/1480/288 1497/1089/288
f 1497/1089/288 1536/1480/288 1514/1058/83
s 184
f 1466/1092/289 1465/1481/289 1480/1482/289
f 1480/1482/289 1479/1483/289 1478/1484/289
f 1478/1484/289 1477/1485/289 1476/1486/289
f 1476/1486/289 1475/1487/289 1474/1090/289
f 1474/1090/289 1473/1488/289 1472/1489/289
f 1472/1489/289 1471/1490/289 1470/1091/289
f 1470/1091/289 1469/1491/361 1468/1492/289
f 1468/1492/289 1467/1493/361 1466/1092/289
f 1466/1092/289 1480/1482/289 1478/1484/289
f 1478/1484/289 1476/1486/289 1474/1090/289
f 1474/1090/289 1472/1489/289 1470/1091/289
f 1470/1091/289 1468/1492/289 1466/1092/289
f 1466/1092/289 1478/1484/289 1474/1090/289
s 185
f 1562/1093/290 1564/1119/291 1642/1094/291
f 1643/1096/292 1566/1120/292 1568/1097/293
f 1644/1098/293 1568/1097/293 1570/1099/294
f 1570/1101/294 1572/1104/296 1648/1102/296
f 1572/1104/296 1574/1112/297 1649/1105/297
f 1602/1106/298 1601/1182/297 1633/1107/297
f 1646/1109/299 1582/1157/299 1584/1110/300
f 1574/1112/297 1685/1112/327 1686/1113/298
f 1592/1114/301 1562/1093/290 1641/1095/290
s 186
f 1587/1118/62 1589/1141/62 1591/1144/62
f 1591/1144/62 1561/1147/62 1563/1494/62
f 1563/1494/62 1565/1121/62 1567/1125/62
f 1567/1125/62 1569/1127/62 1571/1116/62
f 1571/1116/62 1573/1128/62 1575/1132/62
f 1575/1132/62 1577/1133/62 1579/1117/62
f 1579/1117/62 1581/1136/62 1583/1137/62
f 1583/1137/62 1585/1139/62 1587/1118/62
f 1587/1118/62 1591/1144/62 1563/1494/62
f 1563/1494/62 1567/1125/62 1571/1116/62
f 1571/1116/62 1575/1132/62 1579/1117/62
f 1579/1117/62 1583/1137/62 1587/1118/62
f 1587/1118/62 1563/1494/62 1571/1116/62
s 185
f 1643/1096/292 1642/1094/291 1564/1119/291
s 186
f 1565/1121/62 1563/1494/62 1596/1122/62
f 1565/1121/62 1597/1123/62 1598/1124/62
f 1567/1125/62 1598/1124/62 1599/1126/62
f 1573/1128/62 1571/1116/62 1600/1129/62
f 1573/1128/62 1601/1130/62 1602/1131/62
f 1577/1133/62 1575/1132/62 1602/1131/62
f 1579/1117/62 1604/1495/62 1605/1135/62
f 1583/1137/62 1581/1136/62 1605/1135/62
f 1585/1139/62 1583/1137/62 1606/1138/62
f 1589/1141/62 1587/1118/62 1608/1142/62
f 1591/1144/62 1589/1141/62 1609/1143/62
f 1591/1144/62 1610/1145/62 1595/1146/62
s 185
f 1651/1148/302 1590/1150/304 1592/1114/301
f 1652/1149/303 1588/1156/308 1590/1150/304
f 1647/1151/305 1655/1158/306 1578/1152/306
f 1653/1111/300 1584/1110/300 1586/1154/307
f 1652/1149/303 1654/1155/307 1586/1154/307
f 1646/1109/299 1647/1151/305 1580/1153/305
f 1655/1158/306 1656/1159/298 1576/1113/298
f 1649/1105/297 1574/1112/297 1576/1113/298
f 1603/1160/309 1602/1106/298 1640/1108/298
f 1605/1162/299 1604/1170/312 1631/1163/305
f 1608/1165/310 1607/1169/311 1638/1166/307
f 1606/1168/300 1637/1180/300 1638/1166/307
f 1604/1170/312 1603/1160/309 1639/1161/306
f 1608/1165/310 1636/1167/303 1635/1171/302
f 1609/1172/302 1635/1171/302 1634/1173/301
f 1596/1175/313 1593/1190/291 1627/1176/292
f 1610/1174/301 1634/1173/301 1594/1178/290
f 1605/1162/299 1630/1164/299 1637/1180/300
f 1632/1181/296 1633/1107/297 1601/1182/297
f 1629/1184/295 1632/1181/296 1600/1183/315
f 1598/1186/293 1628/1189/293 1629/1187/295
f 1597/1177/292 1627/1176/292 1628/1189/293
f 1595/1179/314 1594/1178/290 1593/1190/291
f 1665/1191/316 1663/1496/362 1640/1108/298
f 1640/1108/298 1633/1107/297 1649/1105/297
f 1649/1105/297 1656/1159/298 1665/1191/316
f 1640/1108/298 1663/1496/362 1664/1192/309
f 1631/1163/305 1647/1151/305 1646/1109/299
f 1638/1166/307 1654/1155/307 1652/1149/303
f 1637/1180/300 1653/1111/300 1654/1155/307
f 1655/1158/306 1647/1151/305 1631/1163/305
f 1631/1163/305 1639/1161/306 1664/1192/309
f 1666/1193/309 1655/1158/306 1631/1163/305
f 1630/1164/299 1646/1109/299 1653/1111/300
f 1668/1194/317 1670/1200/319 1648/1102/296
f 1648/1102/296 1649/1105/297 1633/1107/297
f 1633/1107/297 1632/1181/296 1668/1194/317
f 1629/1184/295 1667/1497/321 1668/1194/317
s 187
f 1663/1195/318 1665/1498/318 1673/1196/318
s 185
f 1665/1191/316 1656/1159/298 1655/1158/306
s 188
f 1665/1198/60 1666/1499/60 1674/1199/60
s 185
f 1670/1200/319 1669/1500/321 1645/1103/295
s 189
f 1671/1197/320 1673/1196/320 1674/1199/320
s 190
f 1675/1202/321 1676/1216/321 1677/1203/321
s 191
f 1668/1205/322 1675/1202/322 1678/1204/322
s 192
f 1667/1207/62 1676/1216/62 1675/1202/62
s 193
f 1664/1209/323 1672/1201/323 1674/1199/323
s 194
f 1663/1211/62 1671/1197/62 1672/1201/62
s 195
f 1670/1213/60 1678/1204/60 1677/1203/60
s 196
f 1669/1215/324 1677/1203/325 1676/1216/325
s 185
f 1582/1157/299 1689/1157/299 1690/1110/300
f 1590/1150/304 1700/1150/363 1699/1221/326
f 1701/1222/326 1702/1114/329 1592/1114/301
f 1592/1114/301 1590/1150/304 1699/1221/326
f 1570/1099/294 1568/1097/293 1682/1097/293
f 1576/1113/298 1686/1113/298 1687/1152/306
f 1586/1154/307 1584/1110/300 1690/1110/300
f 1564/1119/291 1562/1093/290 1679/1093/290
f 1570/1101/294 1683/1101/294 1684/1104/296
f 1580/1153/305 1578/1152/306 1687/1152/306
f 1588/1156/308 1586/1154/307 1691/1154/307
f 1564/1119/291 1680/1119/291 1681/1120/292
f 1574/1112/297 1572/1104/296 1684/1104/296
f 1580/1153/305 1688/1153/305 1689/1157/299
f 1700/1150/363 1590/1150/304 1588/1156/308
f 1692/1156/308 1695/1501/328 1703/1223/328
f 1703/1223/328 1700/1150/363 1588/1156/308
f 1696/1224/330 1679/1093/290 1562/1093/290
f 1562/1093/290 1592/1114/301 1702/1114/329
f 1704/1224/330 1696/1224/330 1562/1093/290
f 1566/1120/292 1681/1120/292 1682/1097/293
s 198
f 1693/1225/331 1699/1233/334 1700/1226/67
s 200
f 1695/1232/70 1697/1502/70 1694/1231/70
f 1694/1231/70 1693/1225/70 1703/1227/70
s 198
f 1699/1233/334 1693/1225/331 1694/1234/76
s 199
f 1704/1237/332 1702/1503/364 1701/1235/85
f 1701/1235/85 1694/1234/85 1697/1236/85
f 1697/1236/85 1698/1504/333 1704/1237/332
s 234
g RoverModificado_SpacialRoverExploreralumGray
usemtl SpacialRoverExploreralumGray
f 56/1505/140 57/1506/258 55/1507/140
f 57/1506/258 60/1508/60 59/1509/60
f 60/1508/60 61/1510/255 59/1509/60
f 62/1511/255 63/1512/67 61/1510/255
f 64/1513/67 65/1514/254 63/1515/67
f 66/1516/254 67/1517/55 65/1514/254
f 68/1518/55 69/1519/253 67/1517/55
f 70/1520/253 71/1521/70 69/1519/253
f 72/1522/70 73/1523/251 71/1521/70
f 74/1524/251 75/1525/62 73/1523/251
f 76/1526/62 77/1527/365 75/1525/62
f 78/1528/365 79/1529/72 77/1527/365
f 80/1530/72 81/1531/366 79/1529/72
f 82/1532/366 83/1533/63 81/1531/366
f 84/1534/63 85/1535/244 83/1533/63
f 86/1536/244 55/1507/140 85/1535/244
s 235
f 432/1537/140 449/1538/140 447/1539/140
f 440/1540/140 464/1541/140 463/1542/140
f 434/1543/140 449/1538/140 433/1544/140
f 435/1545/140 451/1546/140 434/1543/140
f 436/1547/140 453/1548/140 435/1545/140
f 436/1547/140 457/1549/140 455/1550/140
s 236
f 462/1551/162 464/1552/83 441/1553/83
f 461/1554/161 462/1551/162 460/1555/161
f 459/1556/72 460/1557/161 458/1558/72
f 456/1559/160 459/1556/72 458/1558/72
f 454/1560/159 457/1561/160 456/1559/160
f 453/1562/34 454/1560/159 452/1563/34
f 451/1564/158 452/1563/34 450/1565/158
f 449/1566/157 450/1565/158 448/1567/157
f 447/1568/67 448/1567/157 446/1569/67
f 445/1570/156 446/1569/67 444/1571/156
f 443/1572/155 444/1571/156 442/1573/155
f 441/1553/83 443/1572/155 442/1573/155
s 235
f 440/1540/140 461/1574/140 439/1575/140
f 432/1537/140 445/1576/140 431/1577/140
f 439/1575/140 459/1578/140 438/1579/140
f 430/1580/140 445/1576/140 443/1581/140
f 437/1582/140 459/1578/140 457/1549/140
f 429/1583/140 443/1581/140 464/1541/140
s 237
f 541/1584/83 585/1585/83 543/1586/83
s 238
f 536/1587/34 558/1588/34 534/1589/34
s 237
f 529/1590/83 551/1591/83 578/1592/83
s 238
f 542/1593/34 573/1594/34 570/1595/34
s 237
f 537/1596/83 581/1597/83 582/1598/83
s 238
f 530/1599/34 577/1600/34 527/1601/34
s 237
f 543/1586/83 586/1602/83 545/1603/83
s 238
f 538/1604/34 561/1605/34 536/1587/34
s 237
f 531/1606/83 578/1592/83 579/1607/83
s 238
f 544/1608/34 576/1609/34 573/1594/34
s 237
f 537/1596/83 583/1610/83 539/1611/83
s 238
f 532/1612/34 552/1613/34 530/1599/34
s 237
f 528/1614/83 586/1602/83 551/1591/83
s 238
f 538/1604/34 567/1615/34 564/1616/34
s 237
f 533/1617/83 579/1607/83 580/1618/83
s 238
f 527/1601/34 576/1609/34 546/1619/34
s 237
f 539/1611/83 584/1620/83 541/1584/83
s 238
f 534/1589/34 555/1621/34 532/1612/34
f 540/1622/34 570/1595/34 567/1615/34
s 237
f 535/1623/83 580/1618/83 581/1597/83
s 239
f 551/1624/367 587/1625/368 578/1626/368
s 240
f 553/1627/83 598/1628/83 599/1629/83
s 241
f 590/1630/34 606/1631/34 607/1632/34
s 242
f 591/1633/369 582/1634/370 581/1635/369
s 243
f 592/1636/371 583/1637/371 582/1634/371
s 244
f 593/1638/372 584/1639/372 583/1637/372
s 245
f 594/1640/70 585/1641/70 584/1639/70
s 246
f 585/1641/373 596/1642/373 586/1643/373
s 247
f 586/1643/374 588/1644/374 551/1624/374
s 240
f 556/1645/83 568/1646/83 574/1647/83
s 248
f 574/1648/374 577/1649/374 547/1650/374
s 249
f 573/1651/373 574/1648/373 571/1652/373
s 250
f 570/1653/70 571/1652/70 568/1654/70
s 251
f 567/1655/372 568/1654/372 565/1656/372
s 252
f 564/1657/371 565/1656/371 562/1658/371
s 253
f 561/1659/369 562/1658/370 559/1660/369
s 254
f 552/1661/368 598/1662/72 548/1663/368
f 577/1649/367 548/1663/368 547/1650/367
s 241
f 549/1664/34 588/1665/34 550/1666/34
f 549/1664/34 589/1667/34 587/1668/34
f 554/1669/34 590/1630/34 589/1667/34
f 560/1670/34 590/1630/34 557/1671/34
f 563/1672/34 591/1673/34 560/1670/34
f 566/1674/34 592/1675/34 563/1672/34
f 569/1676/34 593/1677/34 566/1674/34
f 569/1676/34 595/1678/34 594/1679/34
f 572/1680/34 596/1681/34 595/1678/34
f 550/1666/34 596/1681/34 575/1682/34
s 238
f 555/1621/34 597/1683/34 552/1613/34
s 242
f 581/1635/369 606/1684/67 591/1633/369
s 253
f 559/1660/369 608/1685/67 561/1659/369
s 241
f 589/1667/34 601/1686/34 587/1668/34
s 237
f 579/1607/83 609/1687/83 610/1688/83
s 238
f 558/1588/34 608/1689/34 603/1690/34
s 237
f 580/1618/83 612/1691/83 581/1597/83
s 239
f 587/1625/368 609/1692/72 578/1626/368
s 240
f 556/1645/83 605/1693/83 559/1694/83
s 255
f 758/1695/188 774/1696/189 759/1697/189
f 770/1698/180 788/1699/181 771/1700/181
f 766/1701/182 784/1702/183 767/1703/183
f 762/1704/178 780/1705/179 763/1706/179
s 256
f 727/1707/67 728/1708/67 775/1709/67
s 255
f 764/1710/174 782/1711/175 765/1712/175
f 760/1713/176 778/1714/177 761/1715/177
f 768/1716/186 786/1717/187 769/1718/187
f 772/1719/184 776/1720/185 757/1721/185
f 788/1699/181 772/1719/184 771/1700/181
f 758/1695/188 776/1720/185 775/1722/188
f 784/1702/183 768/1716/186 767/1703/183
f 770/1698/180 786/1717/187 785/1723/180
f 780/1705/179 764/1710/174 763/1706/179
f 766/1701/182 782/1711/175 781/1724/182
f 774/1696/189 760/1725/176 759/1697/189
f 762/1704/178 778/1714/177 777/1726/178
s 256
f 788/1727/67 739/1728/67 787/1729/67
f 739/1728/67 740/1730/67 787/1729/67
f 787/1729/67 727/1707/67 776/1731/67
f 784/1732/67 735/1733/67 736/1734/67
f 733/1735/67 734/1736/67 781/1737/67
f 784/1732/67 734/1736/67 735/1733/67
f 725/1738/67 726/1739/67 774/1740/67
f 734/1736/67 784/1732/67 781/1737/67
f 728/1708/67 774/1740/67 775/1709/67
f 783/1741/67 736/1734/67 737/1742/67
f 739/1728/67 788/1727/67 738/1743/67
f 778/1744/67 773/1745/67 729/1746/67
f 786/1747/67 738/1743/67 785/1748/67
f 729/1746/67 777/1749/67 778/1744/67
f 730/1750/67 777/1749/67 729/1746/67
f 786/1747/67 737/1742/67 738/1743/67
f 731/1751/67 780/1752/67 730/1750/67
f 786/1747/67 783/1741/67 737/1742/67
f 726/1739/67 773/1745/67 774/1740/67
f 773/1745/67 726/1739/67 729/1746/67
f 783/1741/67 784/1732/67 736/1734/67
f 732/1753/67 779/1754/67 731/1751/67
f 779/1754/67 780/1752/67 731/1751/67
f 733/1735/67 779/1754/67 732/1753/67
f 740/1730/67 727/1707/67 787/1729/67
f 788/1727/67 785/1748/67 738/1743/67
f 733/1735/67 781/1737/67 782/1755/67
f 780/1752/67 777/1749/67 730/1750/67
f 727/1707/67 775/1709/67 776/1731/67
f 779/1754/67 733/1735/67 782/1755/67
f 774/1740/67 728/1708/67 725/1738/67
s 257
f 841/1756/72 859/1757/72 846/1758/72
s 258
f 855/1759/140 852/1760/140 853/1761/140
s 259
f 847/1762/83 862/1763/83 849/1764/83
s 260
f 850/1765/67 853/1761/67 843/1766/67
s 261
f 844/1767/34 856/1768/34 840/1769/34
s 262
f 853/1761/78 845/1770/78 843/1766/78
s 263
f 854/1771/82 844/1767/82 845/1770/82
s 264
f 841/1756/71 857/1772/71 855/1773/71
s 265
f 842/1774/84 856/1768/84 857/1772/84
s 266
f 847/1762/81 860/1775/81 858/1776/81
s 267
f 848/1777/77 859/1757/77 860/1775/77
s 268
f 850/1778/76 863/1779/76 861/1780/76
s 269
f 851/1781/85 862/1763/85 863/1779/85
s 270
f 938/1782/72 920/1783/72 925/1784/72
s 271
f 934/1785/140 932/1786/140 931/1787/140
s 272
f 941/1788/34 926/1789/34 928/1790/34
s 273
f 932/1786/67 929/1791/67 922/1792/67
s 274
f 935/1793/83 923/1794/83 919/1795/83
s 275
f 924/1796/76 932/1786/76 922/1792/76
s 276
f 923/1794/85 933/1797/85 924/1796/85
s 277
f 936/1798/77 920/1783/77 934/1799/77
s 278
f 935/1793/81 921/1800/81 936/1798/81
s 279
f 939/1801/84 926/1789/84 937/1802/84
s 280
f 938/1782/71 927/1803/71 939/1801/71
s 281
f 942/1804/78 929/1805/78 940/1806/78
s 282
f 941/1788/82 930/1807/82 942/1804/82
s 283
f 841/1756/72 855/1773/72 859/1757/72
s 258
f 859/1808/140 855/1759/140 853/1761/140
f 855/1759/140 857/1809/140 856/1810/140
f 852/1760/140 855/1759/140 856/1810/140
f 852/1760/140 854/1811/140 853/1761/140
f 853/1761/140 861/1812/140 859/1808/140
f 861/1812/140 863/1813/140 862/1814/140
f 859/1808/140 861/1812/140 858/1815/140
f 862/1814/140 858/1815/140 861/1812/140
f 858/1815/140 860/1816/140 859/1808/140
s 284
f 847/1762/83 858/1776/83 862/1763/83
s 285
f 850/1765/67 861/1812/67 853/1761/67
s 286
f 844/1767/34 852/1817/34 856/1768/34
s 262
f 853/1761/78 854/1771/78 845/1770/78
s 263
f 854/1771/82 852/1817/82 844/1767/82
s 264
f 841/1756/71 842/1774/71 857/1772/71
s 265
f 842/1774/84 840/1769/84 856/1768/84
s 266
f 847/1762/81 848/1777/81 860/1775/81
s 267
f 848/1777/77 846/1758/77 859/1757/77
s 268
f 850/1778/76 851/1781/76 863/1779/76
s 269
f 851/1781/85 849/1764/85 862/1763/85
s 270
f 938/1782/72 934/1799/72 920/1783/72
s 271
f 936/1818/140 934/1785/140 935/1819/140
f 934/1785/140 938/1820/140 932/1786/140
f 938/1820/140 939/1821/140 937/1822/140
f 937/1822/140 941/1823/140 940/1824/140
f 941/1823/140 942/1825/140 940/1824/140
f 940/1824/140 932/1786/140 938/1820/140
f 937/1822/140 940/1824/140 938/1820/140
f 932/1786/140 933/1826/140 931/1787/140
f 931/1787/140 935/1819/140 934/1785/140
s 272
f 941/1788/34 937/1802/34 926/1789/34
s 273
f 932/1786/67 940/1824/67 929/1791/67
s 274
f 935/1793/83 931/1827/83 923/1794/83
s 287
f 924/1796/76 933/1797/76 932/1786/76
s 288
f 923/1794/85 931/1827/85 933/1797/85
s 289
f 936/1798/77 921/1800/77 920/1783/77
s 290
f 935/1793/81 919/1795/81 921/1800/81
s 291
f 939/1801/84 927/1803/84 926/1789/84
s 292
f 938/1782/71 925/1784/71 927/1803/71
s 293
f 942/1804/78 930/1807/78 929/1805/78
s 294
f 941/1788/82 928/1790/82 930/1807/82
s 295
f 1015/1828/375 965/1829/376 990/1830/377
f 970/1831/378 998/1832/379 971/1833/380
f 972/1834/381 1000/1835/382 973/1836/383
f 974/1837/384 1002/1838/385 975/1839/386
f 976/1840/387 1004/1841/388 977/1842/389
f 1003/1843/390 954/1844/83 978/1845/391
f 958/1846/83 979/1847/392 957/1848/83
f 1005/1849/393 981/1850/394 980/1851/395
f 1007/1852/396 983/1853/397 982/1854/398
f 1009/1855/399 985/1856/400 984/1857/401
f 1011/1858/402 987/1859/403 986/1860/404
f 1013/1861/405 989/1862/406 988/1863/407
s 296
f 1012/1864/408 953/1865/409 997/1866/410
s 295
f 968/1867/411 996/1868/412 969/1869/413
f 966/1870/414 992/1871/415 967/1872/416
s 297
f 1020/1873/83 1032/1874/83 1028/1875/83
s 295
f 994/1876/417 966/1870/414 965/1829/376
f 991/1877/418 967/1872/416 992/1871/415
f 995/1878/419 969/1869/413 996/1868/412
f 997/1879/420 971/1833/380 998/1832/379
f 999/1880/421 973/1836/383 1000/1835/382
f 1001/1881/422 975/1839/386 1002/1838/385
f 978/1845/391 1004/1841/388 1003/1843/390
f 980/1851/395 1006/1882/423 1005/1849/393
f 982/1854/398 1008/1883/424 1007/1852/396
f 984/1857/401 1010/1884/425 1009/1855/399
f 986/1860/404 1012/1885/426 1011/1858/402
f 988/1863/407 1014/1886/427 1013/1861/405
f 990/1830/377 1016/1887/428 1015/1828/375
s 298
f 976/1888/429 980/1889/430 988/1890/431
s 299
f 1140/1891/432 1185/1892/432 1143/1893/432
s 300
f 1185/1892/238 1184/1894/238 1186/1895/238
s 301
f 1140/1896/83 1183/1897/83 1182/1898/83
s 299
f 1143/1893/432 1186/1895/432 1157/1899/432
s 302
f 1157/1900/34 1187/1901/34 1155/1902/34
s 303
f 1142/1903/433 1183/1897/433 1138/1904/433
f 1155/1905/433 1184/1894/433 1142/1903/433
s 176
f 1340/1906/83 1395/1907/83 1338/1908/83
f 1395/1907/83 1421/1909/83 1338/1908/83
s 178
f 1400/1910/34 1415/1911/34 1374/1912/34
f 1372/1913/34 1400/1910/34 1374/1912/34
f 1370/1914/34 1399/1915/34 1372/1913/34
s 176
f 1342/1916/83 1396/1917/83 1340/1906/83
s 304
f 1374/1912/67 1416/1918/67 1342/1916/67
s 176
f 1342/1916/83 1414/1919/83 1397/1920/83
s 305
f 1415/1921/70 1414/1919/70 1416/1918/70
s 306
f 1428/1922/83 1431/1923/83 1427/1924/83
s 307
f 1421/1909/140 1424/1925/140 1422/1926/140
s 308
f 1338/1908/67 1422/1927/67 1370/1914/67
s 178
f 1370/1914/34 1424/1928/34 1398/1929/34
s 309
f 1426/1930/140 1427/1924/140 1425/1931/140
s 310
f 1432/1932/70 1429/1933/70 1431/1923/70
s 311
f 1430/1934/34 1425/1931/34 1429/1935/34
s 312
f 1428/1936/67 1430/1934/67 1432/1937/67
s 234
f 56/1505/140 58/1938/258 57/1506/258
f 57/1506/258 58/1938/258 60/1508/60
f 60/1508/60 62/1511/255 61/1510/255
f 62/1511/255 64/1939/67 63/1512/67
f 64/1513/67 66/1516/254 65/1514/254
f 66/1516/254 68/1518/55 67/1517/55
f 68/1518/55 70/1520/253 69/1519/253
f 70/1520/253 72/1522/70 71/1521/70
f 72/1522/70 74/1524/251 73/1523/251
f 74/1524/251 76/1526/62 75/1525/62
f 76/1526/62 78/1528/365 77/1527/365
f 78/1528/365 80/1530/72 79/1529/72
f 80/1530/72 82/1532/366 81/1531/366
f 82/1532/366 84/1534/63 83/1533/63
f 84/1534/63 86/1536/244 85/1535/244
f 86/1536/244 56/1505/140 55/1507/140
s 235
f 432/1537/140 433/1544/140 449/1538/140
f 440/1540/140 429/1583/140 464/1541/140
f 434/1543/140 451/1546/140 449/1538/140
f 435/1545/140 453/1548/140 451/1546/140
f 436/1547/140 455/1550/140 453/1548/140
f 436/1547/140 437/1582/140 457/1549/140
s 236
f 462/1551/162 463/1940/162 464/1552/83
f 461/1554/161 463/1940/162 462/1551/162
f 459/1556/72 461/1941/161 460/1557/161
f 456/1559/160 457/1561/160 459/1556/72
f 454/1560/159 455/1942/159 457/1561/160
f 453/1562/34 455/1942/159 454/1560/159
f 451/1564/158 453/1562/34 452/1563/34
f 449/1566/157 451/1564/158 450/1565/158
f 447/1568/67 449/1566/157 448/1567/157
f 445/1570/156 447/1568/67 446/1569/67
f 443/1572/155 445/1570/156 444/1571/156
f 441/1553/83 464/1552/83 443/1572/155
s 235
f 440/1540/140 463/1542/140 461/1574/140
f 432/1537/140 447/1539/140 445/1576/140
f 439/1575/140 461/1574/140 459/1578/140
f 430/1580/140 431/1577/140 445/1576/140
f 437/1582/140 438/1579/140 459/1578/140
f 429/1583/140 430/1580/140 443/1581/140
s 237
f 541/1584/83 584/1620/83 585/1585/83
s 238
f 536/1587/34 561/1605/34 558/1588/34
s 237
f 529/1590/83 528/1614/83 551/1591/83
s 238
f 542/1593/34 544/1608/34 573/1594/34
s 237
f 537/1596/83 535/1623/83 581/1597/83
s 238
f 530/1599/34 552/1613/34 577/1600/34
s 237
f 543/1586/83 585/1585/83 586/1602/83
s 238
f 538/1604/34 564/1616/34 561/1605/34
s 237
f 531/1606/83 529/1590/83 578/1592/83
s 238
f 544/1608/34 546/1619/34 576/1609/34
s 237
f 537/1596/83 582/1598/83 583/1610/83
s 238
f 532/1612/34 555/1621/34 552/1613/34
s 237
f 528/1614/83 545/1603/83 586/1602/83
s 238
f 538/1604/34 540/1622/34 567/1615/34
s 237
f 533/1617/83 531/1606/83 579/1607/83
s 238
f 527/1601/34 577/1600/34 576/1609/34
s 237
f 539/1611/83 583/1610/83 584/1620/83
s 238
f 534/1589/34 558/1588/34 555/1621/34
f 540/1622/34 542/1593/34 570/1595/34
s 237
f 535/1623/83 533/1617/83 580/1618/83
s 239
f 551/1624/367 588/1644/367 587/1625/368
s 240
f 553/1627/83 548/1943/83 598/1628/83
s 241
f 590/1630/34 591/1673/34 606/1631/34
s 242
f 591/1633/369 592/1636/370 582/1634/370
s 243
f 592/1636/371 593/1638/371 583/1637/371
s 244
f 593/1638/372 594/1640/372 584/1639/372
s 245
f 594/1640/70 595/1944/70 585/1641/70
s 246
f 585/1641/373 595/1944/373 596/1642/373
s 247
f 586/1643/374 596/1642/374 588/1644/374
s 240
f 574/1647/83 547/1945/83 548/1943/83
f 548/1943/83 553/1627/83 556/1645/83
f 556/1645/83 559/1694/83 562/1946/83
f 562/1946/83 565/1947/83 568/1646/83
f 568/1646/83 571/1948/83 574/1647/83
f 574/1647/83 548/1943/83 556/1645/83
f 556/1645/83 562/1946/83 568/1646/83
s 248
f 574/1648/374 576/1949/374 577/1649/374
s 249
f 573/1651/373 576/1949/373 574/1648/373
s 250
f 570/1653/70 573/1651/70 571/1652/70
s 251
f 567/1655/372 570/1653/372 568/1654/372
s 252
f 564/1657/371 567/1655/371 565/1656/371
s 253
f 561/1659/369 564/1657/370 562/1658/370
s 313
f 552/1661/434 597/1950/72 598/1662/72
s 254
f 577/1649/367 552/1661/368 548/1663/368
s 241
f 549/1664/34 587/1668/34 588/1665/34
f 549/1664/34 554/1669/34 589/1667/34
f 554/1669/34 557/1671/34 590/1630/34
f 560/1670/34 591/1673/34 590/1630/34
f 563/1672/34 592/1675/34 591/1673/34
f 566/1674/34 593/1677/34 592/1675/34
f 569/1676/34 594/1679/34 593/1677/34
f 569/1676/34 572/1680/34 595/1678/34
f 572/1680/34 575/1682/34 596/1681/34
f 550/1666/34 588/1665/34 596/1681/34
s 314
f 555/1621/34 602/1951/34 597/1683/34
s 315
f 581/1635/435 612/1952/67 606/1684/67
s 316
f 559/1660/435 605/1953/67 608/1685/67
s 317
f 589/1667/34 600/1954/34 601/1686/34
s 237
f 579/1607/83 578/1592/83 609/1687/83
s 238
f 558/1588/34 561/1605/34 608/1689/34
s 318
f 580/1618/83 611/1955/83 612/1691/83
s 319
f 587/1625/434 601/1956/72 609/1692/72
s 320
f 556/1645/83 604/1957/83 605/1693/83
s 255
f 758/1695/188 775/1722/188 774/1696/189
f 770/1698/180 785/1723/180 788/1699/181
f 766/1701/182 781/1724/182 784/1702/183
f 762/1704/178 777/1726/178 780/1705/179
f 764/1710/174 779/1958/174 782/1711/175
f 760/1713/176 773/1959/176 778/1714/177
f 768/1716/186 783/1960/186 786/1717/187
f 772/1719/184 787/1961/184 776/1720/185
f 788/1699/181 787/1961/184 772/1719/184
f 758/1695/188 757/1721/185 776/1720/185
f 784/1702/183 783/1960/186 768/1716/186
f 770/1698/180 769/1718/187 786/1717/187
f 780/1705/179 779/1958/174 764/1710/174
f 766/1701/182 765/1712/175 782/1711/175
f 774/1696/189 773/1962/176 760/1725/176
f 762/1704/178 761/1715/177 778/1714/177
s 295
f 1015/1828/375 994/1876/417 965/1829/376
f 970/1831/378 995/1878/419 998/1832/379
f 972/1834/381 997/1879/420 1000/1835/382
f 974/1837/384 999/1880/421 1002/1838/385
f 976/1840/387 1001/1881/422 1004/1841/388
f 1003/1843/390 953/1963/83 954/1844/83
f 958/1846/83 1006/1882/423 979/1847/392
f 1005/1849/393 1008/1883/424 981/1850/394
f 1007/1852/396 1010/1884/425 983/1853/397
f 1009/1855/399 1012/1885/426 985/1856/400
f 1011/1858/402 1014/1886/427 987/1859/403
f 1013/1861/405 1016/1887/428 989/1862/406
s 296
f 996/1964/436 991/1965/437 992/1966/436
f 992/1966/436 993/1967/436 994/1968/436
f 994/1968/436 1015/1969/438 1016/1970/436
f 1016/1970/436 1013/1971/439 1014/1972/436
f 1014/1972/436 1011/1973/440 1012/1864/408
f 1012/1864/408 1009/1974/436 1010/1975/441
f 1010/1975/441 1007/1976/442 1008/1977/443
f 1008/1977/443 1005/1978/444 1006/1979/444
f 958/1980/445 956/1981/83 953/1865/409
f 1008/1977/443 1006/1979/444 958/1980/445
f 1012/1864/408 1010/1975/441 1008/1977/443
f 1016/1970/436 1014/1972/436 1012/1864/408
f 992/1966/436 994/1968/436 1016/1970/436
f 995/1982/436 996/1964/436 992/1966/436
f 997/1866/410 998/1983/446 995/1982/436
f 999/1984/447 1000/1985/436 997/1866/410
f 1001/1986/448 1002/1987/449 999/1984/447
f 1003/1988/450 1004/1989/451 1001/1986/448
f 1008/1977/443 958/1980/445 953/1865/409
f 953/1865/409 1003/1988/450 1001/1986/448
f 1001/1986/448 999/1984/447 997/1866/410
f 997/1866/410 995/1982/436 992/1966/436
f 992/1966/436 1016/1970/436 1012/1864/408
f 1012/1864/408 1008/1977/443 953/1865/409
f 953/1865/409 1001/1986/448 997/1866/410
f 997/1866/410 992/1966/436 1012/1864/408
s 295
f 968/1867/411 991/1877/418 996/1868/412
f 966/1870/414 993/1990/452 992/1871/415
s 297
f 1028/1875/83 1023/1991/83 1024/1992/83
f 1024/1992/83 1019/1993/83 1020/1873/83
f 1020/1873/83 1035/1994/83 1036/1995/83
f 1036/1995/83 1031/1996/83 1032/1874/83
f 1032/1874/83 1027/1997/83 1028/1875/83
f 1028/1875/83 1024/1992/83 1020/1873/83
f 1020/1873/83 1036/1995/83 1032/1874/83
s 295
f 994/1876/417 993/1990/452 966/1870/414
f 991/1877/418 968/1867/411 967/1872/416
f 995/1878/419 970/1831/378 969/1869/413
f 997/1879/420 972/1834/381 971/1833/380
f 999/1880/421 974/1837/384 973/1836/383
f 1001/1881/422 976/1840/387 975/1839/386
f 978/1845/391 977/1842/389 1004/1841/388
f 980/1851/395 979/1847/392 1006/1882/423
f 982/1854/398 981/1850/394 1008/1883/424
f 984/1857/401 983/1853/397 1010/1884/425
f 986/1860/404 985/1856/400 1012/1885/426
f 988/1863/407 987/1859/403 1014/1886/427
f 990/1830/377 989/1862/406 1016/1887/428
s 298
f 990/1998/453 965/1999/454 966/2000/453
f 966/2000/453 967/2001/455 968/2002/456
f 968/2002/456 969/2003/457 970/2004/453
f 970/2004/453 971/2005/453 972/2006/458
f 972/2006/458 973/2007/453 974/2008/459
f 974/2008/459 975/2009/460 976/1888/429
f 976/1888/429 977/2010/461 978/2011/461
f 954/2012/462 955/2013/34 957/2014/463
f 976/1888/429 978/2011/461 954/2012/462
f 972/2006/458 974/2008/459 976/1888/429
f 968/2002/456 970/2004/453 972/2006/458
f 990/1998/453 966/2000/453 968/2002/456
f 988/1890/431 989/2015/453 990/1998/453
f 986/2016/453 987/2017/453 988/1890/431
f 984/2018/464 985/2019/453 986/2016/453
f 982/2020/465 983/2021/453 984/2018/464
f 980/1889/430 981/2022/466 982/2020/465
f 957/2014/463 979/2023/467 980/1889/430
f 976/1888/429 954/2012/462 957/2014/463
f 968/2002/456 972/2006/458 976/1888/429
f 988/1890/431 990/1998/453 968/2002/456
f 984/2018/464 986/2016/453 988/1890/431
f 980/1889/430 982/2020/465 984/2018/464
f 976/1888/429 957/2014/463 980/1889/430
f 988/1890/431 968/2002/456 976/1888/429
f 980/1889/430 984/2018/464 988/1890/431
s 321
f 1140/1891/432 1182/1898/432 1185/1892/432
s 300
f 1185/1892/238 1182/1898/238 1183/1897/238
f 1184/1894/238 1187/1901/238 1186/1895/238
f 1185/1892/238 1183/1897/238 1184/1894/238
s 301
f 1140/1896/83 1138/2024/83 1183/1897/83
s 299
f 1143/1893/432 1185/1892/432 1186/1895/432
s 322
f 1157/1900/34 1186/1895/34 1187/1901/34
s 303
f 1142/1903/433 1184/1894/433 1183/1897/433
s 323
f 1155/1905/468 1187/1901/468 1184/1894/468
s 176
f 1340/1906/83 1396/1917/83 1395/1907/83
f 1395/1907/83 1423/2025/83 1421/1909/83
s 178
f 1400/1910/34 1413/2026/34 1415/1911/34
f 1372/1913/34 1399/1915/34 1400/1910/34
f 1370/1914/34 1398/1929/34 1399/1915/34
s 176
f 1342/1916/83 1397/1920/83 1396/1917/83
s 304
f 1374/1912/67 1415/1911/67 1416/1918/67
s 176
f 1342/1916/83 1416/1918/83 1414/1919/83
s 324
f 1415/1921/70 1413/2027/70 1414/1919/70
s 306
f 1428/1922/83 1432/1932/83 1431/1923/83
s 325
f 1421/1909/140 1423/2025/140 1424/1925/140
s 308
f 1338/1908/67 1421/1909/67 1422/1927/67
s 178
f 1370/1914/34 1422/1927/34 1424/1928/34
s 309
f 1426/1930/140 1428/1922/140 1427/1924/140
s 310
f 1432/1932/70 1430/2028/70 1429/1933/70
s 311
f 1430/1934/34 1426/1930/34 1425/1931/34
s 312
f 1428/1936/67 1426/1930/67 1430/1934/67
s 326
f 1718/2029/83 1726/2030/83 1719/2031/83
s 327
f 1712/2032/83 1708/2033/83 1707/2034/83
s 328
f 1706/2035/469 1711/2036/469 1709/2037/469
s 329
f 1706/2035/67 1707/2034/67 1708/2038/67
s 330
f 1710/2039/470 1707/2034/470 1705/2040/470
s 331
f 1714/2041/70 1728/2042/70 1717/2043/70
s 332
f 1722/2044/72 1726/2045/72 1728/2046/72
s 333
f 1720/2047/140 1722/2048/140 1715/2049/140
s 334
f 1726/2030/6 1720/2047/6 1719/2031/6
s 335
f 1716/2050/15 1722/2048/15 1721/2051/15
s 336
f 1714/2041/8 1724/2052/8 1723/2053/8
s 337
f 1718/2054/1 1728/2042/1 1727/2055/1
s 338
f 1716/2050/34 1724/2052/34 1713/2056/34
s 339
f 1731/2057/72 1746/2058/72 1732/2059/72
s 340
f 1732/2059/83 1746/2058/83 1764/2060/83
s 341
f 1733/2061/34 1749/2062/34 1763/2063/34
s 342
f 1729/2064/72 1758/2065/72 1736/2066/72
s 343
f 1735/2067/67 1740/2068/67 1730/2069/67
s 344
f 1734/2070/67 1749/2062/67 1733/2061/67
s 345
f 1743/2071/140 1752/2072/140 1747/2073/140
s 346
f 1759/2074/140 1741/2075/140 1755/2076/140
s 347
f 1739/2077/244 1759/2078/244 1760/2079/244
s 348
f 1747/2080/244 1745/2081/244 1743/2082/244
s 349
f 1748/2083/366 1744/2084/366 1745/2081/366
s 350
f 1741/2075/258 1757/2085/258 1755/2076/258
s 351
f 1742/2086/255 1756/2087/255 1757/2085/255
s 352
f 1753/2088/255 1751/2089/255 1749/2062/255
s 353
f 1754/2090/258 1750/2091/258 1751/2089/258
s 354
f 1730/2069/34 1740/2068/34 1762/2092/34
s 355
f 1738/2093/366 1760/2079/366 1758/2065/366
s 356
f 1757/2094/83 1756/2087/83 1761/2095/83
s 354
f 1738/2096/34 1762/2092/34 1739/2097/34
s 356
f 1761/2095/83 1735/2067/83 1736/2066/83
f 1761/2095/83 1758/2065/83 1760/2098/83
f 1759/2099/83 1755/2100/83 1761/2095/83
f 1760/2098/83 1759/2099/83 1761/2095/83
f 1761/2095/83 1755/2100/83 1757/2094/83
s 354
f 1739/2097/34 1762/2092/34 1737/2101/34
f 1741/2102/34 1762/2092/34 1742/2103/34
f 1737/2101/34 1762/2092/34 1741/2102/34
f 1742/2103/34 1762/2092/34 1740/2068/34
s 341
f 1744/2104/34 1763/2063/34 1745/2105/34
f 1745/2105/34 1763/2063/34 1743/2106/34
f 1751/2107/34 1763/2063/34 1749/2062/34
f 1743/2106/34 1763/2063/34 1750/2108/34
f 1750/2108/34 1763/2063/34 1751/2107/34
s 340
f 1753/2088/83 1764/2060/83 1754/2109/83
f 1754/2109/83 1764/2060/83 1752/2110/83
f 1748/2111/83 1764/2060/83 1746/2058/83
f 1752/2110/83 1764/2060/83 1747/2112/83
f 1747/2112/83 1764/2060/83 1748/2111/83
s 357
f 1710/2039/34 1706/2113/34 1709/2114/34
s 358
f 1709/2115/72 1711/2116/72 1720/2117/72
f 1720/2117/72 1711/2116/72 1719/2118/72
f 1712/2032/72 1718/2119/72 1711/2116/72
f 1718/2119/72 1712/2032/72 1717/2120/72
f 1717/2120/72 1712/2032/72 1710/2039/72
f 1714/2121/72 1717/2120/72 1710/2039/72
f 1709/2115/72 1720/2117/72 1715/2122/72
f 1713/2123/72 1714/2121/72 1710/2039/72
f 1709/2115/72 1715/2122/72 1716/2124/72
f 1709/2115/72 1716/2124/72 1713/2123/72
f 1709/2115/72 1713/2123/72 1710/2039/72
f 1718/2119/72 1719/2118/72 1711/2116/72
s 359
f 1731/2057/72 1744/2084/72 1746/2058/72
s 340
f 1753/2088/83 1734/2070/83 1764/2060/83
f 1734/2070/83 1732/2059/83 1764/2060/83
s 341
f 1744/2104/34 1731/2125/34 1763/2063/34
f 1731/2125/34 1733/2061/34 1763/2063/34
s 360
f 1729/2064/72 1738/2093/72 1758/2065/72
s 361
f 1735/2067/67 1756/2087/67 1740/2068/67
s 362
f 1734/2070/67 1753/2088/67 1749/2062/67
s 345
f 1743/2071/140 1750/2091/140 1752/2072/140
s 346
f 1759/2074/140 1737/2126/140 1741/2075/140
s 347
f 1739/2077/244 1737/2127/244 1759/2078/244
s 348
f 1747/2080/244 1748/2083/244 1745/2081/244
s 349
f 1748/2083/366 1746/2058/366 1744/2084/366
s 350
f 1741/2075/258 1742/2086/258 1757/2085/258
s 351
f 1742/2086/255 1740/2068/255 1756/2087/255
s 352
f 1753/2088/255 1754/2090/255 1751/2089/255
s 353
f 1754/2090/258 1752/2072/258 1750/2091/258
s 354
f 1738/2096/34 1729/2128/34 1762/2092/34
f 1729/2128/34 1730/2069/34 1762/2092/34
s 355
f 1738/2093/366 1739/2077/366 1760/2079/366
s 356
f 1736/2066/83 1758/2065/83 1761/2095/83
f 1761/2095/83 1756/2087/83 1735/2067/83
s 326
f 1718/2029/83 1727/2129/83 1726/2030/83
s 327
f 1712/2032/83 1711/2130/83 1708/2033/83
s 328
f 1706/2035/469 1708/2038/469 1711/2036/469
s 329
f 1706/2035/67 1705/2040/67 1707/2034/67
s 330
f 1710/2039/470 1712/2032/470 1707/2034/470
s 331
f 1714/2041/70 1723/2053/70 1728/2042/70
s 332
f 1728/2046/72 1723/2131/72 1724/2132/72
f 1724/2132/72 1721/2133/72 1722/2044/72
f 1722/2044/72 1725/2134/72 1726/2045/72
f 1726/2045/72 1727/2135/72 1728/2046/72
f 1728/2046/72 1724/2132/72 1722/2044/72
s 333
f 1720/2047/140 1725/2136/140 1722/2048/140
s 334
f 1726/2030/6 1725/2136/6 1720/2047/6
s 335
f 1716/2050/15 1715/2049/15 1722/2048/15
s 336
f 1714/2041/8 1713/2056/8 1724/2052/8
s 337
f 1718/2054/1 1717/2043/1 1728/2042/1
s 338
f 1716/2050/34 1721/2051/34 1724/2052/34
s 357
f 1710/2039/34 1705/2040/34 1706/2113/34
s 363
f 1782/2029/83 1790/2030/83 1783/2031/83
s 364
f 1776/2032/83 1772/2033/83 1771/2034/83
s 365
f 1770/2035/469 1775/2036/469 1773/2037/469
s 366
f 1770/2035/67 1771/2034/67 1772/2038/67
s 367
f 1774/2039/470 1771/2034/470 1769/2040/470
s 368
f 1778/2041/70 1792/2042/70 1781/2043/70
s 369
f 1786/2044/72 1790/2045/72 1792/2046/72
s 370
f 1784/2047/140 1786/2048/140 1779/2049/140
s 371
f 1790/2030/6 1784/2047/6 1783/2031/6
s 372
f 1780/2050/15 1786/2048/15 1785/2051/15
s 373
f 1778/2041/8 1788/2052/8 1787/2053/8
s 374
f 1782/2054/1 1792/2042/1 1791/2055/1
s 375
f 1780/2050/34 1788/2052/34 1777/2056/34
s 376
f 1795/2057/72 1810/2058/72 1796/2059/72
s 377
f 1796/2059/83 1810/2058/83 1828/2060/83
s 378
f 1797/2061/34 1813/2062/34 1827/2063/34
s 379
f 1793/2064/72 1822/2065/72 1800/2066/72
s 380
f 1799/2067/67 1804/2068/67 1794/2069/67
s 381
f 1798/2070/67 1813/2062/67 1797/2061/67
s 382
f 1807/2071/140 1816/2072/140 1811/2073/140
s 383
f 1823/2074/140 1805/2075/140 1819/2076/140
s 384
f 1803/2077/244 1823/2078/244 1824/2079/244
s 385
f 1811/2080/244 1809/2081/244 1807/2082/244
s 386
f 1812/2083/366 1808/2084/366 1809/2081/366
s 387
f 1805/2075/258 1821/2085/258 1819/2076/258
s 388
f 1806/2086/255 1820/2087/255 1821/2085/255
s 389
f 1817/2088/255 1815/2089/255 1813/2062/255
s 390
f 1818/2090/258 1814/2091/258 1815/2089/258
s 391
f 1794/2069/34 1804/2068/34 1826/2092/34
s 392
f 1802/2093/366 1824/2079/366 1822/2065/366
s 393
f 1821/2094/83 1820/2087/83 1825/2095/83
s 391
f 1802/2096/34 1826/2092/34 1803/2097/34
s 393
f 1825/2095/83 1799/2067/83 1800/2066/83
f 1825/2095/83 1822/2065/83 1824/2098/83
f 1823/2099/83 1819/2100/83 1825/2095/83
f 1824/2098/83 1823/2099/83 1825/2095/83
f 1825/2095/83 1819/2100/83 1821/2094/83
s 391
f 1803/2097/34 1826/2092/34 1801/2101/34
f 1805/2102/34 1826/2092/34 1806/2103/34
f 1801/2101/34 1826/2092/34 1805/2102/34
f 1806/2103/34 1826/2092/34 1804/2068/34
s 378
f 1808/2104/34 1827/2063/34 1809/2105/34
f 1809/2105/34 1827/2063/34 1807/2106/34
f 1815/2107/34 1827/2063/34 1813/2062/34
f 1807/2106/34 1827/2063/34 1814/2108/34
f 1814/2108/34 1827/2063/34 1815/2107/34
s 377
f 1817/2088/83 1828/2060/83 1818/2109/83
f 1818/2109/83 1828/2060/83 1816/2110/83
f 1812/2111/83 1828/2060/83 1810/2058/83
f 1816/2110/83 1828/2060/83 1811/2112/83
f 1811/2112/83 1828/2060/83 1812/2111/83
s 394
f 1774/2039/34 1770/2113/34 1773/2114/34
s 395
f 1773/2115/72 1775/2116/72 1784/2117/72
f 1784/2117/72 1775/2116/72 1783/2118/72
f 1776/2032/72 1782/2119/72 1775/2116/72
f 1782/2119/72 1776/2032/72 1781/2120/72
f 1781/2120/72 1776/2032/72 1774/2039/72
f 1778/2121/72 1781/2120/72 1774/2039/72
f 1773/2115/72 1784/2117/72 1779/2122/72
f 1777/2123/72 1778/2121/72 1774/2039/72
f 1773/2115/72 1779/2122/72 1780/2124/72
f 1773/2115/72 1780/2124/72 1777/2123/72
f 1773/2115/72 1777/2123/72 1774/2039/72
f 1782/2119/72 1783/2118/72 1775/2116/72
s 396
f 1795/2057/72 1808/2084/72 1810/2058/72
s 377
f 1817/2088/83 1798/2070/83 1828/2060/83
f 1798/2070/83 1796/2059/83 1828/2060/83
s 378
f 1808/2104/34 1795/2125/34 1827/2063/34
f 1795/2125/34 1797/2061/34 1827/2063/34
s 397
f 1793/2064/72 1802/2093/72 1822/2065/72
s 398
f 1799/2067/67 1820/2087/67 1804/2068/67
s 399
f 1798/2070/67 1817/2088/67 1813/2062/67
s 382
f 1807/2071/140 1814/2091/140 1816/2072/140
s 383
f 1823/2074/140 1801/2126/140 1805/2075/140
s 384
f 1803/2077/244 1801/2127/244 1823/2078/244
s 385
f 1811/2080/244 1812/2083/244 1809/2081/244
s 386
f 1812/2083/366 1810/2058/366 1808/2084/366
s 387
f 1805/2075/258 1806/2086/258 1821/2085/258
s 388
f 1806/2086/255 1804/2068/255 1820/2087/255
s 389
f 1817/2088/255 1818/2090/255 1815/2089/255
s 390
f 1818/2090/258 1816/2072/258 1814/2091/258
s 391
f 1802/2096/34 1793/2128/34 1826/2092/34
f 1793/2128/34 1794/2069/34 1826/2092/34
s 392
f 1802/2093/366 1803/2077/366 1824/2079/366
s 393
f 1800/2066/83 1822/2065/83 1825/2095/83
f 1825/2095/83 1820/2087/83 1799/2067/83
s 363
f 1782/2029/83 1791/2129/83 1790/2030/83
s 364
f 1776/2032/83 1775/2130/83 1772/2033/83
s 365
f 1770/2035/469 1772/2038/469 1775/2036/469
s 366
f 1770/2035/67 1769/2040/67 1771/2034/67
s 367
f 1774/2039/470 1776/2032/470 1771/2034/470
s 368
f 1778/2041/70 1787/2053/70 1792/2042/70
s 369
f 1792/2046/72 1787/2131/72 1788/2132/72
f 1788/2132/72 1785/2133/72 1786/2044/72
f 1786/2044/72 1789/2134/72 1790/2045/72
f 1790/2045/72 1791/2135/72 1792/2046/72
f 1792/2046/72 1788/2132/72 1786/2044/72
s 370
f 1784/2047/140 1789/2136/140 1786/2048/140
s 371
f 1790/2030/6 1789/2136/6 1784/2047/6
s 372
f 1780/2050/15 1779/2049/15 1786/2048/15
s 373
f 1778/2041/8 1777/2056/8 1788/2052/8
s 374
f 1782/2054/1 1781/2043/1 1792/2042/1
s 375
f 1780/2050/34 1785/2051/34 1788/2052/34
s 394
f 1774/2039/34 1769/2040/34 1770/2113/34
s 400
g RoverModificado_SpacialRoverExploreralumBlack
usemtl SpacialRoverExploreralumBlack
f 148/2137/15 169/2138/471 157/2139/16
f 154/2140/1 172/2141/472 151/2142/2
f 156/2143/3 160/2144/473 153/2145/4
f 158/2146/5 175/2147/474 155/2148/6
s 401
f 160/2149/475 176/2150/476 89/2151/477
s 402
f 163/2152/478 173/2153/479 92/2154/480
s 403
f 172/2155/481 161/2156/482 96/2157/483
s 404
f 175/2158/484 170/2159/485 98/2160/486
s 405
f 169/2161/487 167/2162/488 97/2163/489
s 406
f 166/2164/490 164/2165/491 94/2166/492
s 407
f 2/2167/493 23/2168/494 13/2169/493
f 3/2170/495 19/2171/496 8/2172/496
s 408
f 24/2173/497 226/2174/497 29/2175/498
s 407
f 1/2176/499 17/2177/500 11/2178/499
f 9/2179/501 17/2177/500 7/2180/500
s 408
f 230/2181/502 26/2182/502 229/2183/503
s 407
f 3/2170/495 22/2184/504 18/2185/495
s 408
f 29/2175/498 235/2186/498 236/2187/505
f 229/2183/503 26/2182/502 224/2188/503
s 407
f 4/2189/506 19/2171/496 20/2190/506
f 4/2189/506 21/2191/507 10/2192/507
s 408
f 29/2175/498 236/2187/505 227/2193/505
s 407
f 9/2179/501 21/2191/507 16/2194/501
s 408
f 227/2193/505 228/2195/508 25/2196/508
f 15/2197/509 239/2198/509 240/2199/509
s 407
f 2/2167/493 22/2184/504 6/2200/504
s 408
f 223/2201/510 224/2188/503 12/2202/510
f 29/2175/498 227/2193/505 25/2196/508
s 407
f 1/2203/499 23/2168/494 5/2204/494
s 408
f 12/2202/510 28/2205/511 223/2201/510
s 409
f 27/2206/34 18/2207/35 22/2208/34
s 410
f 24/2209/40 19/2210/39 18/2207/40
s 411
f 20/2211/46 30/2212/53 21/2213/53
s 410
f 29/2214/39 20/2211/50 19/2210/39
s 412
f 17/2215/20 15/2216/19 28/2217/20
s 411
f 21/2213/53 15/2216/54 16/2218/54
s 413
f 12/2219/43 23/2220/47 11/2221/43
s 412
f 28/2217/20 11/2222/41 17/2215/20
s 413
f 26/2223/47 13/2224/49 23/2220/47
s 409
f 14/2225/36 22/2208/34 13/2224/36
s 414
f 186/2226/61 198/2227/62 183/2228/62
s 415
f 196/2229/34 180/2230/34 200/2231/34
s 414
f 188/2232/55 196/2233/56 185/2234/56
f 190/2235/57 194/2236/58 187/2237/58
f 182/2238/63 178/2239/64 191/2240/64
s 400
f 152/2241/7 163/2242/512 149/2243/8
s 416
f 94/2244/513 87/2245/513 97/2246/513
s 417
f 91/2247/67 88/2248/67 95/2249/67
s 418
f 96/2250/514 93/2251/514 92/2252/514
s 419
f 98/2253/83 90/2254/83 89/2255/83
s 420
f 92/2252/34 95/2256/34 94/2244/34
s 421
f 89/2255/515 91/2257/515 96/2250/515
s 422
f 98/2258/516 87/2245/516 88/2259/516
s 400
f 150/2260/17 166/2261/517 147/2262/18
s 414
f 184/2263/65 200/2264/66 181/2265/66
s 400
f 159/2266/518 160/2149/473 161/2156/519
f 162/2267/520 163/2152/512 164/2165/521
f 165/2268/522 166/2164/517 167/2162/523
f 168/2269/524 169/2161/471 170/2159/525
f 171/2270/526 172/2155/472 173/2153/527
f 174/2271/528 175/2158/474 176/2150/529
f 158/2146/5 169/2138/471 168/2272/524
f 156/2143/3 175/2273/474 174/2274/528
f 160/2144/473 154/2140/1 153/2145/4
f 163/2242/512 150/2260/17 149/2243/8
f 166/2261/517 148/2137/15 147/2262/18
f 172/2141/472 152/2241/7 151/2142/2
s 414
f 194/2236/58 188/2232/55 187/2237/58
f 198/2227/62 184/2263/65 183/2228/62
f 200/2264/66 182/2275/63 181/2265/66
f 192/2276/59 178/2239/64 177/2277/59
f 185/2234/56 195/2278/61 186/2226/61
f 190/2235/57 180/2279/60 179/2280/57
f 189/2281/60 177/2277/59 180/2279/60
s 408
f 237/2282/530 30/2283/531 228/2195/508
f 27/2284/532 231/2285/532 232/2286/532
f 27/2284/532 14/2287/533 222/2288/534
f 233/2289/511 234/2290/535 28/2205/511
f 240/2199/509 233/2289/511 28/2205/511
f 28/2205/511 15/2197/509 240/2199/509
f 237/2282/530 238/2291/531 30/2283/531
f 238/2291/531 239/2198/509 30/2283/531
f 28/2205/511 234/2290/535 223/2201/510
f 30/2283/531 239/2198/509 15/2197/509
f 230/2181/502 221/2292/533 26/2182/502
f 27/2284/532 232/2286/532 225/2293/536
f 226/2174/497 235/2186/498 29/2175/498
f 24/2173/497 225/2293/536 226/2174/497
f 222/2288/534 14/2287/533 221/2292/533
f 24/2173/497 27/2284/532 225/2293/536
f 231/2285/532 27/2284/532 222/2288/534
f 30/2283/531 25/2196/508 228/2195/508
f 224/2188/503 26/2182/502 12/2202/510
f 221/2292/533 14/2287/533 26/2182/502
s 423
f 383/2294/537 391/2295/537 384/2296/537
s 424
f 392/2297/67 390/2298/67 391/2295/67
s 425
f 384/2296/538 390/2299/538 318/2300/538
s 426
f 317/2301/539 392/2302/539 383/2303/539
s 427
f 318/2300/540 389/2304/540 317/2301/540
s 423
f 383/2294/537 392/2297/537 391/2295/537
s 424
f 392/2297/67 389/2305/67 390/2298/67
s 425
f 384/2296/538 391/2295/538 390/2299/538
s 426
f 317/2301/539 389/2304/539 392/2302/539
s 427
f 318/2300/540 390/2299/540 389/2304/540
s 428
f 505/2306/140 501/2307/140 497/2308/140
s 429
f 952/2309/541 962/2310/542 951/2311/542
s 295
f 950/2312/83 954/2313/83 953/2314/83
f 947/2315/83 955/2316/83 954/2317/83
f 950/2318/83 956/2319/83 951/2311/83
f 949/2320/83 955/2316/83 948/2321/83
f 952/2309/83 956/2319/83 958/2322/83
f 952/2323/83 957/2324/83 949/2325/83
s 430
f 962/2310/83 963/2326/83 961/2327/83
s 429
f 951/2311/542 959/2328/543 950/2318/543
s 431
f 950/2312/544 960/2329/544 947/2330/544
s 432
f 949/2325/140 964/2331/140 952/2323/140
s 433
f 948/2321/545 963/2326/546 949/2320/546
f 947/2315/547 961/2327/545 948/2321/545
s 434
f 1035/2332/130 1017/2333/130 1034/2334/130
s 435
f 1027/2335/67 1029/2336/67 1026/2337/67
s 436
f 1031/2338/135 1033/2339/135 1030/2340/135
s 437
f 1023/2341/136 1025/2342/136 1022/2343/136
s 438
f 1019/2344/133 1021/2345/133 1018/2346/133
s 439
f 1020/2347/72 1018/2346/72 1017/2333/72
s 440
f 1022/2343/131 1024/2348/131 1023/2341/131
s 441
f 1026/2337/134 1028/2349/134 1027/2335/134
s 442
f 1030/2350/137 1032/2351/137 1031/2352/137
s 443
f 1034/2334/132 1036/2353/132 1035/2332/132
s 429
f 952/2309/541 964/2331/541 962/2310/542
s 295
f 950/2312/83 947/2330/83 954/2313/83
f 947/2315/83 948/2321/83 955/2316/83
f 950/2318/83 953/2354/83 956/2319/83
f 949/2320/83 957/2355/83 955/2316/83
f 952/2309/83 951/2311/83 956/2319/83
f 952/2323/83 958/2356/83 957/2324/83
s 430
f 961/2327/83 960/2329/83 962/2310/83
f 960/2329/83 959/2328/83 962/2310/83
f 962/2310/83 964/2331/83 963/2326/83
s 429
f 951/2311/542 962/2310/542 959/2328/543
s 431
f 950/2312/544 959/2328/544 960/2329/544
s 432
f 949/2325/140 963/2326/140 964/2331/140
s 433
f 948/2321/545 961/2327/545 963/2326/546
f 947/2315/547 960/2329/547 961/2327/545
s 434
f 1035/2332/130 1020/2347/130 1017/2333/130
s 435
f 1027/2335/67 1032/2351/67 1029/2336/67
s 436
f 1031/2338/135 1036/2353/135 1033/2339/135
s 437
f 1023/2341/136 1028/2349/136 1025/2342/136
s 438
f 1019/2344/133 1024/2348/133 1021/2345/133
s 439
f 1020/2347/72 1019/2344/72 1018/2346/72
s 440
f 1022/2343/131 1021/2345/131 1024/2348/131
s 441
f 1026/2337/134 1025/2342/134 1028/2349/134
s 442
f 1030/2350/137 1029/2336/137 1032/2351/137
s 443
f 1034/2334/132 1033/2339/132 1036/2353/132
s 444
f 1044/2357/548 1042/2358/549 1043/2359/550
s 445
f 1048/2360/67 1041/2361/67 1044/2357/67
s 446
f 1054/2362/551 1061/2363/552 1053/2364/551
s 447
f 1045/2365/83 1044/2357/83 1043/2366/83
f 1039/2367/83 1045/2365/83 1038/2368/83
s 448
f 1040/2369/34 1046/2370/34 1047/2371/34
s 445
f 1039/2367/67 1047/2371/67 1048/2360/67
s 444
f 1056/2372/553 1052/2373/554 1055/2374/555
s 449
f 1049/2375/556 1062/2376/140 1057/2377/557
s 445
f 1047/2371/67 1051/2378/67 1041/2361/67
s 444
f 1041/2361/558 1052/2379/554 1042/2358/549
s 449
f 1046/2380/559 1050/2381/559 1047/2371/559
s 444
f 1051/2378/560 1055/2374/555 1052/2382/554
s 449
f 1049/2383/556 1061/2363/140 1062/2376/140
s 450
f 1057/2377/561 1059/2384/562 1056/2372/561
s 451
f 1037/2385/563 1039/2367/564 1038/2368/565
s 444
f 1054/2362/70 1052/2386/554 1060/2387/70
s 449
f 1053/2364/140 1061/2363/140 1049/2388/556
s 452
f 1055/2374/566 1057/2377/566 1056/2372/566
s 450
f 1062/2376/562 1060/2387/567 1059/2384/562
s 453
f 1055/2374/568 1050/2381/568 1058/2389/568
s 449
f 1057/2377/557 1058/2389/569 1049/2390/556
f 1050/2381/559 1049/2391/556 1058/2389/569
s 444
f 1060/2387/70 1052/2392/554 1059/2384/70
f 1056/2372/553 1059/2384/70 1052/2393/554
s 454
f 1164/2394/83 1161/2395/83 1160/2396/83
s 455
f 1171/2397/70 1165/2398/70 1164/2394/70
s 456
f 1158/2399/34 1169/2400/34 1170/2401/34
s 457
f 1160/2402/67 1170/2401/67 1171/2397/67
s 458
f 1168/2403/72 1159/2404/72 1165/2398/72
s 459
f 1174/2405/72 1167/2406/72 1162/2407/72
s 455
f 1169/2400/70 1166/2408/70 1163/2409/70
f 1170/2401/70 1163/2409/70 1162/2410/70
f 1171/2397/70 1162/2410/70 1167/2411/70
f 1168/2403/70 1167/2411/70 1166/2408/70
s 460
f 1172/2412/67 1163/2413/67 1166/2414/67
s 461
f 1175/2415/34 1166/2416/34 1167/2417/34
s 462
f 1173/2418/83 1162/2419/83 1163/2420/83
s 152
f 1246/2421/34 1298/2422/34 1295/2423/34
s 148
f 1240/879/83 1294/2424/83 1291/2425/83
s 149
f 1243/882/70 1296/2426/70 1293/2427/70
s 463
f 1232/2428/8 1300/2429/8 1231/2430/8
s 464
f 1291/2425/6 1241/880/6 1240/879/6
s 465
f 1293/2427/1 1244/883/1 1243/882/1
s 466
f 1295/2431/8 1247/886/8 1246/885/8
s 467
f 1238/877/15 1297/2432/15 1298/2422/15
s 150
f 1237/876/140 1292/2433/140 1297/2432/140
s 468
f 1301/2434/72 1303/2435/72 1305/2436/72
s 469
f 1229/2437/83 1303/2435/83 1234/2438/83
s 470
f 1235/2439/34 1299/2440/34 1232/2441/34
s 471
f 1230/2442/1 1306/2443/1 1229/2444/1
s 472
f 1236/2445/15 1302/2446/15 1235/2447/15
s 473
f 1233/2448/140 1301/2434/140 1236/2449/140
s 474
f 1231/2450/70 1305/2436/70 1230/2451/70
s 475
f 1234/2452/6 1304/2453/6 1233/2454/6
s 476
f 1314/944/231 1311/942/231 1312/903/231
s 477
f 1507/2455/570 1490/2456/571 1491/2457/570
f 1508/2458/572 1491/2457/570 1492/2459/572
f 1509/2460/573 1492/2459/572 1493/2461/573
f 1510/2462/574 1493/2461/573 1494/2463/574
f 1512/2464/575 1481/2465/576 1497/2466/576
f 1510/2462/574 1495/2467/577 1511/2468/577
f 1497/2466/576 1482/2469/578 1498/2470/578
f 1512/2464/575 1495/2467/577 1496/2471/575
s 478
f 1481/2472/288 1480/2473/83 1465/2474/288
f 1482/2475/286 1465/2474/288 1466/2476/286
f 1467/2477/285 1482/2475/286 1466/2476/286
f 1468/2478/284 1483/2479/285 1467/2477/285
f 1469/2480/283 1484/2481/284 1468/2478/284
f 1486/2482/282 1469/2480/283 1470/2483/282
f 1471/2484/281 1486/2482/282 1470/2483/282
f 1472/2485/34 1487/2486/281 1471/2484/281
f 1473/2487/280 1488/2488/34 1472/2485/34
f 1474/2489/279 1489/2490/280 1473/2491/280
f 1491/2492/278 1474/2489/279 1475/2493/278
f 1476/2494/277 1491/2492/278 1475/2493/278
f 1477/2495/276 1492/2496/277 1476/2494/277
f 1494/2497/275 1477/2495/276 1478/2498/275
f 1495/2499/274 1478/2498/275 1479/2500/274
f 1496/2501/83 1479/2500/274 1480/2473/83
s 477
f 1498/2470/578 1483/2502/579 1499/2503/579
f 1500/2504/580 1483/2502/579 1484/2505/580
f 1500/2504/580 1485/2506/581 1501/2507/581
f 1502/2508/582 1485/2506/581 1486/2509/582
f 1503/2510/583 1486/2509/582 1487/2511/583
f 1504/2512/584 1487/2511/583 1488/2513/584
f 1505/2514/585 1488/2513/584 1489/2515/585
f 1506/2516/571 1489/2515/585 1490/2456/571
s 479
f 1533/2517/586 1559/2518/586 1560/2519/586
s 480
f 1519/2520/587 1556/2521/587 1521/2522/587
s 481
f 1544/2523/587 1551/2524/587 1543/2525/587
s 482
f 1538/2526/588 1545/2527/588 1537/2528/588
s 483
f 1554/2529/589 1545/2530/589 1546/2531/589
s 484
f 1555/2532/589 1548/2533/589 1556/2534/589
s 485
f 1558/2535/589 1549/2536/589 1550/2537/589
s 486
f 1559/2518/589 1552/2538/589 1560/2539/361
s 487
f 1539/2540/83 1555/2532/83 1519/2520/83
s 488
f 1531/2541/34 1551/2542/34 1559/2518/34
s 489
f 1540/2543/590 1556/2521/590 1548/2544/590
s 490
f 1541/2545/591 1550/2546/591 1549/2547/591
s 491
f 1533/2517/592 1552/2548/592 1544/2523/592
s 492
f 1515/2549/591 1553/2550/591 1554/2551/591
s 493
f 1525/2552/588 1558/2553/588 1527/2554/588
s 494
f 1538/2526/593 1554/2551/593 1546/2555/593
s 495
f 1541/2556/277 1557/2557/277 1525/2552/277
s 496
f 1539/2558/586 1548/2544/586 1547/2559/586
s 497
f 1537/2560/284 1553/2550/284 1513/2561/284
s 498
f 1527/2554/594 1550/2546/594 1542/2562/594
s 477
f 1507/2455/570 1506/2516/571 1490/2456/571
f 1508/2458/572 1507/2455/570 1491/2457/570
f 1509/2460/573 1508/2458/572 1492/2459/572
f 1510/2462/574 1509/2460/573 1493/2461/573
f 1512/2464/575 1496/2471/575 1481/2465/576
f 1510/2462/574 1494/2463/574 1495/2467/577
f 1497/2466/576 1481/2465/576 1482/2469/578
f 1512/2464/575 1511/2468/577 1495/2467/577
s 478
f 1481/2472/288 1496/2501/83 1480/2473/83
f 1482/2475/286 1481/2472/288 1465/2474/288
f 1467/2477/285 1483/2479/285 1482/2475/286
f 1468/2478/284 1484/2481/284 1483/2479/285
f 1469/2480/283 1485/2563/283 1484/2481/284
f 1486/2482/282 1485/2563/283 1469/2480/283
f 1471/2484/281 1487/2486/281 1486/2482/282
f 1472/2485/34 1488/2488/34 1487/2486/281
f 1473/2487/280 1489/2564/280 1488/2488/34
f 1474/2489/279 1490/2565/279 1489/2490/280
f 1491/2492/278 1490/2565/279 1474/2489/279
f 1476/2494/277 1492/2496/277 1491/2492/278
f 1477/2495/276 1493/2566/276 1492/2496/277
f 1494/2497/275 1493/2566/276 1477/2495/276
f 1495/2499/274 1494/2497/275 1478/2498/275
f 1496/2501/83 1495/2499/274 1479/2500/274
s 477
f 1498/2470/578 1482/2469/578 1483/2502/579
f 1500/2504/580 1499/2503/579 1483/2502/579
f 1500/2504/580 1484/2505/580 1485/2506/581
f 1502/2508/582 1501/2507/581 1485/2506/581
f 1503/2510/583 1502/2508/582 1486/2509/582
f 1504/2512/584 1503/2510/583 1487/2511/583
f 1505/2514/585 1504/2512/584 1488/2513/584
f 1506/2516/571 1505/2514/585 1489/2515/585
s 479
f 1533/2517/586 1531/2541/586 1559/2518/586
s 499
f 1519/2520/587 1555/2532/587 1556/2521/587
s 500
f 1544/2523/587 1552/2548/587 1551/2524/587
s 501
f 1538/2526/588 1546/2555/588 1545/2527/588
s 483
f 1554/2529/589 1553/2550/589 1545/2530/589
s 484
f 1555/2532/589 1547/2567/589 1548/2533/589
s 485
f 1558/2535/589 1557/2557/589 1549/2536/589
s 486
f 1559/2518/589 1551/2542/589 1552/2538/589
s 502
f 1539/2540/83 1547/2567/83 1555/2532/83
s 488
f 1531/2541/34 1543/2568/34 1551/2542/34
s 489
f 1540/2543/590 1521/2522/590 1556/2521/590
s 490
f 1541/2545/591 1542/2562/591 1550/2546/591
s 503
f 1533/2517/592 1560/2519/592 1552/2548/592
s 492
f 1515/2549/591 1513/2561/591 1553/2550/591
s 504
f 1525/2552/588 1557/2557/588 1558/2553/588
s 494
f 1538/2526/593 1515/2549/593 1554/2551/593
s 505
f 1541/2556/277 1549/2536/277 1557/2557/277
s 496
f 1539/2558/586 1540/2543/586 1548/2544/586
s 506
f 1537/2560/284 1545/2530/284 1553/2550/284
s 507
f 1527/2554/594 1558/2553/594 1550/2546/594
s 400
f 148/2137/15 165/2569/522 169/2138/471
f 154/2140/1 159/2570/518 172/2141/472
f 156/2143/3 174/2274/528 160/2144/473
f 158/2146/5 168/2272/524 175/2147/474
s 401
f 89/2151/477 161/2156/595 160/2149/475
f 160/2149/475 174/2271/596 176/2150/476
f 176/2150/476 98/2571/597 89/2151/477
s 402
f 92/2154/480 164/2165/598 163/2152/478
f 163/2152/478 171/2270/478 173/2153/479
f 173/2153/479 96/2157/599 92/2154/480
s 403
f 96/2157/483 173/2153/600 172/2155/481
f 172/2155/481 159/2266/601 161/2156/482
f 161/2156/482 89/2151/602 96/2157/483
s 404
f 98/2160/486 176/2150/603 175/2158/484
f 175/2158/484 168/2269/484 170/2159/485
f 170/2159/485 97/2163/604 98/2160/486
s 405
f 97/2163/489 170/2159/605 169/2161/487
f 169/2161/487 165/2268/606 167/2162/488
f 167/2162/488 94/2166/607 97/2163/489
s 406
f 94/2166/492 167/2162/608 166/2164/490
f 166/2164/490 162/2267/609 164/2165/491
f 164/2165/491 92/2154/610 94/2166/492
s 407
f 2/2167/493 5/2204/494 23/2168/494
f 3/2170/495 18/2185/495 19/2171/496
f 1/2176/499 7/2180/500 17/2177/500
f 9/2179/501 16/2194/501 17/2177/500
f 3/2170/495 6/2200/504 22/2184/504
f 4/2189/506 8/2172/496 19/2171/496
f 4/2189/506 20/2190/506 21/2191/507
f 9/2179/501 10/2192/507 21/2191/507
f 2/2167/493 13/2169/493 22/2184/504
f 1/2203/499 11/2178/499 23/2168/494
s 409
f 27/2206/34 24/2209/35 18/2207/35
s 410
f 24/2209/40 29/2214/39 19/2210/39
s 411
f 20/2211/46 25/2572/46 30/2212/53
s 410
f 29/2214/39 25/2572/50 20/2211/50
s 412
f 17/2215/20 16/2218/19 15/2216/19
s 411
f 21/2213/53 30/2212/53 15/2216/54
s 413
f 12/2219/43 26/2223/47 23/2220/47
s 412
f 28/2217/20 12/2573/41 11/2222/41
s 413
f 26/2223/47 14/2225/49 13/2224/49
s 409
f 14/2225/36 27/2206/34 22/2208/34
s 414
f 186/2226/61 195/2278/61 198/2227/62
s 415
f 200/2231/34 197/2574/34 198/2575/34
f 198/2575/34 195/2576/34 196/2229/34
f 196/2229/34 193/2577/34 194/2578/34
f 194/2578/34 179/2579/34 180/2230/34
f 180/2230/34 177/2580/34 178/2581/34
f 178/2581/34 199/2582/34 200/2231/34
f 200/2231/34 198/2575/34 196/2229/34
f 196/2229/34 194/2578/34 180/2230/34
f 180/2230/34 178/2581/34 200/2231/34
s 414
f 188/2232/55 193/2583/55 196/2233/56
f 190/2235/57 179/2280/57 194/2236/58
f 182/2238/63 199/2584/63 178/2239/64
s 400
f 152/2241/7 171/2585/526 163/2242/512
s 416
f 94/2244/513 95/2256/513 87/2245/513
s 417
f 95/2249/67 93/2586/67 91/2247/67
f 91/2247/67 90/2587/67 88/2248/67
f 88/2248/67 87/2588/67 95/2249/67
s 418
f 96/2250/514 91/2257/514 93/2251/514
s 419
f 98/2253/83 88/2589/83 90/2254/83
s 420
f 92/2252/34 93/2251/34 95/2256/34
s 421
f 89/2255/515 90/2254/515 91/2257/515
s 422
f 98/2258/516 97/2246/516 87/2245/516
s 400
f 150/2260/17 162/2590/520 166/2261/517
s 414
f 184/2263/65 197/2591/65 200/2264/66
s 400
f 158/2146/5 157/2139/16 169/2138/471
f 156/2143/3 155/2592/6 175/2273/474
f 160/2144/473 159/2570/518 154/2140/1
f 163/2242/512 162/2590/520 150/2260/17
f 166/2261/517 165/2569/522 148/2137/15
f 172/2141/472 171/2585/526 152/2241/7
s 414
f 194/2236/58 193/2583/55 188/2232/55
f 198/2227/62 197/2591/65 184/2263/65
f 200/2264/66 199/2593/63 182/2275/63
f 192/2276/59 191/2240/64 178/2239/64
f 185/2234/56 196/2233/56 195/2278/61
f 190/2235/57 189/2281/60 180/2279/60
f 189/2281/60 192/2276/59 177/2277/59
s 428
f 497/2308/140 495/2594/140 496/2595/140
f 496/2595/140 506/2596/140 505/2306/140
f 505/2306/140 504/2597/140 503/2598/140
f 503/2598/140 502/2599/140 501/2307/140
f 501/2307/140 500/2600/140 499/2601/140
f 499/2601/140 498/2602/140 497/2308/140
f 497/2308/140 496/2595/140 505/2306/140
f 505/2306/140 503/2598/140 501/2307/140
f 501/2307/140 499/2601/140 497/2308/140
s 444
f 1044/2357/548 1041/2361/558 1042/2358/549
s 445
f 1048/2360/67 1047/2371/67 1041/2361/67
s 450
f 1054/2362/551 1060/2387/567 1061/2363/567
s 447
f 1045/2365/83 1048/2360/83 1044/2357/83
f 1039/2367/83 1048/2360/83 1045/2365/83
s 508
f 1040/2369/34 1037/2385/34 1046/2370/34
s 445
f 1039/2367/67 1040/2369/67 1047/2371/67
f 1047/2371/67 1050/2381/67 1051/2378/67
s 444
f 1041/2361/558 1051/2378/560 1052/2379/554
s 449
f 1046/2380/559 1049/2603/556 1050/2381/559
s 450
f 1057/2377/561 1062/2376/562 1059/2384/562
s 509
f 1037/2385/563 1040/2369/611 1039/2367/564
s 452
f 1055/2374/566 1058/2389/566 1057/2377/566
s 450
f 1062/2376/562 1061/2363/567 1060/2387/567
s 453
f 1055/2374/568 1051/2378/568 1050/2381/568
s 454
f 1164/2394/83 1165/2398/83 1161/2395/83
s 455
f 1171/2397/70 1168/2403/70 1165/2398/70
s 456
f 1158/2399/34 1159/2604/34 1169/2400/34
s 457
f 1171/2397/67 1164/2394/67 1160/2402/67
f 1160/2402/67 1158/2605/67 1170/2401/67
s 458
f 1168/2403/72 1169/2400/72 1159/2404/72
f 1159/2404/72 1161/2606/72 1165/2398/72
s 459
f 1174/2405/72 1175/2415/72 1167/2406/72
s 455
f 1169/2400/70 1168/2403/70 1166/2408/70
f 1170/2401/70 1169/2400/70 1163/2409/70
f 1171/2397/70 1170/2401/70 1162/2410/70
f 1168/2403/70 1171/2397/70 1167/2411/70
s 460
f 1172/2412/67 1173/2418/67 1163/2413/67
s 461
f 1175/2415/34 1172/2412/34 1166/2416/34
s 462
f 1173/2418/83 1174/2405/83 1162/2419/83
s 152
f 1246/2421/34 1238/877/34 1298/2422/34
s 148
f 1240/879/83 1244/883/83 1294/2424/83
s 149
f 1243/882/70 1247/886/70 1296/2426/70
s 463
f 1232/2428/8 1299/2440/8 1300/2429/8
s 464
f 1291/2425/6 1292/2433/6 1241/880/6
s 465
f 1293/2427/1 1294/2424/1 1244/883/1
s 466
f 1295/2431/8 1296/2426/8 1247/886/8
s 467
f 1238/877/15 1237/876/15 1297/2432/15
s 150
f 1237/876/140 1241/880/140 1292/2433/140
s 468
f 1305/2436/72 1300/2429/72 1299/2440/72
f 1299/2440/72 1302/2446/72 1301/2434/72
f 1301/2434/72 1304/2453/72 1303/2435/72
f 1303/2435/72 1306/2443/72 1305/2436/72
f 1305/2436/72 1299/2440/72 1301/2434/72
s 469
f 1229/2437/83 1306/2443/83 1303/2435/83
s 470
f 1235/2439/34 1302/2446/34 1299/2440/34
s 471
f 1230/2442/1 1305/2436/1 1306/2443/1
s 472
f 1236/2445/15 1301/2434/15 1302/2446/15
s 473
f 1233/2448/140 1304/2453/140 1301/2434/140
s 474
f 1231/2450/70 1300/2429/70 1305/2436/70
s 475
f 1234/2452/6 1303/2435/6 1304/2453/6
s 476
f 1314/944/231 1313/943/231 1311/942/231
s 510
g RoverModificado_SpacialRoverExploreralumOrange
usemtl SpacialRoverExploreralumOrange
f 478/2607/83 510/2608/83 477/2609/83
s 511
f 481/2610/612 521/2611/612 516/2612/612
s 512
f 514/2613/34 476/2614/34 475/2615/34
s 513
f 510/2608/67 511/2616/67 475/2617/67
s 514
f 478/2618/72 513/2619/72 512/2620/72
s 515
f 508/2621/140 517/2622/140 507/2623/140
f 481/2624/140 509/2625/140 482/2626/140
f 516/2627/140 511/2616/140 510/2608/140
f 518/2628/140 512/2620/140 513/2619/140
f 480/2629/140 514/2613/140 479/2630/140
f 517/2622/140 514/2613/140 511/2616/140
f 515/2631/140 509/2625/140 512/2620/140
s 516
f 519/2632/140 521/2611/140 520/2633/140
s 515
f 515/2631/140 507/2623/140 516/2627/140
s 517
f 515/2634/613 519/2632/613 482/2635/613
s 518
f 522/2636/140 524/2637/140 526/2638/140
s 519
f 517/2639/614 522/2636/614 526/2638/614
s 520
f 517/2640/612 524/2637/612 479/2641/612
s 521
f 480/2642/613 522/2636/613 518/2643/613
s 522
f 481/2644/614 519/2632/614 520/2633/614
s 523
f 516/2645/615 525/2646/615 515/2647/615
s 524
f 479/2648/615 523/2649/615 480/2650/615
s 525
f 614/2651/169 615/2652/169 613/2653/169
s 526
f 616/2654/70 617/2655/70 615/2652/70
s 527
f 618/2656/170 619/2657/170 617/2655/170
s 528
f 620/2658/172 621/2659/172 619/2657/172
s 529
f 614/2660/34 622/2661/34 618/2662/34
s 530
f 622/2663/140 623/2664/140 621/2659/140
s 531
f 624/2665/171 613/2653/171 623/2666/171
s 525
f 614/2651/169 616/2654/169 615/2652/169
s 526
f 616/2654/70 618/2656/70 617/2655/70
s 527
f 618/2656/170 620/2658/170 619/2657/170
s 528
f 620/2658/172 622/2663/172 621/2659/172
s 529
f 618/2662/34 616/2667/34 614/2660/34
f 614/2660/34 624/2668/34 622/2661/34
f 622/2661/34 620/2669/34 618/2662/34
s 530
f 622/2663/140 624/2670/140 623/2664/140
s 531
f 624/2665/171 614/2651/171 613/2653/171
s 160
f 1273/2671/83 1288/2672/83 1275/2673/83
s 164
f 1280/2674/34 1286/2675/34 1269/2676/34
s 158
f 1270/2677/70 1284/2678/70 1272/2679/70
s 532
f 1288/2680/72 1284/2678/72 1286/2681/72
s 533
f 1276/2682/140 1290/2683/140 1279/2684/140
s 534
f 1269/2676/616 1270/2677/616 1271/2685/616
s 535
f 1272/2686/617 1273/2671/617 1274/2687/617
s 536
f 1276/2682/618 1278/2688/618 1275/2673/619
s 537
f 1279/2684/86 1281/2689/86 1282/2690/620
s 538
f 1290/2683/15 1280/2674/15 1279/2684/15
s 539
f 1270/2677/8 1286/2675/8 1285/2691/8
s 540
f 1284/2692/1 1273/2671/1 1272/2686/1
s 541
f 1276/2682/6 1288/2672/6 1287/2693/6
s 542
f 1328/2694/621 1318/2695/621 1315/2696/621
s 543
f 1325/2697/622 1327/2698/623 1324/2699/623
s 544
f 1321/2700/624 1323/2701/624 1320/2702/624
s 545
f 1318/2703/60 1330/2704/60 1326/2705/60
s 546
f 1317/2706/625 1319/2707/625 1316/2708/625
s 547
f 1318/2695/626 1316/2709/626 1315/2696/626
s 548
f 1321/2700/627 1319/2707/627 1322/2710/627
s 549
f 1324/2699/628 1326/2711/628 1325/2697/628
s 550
f 1328/2694/629 1330/2712/629 1329/2713/629
s 551
f 1463/2714/184 1433/2715/185 1462/2716/184
f 1443/2717/178 1445/2718/179 1442/2719/178
f 1447/2720/174 1449/2721/175 1446/2722/174
f 1451/2723/182 1453/2724/183 1450/2725/182
f 1455/2726/186 1457/2727/187 1454/2728/186
f 1459/2729/180 1461/2730/181 1458/2731/180
f 1439/2732/176 1441/2733/177 1438/2734/176
s 552
f 1460/2735/67 1452/2736/67 1444/2737/67
s 551
f 1435/2738/188 1437/2739/189 1434/2740/188
f 1436/2741/185 1434/2740/188 1433/2742/185
f 1438/2734/176 1440/2743/189 1439/2732/176
f 1442/2719/178 1444/2744/177 1443/2717/178
f 1446/2722/174 1448/2745/179 1447/2720/174
f 1450/2725/182 1452/2746/175 1451/2723/182
f 1454/2728/186 1456/2747/183 1455/2726/186
f 1458/2731/180 1460/2748/187 1459/2729/180
f 1462/2716/184 1464/2749/181 1463/2714/184
s 553
f 478/2607/83 509/2625/83 510/2608/83
s 511
f 481/2610/612 520/2633/612 521/2611/612
s 512
f 514/2613/34 513/2619/34 476/2614/34
s 513
f 475/2617/67 477/2750/67 510/2608/67
f 511/2616/67 514/2613/67 475/2617/67
s 514
f 512/2620/72 509/2625/72 478/2618/72
f 478/2618/72 476/2751/72 513/2619/72
s 515
f 508/2621/140 518/2628/140 517/2622/140
f 481/2624/140 510/2608/140 509/2625/140
f 510/2608/140 481/2624/140 516/2627/140
f 516/2627/140 507/2623/140 511/2616/140
f 513/2619/140 480/2629/140 518/2628/140
f 518/2628/140 508/2621/140 512/2620/140
f 480/2629/140 513/2619/140 514/2613/140
f 511/2616/140 507/2623/140 517/2622/140
f 517/2622/140 479/2630/140 514/2613/140
f 512/2620/140 508/2621/140 515/2631/140
f 515/2631/140 482/2626/140 509/2625/140
s 516
f 519/2632/140 525/2646/140 521/2611/140
s 515
f 515/2631/140 508/2621/140 507/2623/140
s 517
f 515/2634/613 525/2646/613 519/2632/613
s 518
f 522/2636/140 523/2649/140 524/2637/140
s 519
f 517/2639/614 518/2752/614 522/2636/614
s 520
f 517/2640/612 526/2638/612 524/2637/612
s 521
f 480/2642/613 523/2649/613 522/2636/613
s 522
f 481/2644/614 482/2753/614 519/2632/614
s 523
f 516/2645/615 521/2611/615 525/2646/615
s 524
f 479/2648/615 524/2637/615 523/2649/615
s 160
f 1273/2671/83 1283/2754/83 1288/2672/83
s 164
f 1280/2674/34 1289/2755/34 1286/2675/34
s 158
f 1270/2677/70 1285/2691/70 1284/2678/70
s 532
f 1286/2681/72 1289/2756/72 1290/2757/72
f 1290/2757/72 1287/2758/72 1288/2680/72
f 1288/2680/72 1283/2759/72 1284/2678/72
f 1284/2678/72 1285/2691/72 1286/2681/72
f 1286/2681/72 1290/2757/72 1288/2680/72
s 533
f 1276/2682/140 1287/2693/140 1290/2683/140
s 554
f 1276/2682/630 1277/2760/617 1278/2688/630
s 537
f 1279/2684/86 1280/2674/631 1281/2689/86
s 538
f 1290/2683/15 1289/2755/15 1280/2674/15
s 539
f 1270/2677/8 1269/2676/8 1286/2675/8
s 540
f 1284/2692/1 1283/2754/1 1273/2671/1
s 541
f 1276/2682/6 1275/2673/6 1288/2672/6
s 542
f 1328/2694/621 1329/2713/621 1318/2695/621
s 543
f 1325/2697/622 1330/2712/622 1327/2698/623
s 544
f 1321/2700/624 1326/2711/624 1323/2701/624
s 545
f 1326/2705/60 1321/2761/60 1322/2762/60
f 1322/2762/60 1317/2763/60 1318/2703/60
f 1318/2703/60 1329/2764/60 1330/2704/60
f 1330/2704/60 1325/2765/60 1326/2705/60
f 1326/2705/60 1322/2762/60 1318/2703/60
s 546
f 1317/2706/625 1322/2710/625 1319/2707/625
s 547
f 1318/2695/626 1317/2766/626 1316/2709/626
s 548
f 1321/2700/627 1320/2702/627 1319/2707/627
s 549
f 1324/2699/628 1323/2701/628 1326/2711/628
s 550
f 1328/2694/629 1327/2698/629 1330/2712/629
s 551
f 1463/2714/184 1436/2767/185 1433/2715/185
f 1443/2717/178 1448/2745/179 1445/2718/179
f 1447/2720/174 1452/2746/175 1449/2721/175
f 1451/2723/182 1456/2747/183 1453/2724/183
f 1455/2726/186 1460/2748/187 1457/2727/187
f 1459/2729/180 1464/2749/181 1461/2730/181
f 1439/2732/176 1444/2744/177 1441/2733/177
s 552
f 1444/2737/67 1439/2768/67 1440/2769/67
f 1440/2769/67 1435/2770/67 1436/2771/67
f 1436/2771/67 1463/2772/67 1464/2773/67
f 1464/2773/67 1459/2774/67 1460/2735/67
f 1460/2735/67 1455/2775/67 1456/2776/67
f 1456/2776/67 1451/2777/67 1452/2736/67
f 1452/2736/67 1447/2778/67 1448/2779/67
f 1448/2779/67 1443/2780/67 1444/2737/67
f 1444/2737/67 1440/2769/67 1436/2771/67
f 1436/2771/67 1464/2773/67 1460/2735/67
f 1460/2735/67 1456/2776/67 1452/2736/67
f 1452/2736/67 1448/2779/67 1444/2737/67
f 1444/2737/67 1436/2771/67 1460/2735/67
s 551
f 1435/2738/188 1440/2743/189 1437/2739/189
f 1436/2741/185 1435/2738/188 1434/2740/188
f 1438/2734/176 1437/2739/189 1440/2743/189
f 1442/2719/178 1441/2733/177 1444/2744/177
f 1446/2722/174 1445/2718/179 1448/2745/179
f 1450/2725/182 1449/2721/175 1452/2746/175
f 1454/2728/186 1453/2724/183 1456/2747/183
f 1458/2731/180 1457/2727/187 1460/2748/187
f 1462/2716/184 1461/2730/181 1464/2749/181
s 555
g RoverModificado_SpacialRoverExploreralumGrayDeep
usemtl SpacialRoverExploreralumGrayDeep
f 649/2781/67 673/2782/67 662/2783/67
s 556
f 674/2784/70 663/2785/70 662/2786/70
s 557
f 654/2787/34 644/2788/34 639/2789/34
s 558
f 650/2790/140 645/2791/140 649/2792/140
s 559
f 650/2790/83 642/2793/83 638/2794/83
s 560
f 660/2795/70 656/2796/70 639/2797/70
s 561
f 666/2798/83 640/2799/83 641/2800/83
s 562
f 665/2801/67 653/2802/67 658/2803/67
s 563
f 670/2804/140 666/2798/140 644/2805/140
s 564
f 658/2803/632 667/2806/632 665/2801/632
s 565
f 667/2806/87 659/2807/87 668/2808/87
s 566
f 668/2808/633 657/2809/633 666/2798/633
s 567
f 646/2810/634 675/2811/634 673/2782/634
s 568
f 648/2812/80 676/2813/80 675/2811/80
s 569
f 647/2814/635 674/2815/635 676/2813/635
s 570
f 662/2783/632 651/2816/632 649/2781/632
s 571
f 664/2817/87 652/2818/87 651/2816/87
s 572
f 663/2819/633 650/2790/633 652/2818/633
s 573
f 670/2820/634 655/2821/634 653/2802/634
s 574
f 672/2822/80 656/2823/80 655/2821/80
s 575
f 671/2824/635 654/2787/635 656/2823/635
s 576
f 674/2815/34 637/2825/34 643/2826/34
s 577
f 678/2827/70 685/2828/70 677/2829/70
s 578
f 680/2830/34 686/2831/34 678/2827/34
s 579
f 679/2832/140 687/2833/140 680/2830/140
s 580
f 677/2829/83 688/2834/83 679/2832/83
s 581
f 677/2829/67 680/2830/67 678/2827/67
s 582
f 691/2835/34 682/2836/34 683/2837/34
s 583
f 685/2838/72 682/2839/72 681/2840/72
f 682/2839/72 687/2841/72 683/2842/72
f 687/2841/72 684/2843/72 683/2842/72
f 688/2844/72 681/2840/72 684/2843/72
s 584
f 690/2845/72 692/2846/72 689/2847/72
s 585
f 692/2848/140 683/2849/140 684/2850/140
s 586
f 690/2845/70 681/2851/70 682/2836/70
s 587
f 689/2847/83 684/2850/83 681/2851/83
s 558
f 638/2794/140 637/2852/140 645/2791/140
f 645/2791/140 647/2853/140 648/2854/140
f 648/2854/140 646/2855/140 645/2791/140
f 646/2855/140 649/2792/140 645/2791/140
f 649/2792/140 651/2856/140 652/2857/140
f 652/2857/140 650/2790/140 649/2792/140
f 650/2790/140 638/2794/140 645/2791/140
s 568
f 648/2812/80 647/2814/80 676/2813/80
s 569
f 647/2814/635 645/2858/635 674/2815/635
s 576
f 674/2815/34 645/2858/34 637/2825/34
s 578
f 680/2830/34 687/2841/34 686/2831/34
s 579
f 679/2832/140 688/2859/140 687/2833/140
s 581
f 677/2829/67 679/2832/67 680/2830/67
s 588
f 723/2860/184 693/2861/185 708/2862/184
f 713/2863/178 699/2864/179 698/2865/178
f 715/2866/174 701/2867/175 700/2868/174
f 717/2869/182 703/2870/183 702/2871/182
f 719/2872/186 705/2873/187 704/2874/186
f 721/2875/180 707/2876/181 706/2877/180
f 709/2878/176 697/2879/177 696/2880/176
f 711/2881/188 695/2882/189 694/2883/188
s 589
f 724/2884/67 721/2885/67 770/2886/67
f 757/2887/67 723/2888/67 772/2889/67
f 758/2890/67 759/2891/67 710/2892/67
s 588
f 712/2893/185 694/2883/188 693/2861/185
f 696/2894/176 710/2895/189 709/2896/176
f 698/2865/178 714/2897/177 713/2863/178
f 700/2868/174 716/2898/179 715/2866/174
f 702/2871/182 718/2899/175 717/2869/182
f 704/2874/186 720/2900/183 719/2872/186
f 706/2877/180 722/2901/187 721/2875/180
f 708/2862/184 724/2902/181 723/2860/184
s 589
f 709/2903/67 760/2904/67 761/2905/67
f 710/2892/67 711/2906/67 758/2890/67
f 759/2891/67 760/2904/67 710/2892/67
f 720/2907/67 766/2908/67 767/2909/67
f 765/2910/67 766/2908/67 718/2911/67
f 723/2888/67 757/2887/67 712/2912/67
f 716/2913/67 713/2914/67 762/2915/67
f 719/2916/67 768/2917/67 769/2918/67
f 771/2919/67 772/2889/67 723/2888/67
f 714/2920/67 709/2903/67 761/2905/67
f 771/2919/67 724/2884/67 770/2886/67
f 722/2921/67 770/2886/67 721/2885/67
f 761/2905/67 713/2914/67 714/2920/67
f 762/2915/67 713/2914/67 761/2905/67
f 722/2921/67 769/2918/67 770/2886/67
f 763/2922/67 716/2913/67 762/2915/67
f 722/2921/67 719/2916/67 769/2918/67
f 720/2907/67 767/2909/67 768/2917/67
f 758/2890/67 711/2906/67 712/2912/67
f 764/2923/67 715/2924/67 763/2922/67
f 719/2916/67 720/2907/67 768/2917/67
f 760/2904/67 709/2903/67 710/2892/67
f 765/2910/67 715/2924/67 764/2923/67
f 724/2884/67 771/2919/67 723/2888/67
f 720/2907/67 717/2925/67 766/2908/67
f 766/2908/67 717/2925/67 718/2911/67
f 715/2924/67 716/2913/67 763/2922/67
f 715/2924/67 765/2910/67 718/2911/67
f 757/2887/67 758/2890/67 712/2912/67
s 590
f 1267/2926/83 1104/2927/83 1102/2928/83
s 591
f 1101/2929/140 1106/2930/140 1108/2931/140
s 592
f 1266/2932/34 1101/2933/34 1103/2934/34
s 593
f 1268/2935/636 1115/2936/636 1105/2937/636
s 594
f 1106/2938/76 1117/2939/67 1108/2940/67
f 1108/2940/67 1112/2941/78 1109/2942/78
f 1109/2942/78 1113/2943/80 1111/2944/80
f 1111/2944/80 1114/2945/637 1110/2946/637
f 1107/2947/87 1115/2936/638 1116/2948/87
f 1107/2947/87 1118/2949/76 1106/2938/76
s 595
f 1174/2405/70 1172/2412/70 1175/2415/70
s 596
f 1104/2950/70 1112/2951/70 1117/2952/70
s 597
f 1265/2953/639 1110/2946/639 1114/2945/639
s 185
f 1608/2954/310 1617/2955/640 1607/2956/311
s 598
f 1571/2957/305 1614/2958/305 1600/2959/305
s 599
f 1607/2956/306 1625/2960/306 1585/2961/306
s 185
f 1603/2962/309 1616/2963/322 1615/2964/322
s 600
f 1620/2965/62 1611/2966/62 1612/2967/62
s 601
f 1621/2968/62 1614/2969/62 1622/2970/62
s 602
f 1623/2971/62 1616/2963/62 1624/2972/62
s 603
f 1625/2973/62 1618/2974/62 1626/2975/62
s 604
f 1587/2976/291 1618/2977/291 1608/2978/291
s 605
f 1561/2979/322 1620/2980/322 1563/2981/322
s 606
f 1579/2982/325 1623/2983/325 1624/2984/325
s 607
f 1596/2985/296 1620/2980/296 1612/2986/296
s 608
f 1603/2962/294 1623/2983/294 1577/2987/294
s 609
f 1561/2979/307 1611/2966/307 1619/2988/307
s 610
f 1579/2982/308 1616/2989/308 1604/2990/308
s 611
f 1571/2957/640 1621/2991/640 1622/2992/640
s 185
f 1595/2993/314 1612/2967/325 1611/2966/325
s 612
f 1587/2976/321 1625/2960/321 1626/2994/321
s 185
f 1600/2995/315 1613/2996/321 1599/2997/295
s 613
f 1569/2998/290 1613/2996/290 1621/2991/290
s 614
f 1667/2999/325 1658/3000/325 1645/3001/325
s 615
f 1627/3002/60 1635/3003/60 1658/3004/60
s 616
f 1650/3005/62 1644/3006/62 1657/3007/62
s 617
f 1662/3008/641 1660/3009/641 1661/3010/641
s 185
f 1652/3011/303 1659/3012/640 1636/3013/303
s 618
f 1658/3000/642 1661/3010/642 1657/3014/642
s 619
f 1657/3007/60 1660/3015/60 1652/3016/60
s 620
f 1658/3004/62 1659/3017/62 1662/3018/62
s 555
f 649/2781/67 646/2810/67 673/2782/67
s 556
f 662/2786/70 673/3019/70 675/3020/70
f 675/3020/70 676/3021/70 674/2784/70
s 621
f 674/2784/70 643/3022/70 642/2793/70
s 556
f 642/2793/70 661/3023/70 663/2785/70
f 663/2785/70 664/3024/70 662/2786/70
f 662/2786/70 675/3020/70 674/2784/70
f 674/2784/70 642/2793/70 663/2785/70
s 557
f 654/2787/34 669/3025/34 644/2788/34
s 559
f 650/2790/83 661/3023/83 642/2793/83
s 560
f 639/2797/70 640/2799/70 657/2809/70
f 657/2809/70 659/3026/70 660/2795/70
f 660/2795/70 658/3027/643 653/3028/70
f 653/3028/70 655/3029/70 656/2796/70
f 656/2796/70 654/3030/70 639/2797/70
f 639/2797/70 657/2809/70 660/2795/70
f 660/2795/70 653/3028/70 656/2796/70
s 561
f 666/2798/83 657/2809/83 640/2799/83
s 562
f 665/2801/67 670/2820/67 653/2802/67
s 563
f 644/2805/140 669/3031/140 671/3032/140
f 671/3032/140 672/3033/140 670/2804/140
f 670/2804/140 665/3034/140 667/3035/140
f 667/3035/140 668/3036/140 666/2798/140
s 622
f 666/2798/140 641/2800/140 644/2805/140
s 563
f 644/2805/140 671/3032/140 670/2804/140
f 670/2804/140 667/3035/140 666/2798/140
s 564
f 658/2803/632 660/3037/632 667/2806/632
s 565
f 667/2806/87 660/3037/87 659/2807/87
s 566
f 668/2808/633 659/2807/633 657/2809/633
s 567
f 646/2810/634 648/2812/634 675/2811/634
s 570
f 662/2783/632 664/2817/632 651/2816/632
s 571
f 664/2817/87 663/2819/87 652/2818/87
s 572
f 663/2819/633 661/3023/633 650/2790/633
s 573
f 670/2820/634 672/2822/634 655/2821/634
s 574
f 672/2822/80 671/2824/80 656/2823/80
s 575
f 671/2824/635 669/3025/635 654/2787/635
s 577
f 678/2827/70 686/3038/70 685/2828/70
s 580
f 677/2829/83 685/3039/83 688/2834/83
s 582
f 691/2835/34 690/2845/34 682/2836/34
s 583
f 685/2838/72 686/2831/72 682/2839/72
f 682/2839/72 686/2831/72 687/2841/72
f 687/2841/72 688/2844/72 684/2843/72
f 688/2844/72 685/2838/72 681/2840/72
s 584
f 690/2845/72 691/3040/72 692/2846/72
s 585
f 692/2848/140 691/3041/140 683/2849/140
s 586
f 690/2845/70 689/2847/70 681/2851/70
s 587
f 689/2847/83 692/2848/83 684/2850/83
s 588
f 723/2860/184 712/2893/185 693/2861/185
f 713/2863/178 716/2898/179 699/2864/179
f 715/2866/174 718/2899/175 701/2867/175
f 717/2869/182 720/2900/183 703/2870/183
f 719/2872/186 722/2901/187 705/2873/187
f 721/2875/180 724/2902/181 707/2876/181
f 709/2878/176 714/2897/177 697/2879/177
f 711/2881/188 710/2895/189 695/2882/189
f 712/2893/185 711/2881/188 694/2883/188
f 696/2894/176 695/2882/189 710/2895/189
f 698/2865/178 697/2879/177 714/2897/177
f 700/2868/174 699/2864/179 716/2898/179
f 702/2871/182 701/2867/175 718/2899/175
f 704/2874/186 703/2870/183 720/2900/183
f 706/2877/180 705/2873/187 722/2901/187
f 708/2862/184 707/2876/181 724/2902/181
s 590
f 1267/2926/83 1265/2953/83 1104/2927/83
s 591
f 1111/3042/140 1110/3043/140 1267/3044/140
s 623
f 1267/3044/140 1102/3045/140 1101/2929/140
s 591
f 1101/2929/140 1268/3046/140 1105/3047/140
f 1101/2929/140 1105/3047/140 1107/3048/140
f 1109/3049/140 1111/3042/140 1267/3044/140
f 1109/3049/140 1267/3044/140 1101/2929/140
f 1101/2929/140 1107/3048/140 1106/2930/140
f 1108/2931/140 1109/3049/140 1101/2929/140
s 592
f 1266/2932/34 1268/2935/34 1101/2933/34
s 593
f 1268/2935/636 1266/2932/636 1115/2936/636
s 594
f 1106/2938/76 1118/2949/76 1117/2939/67
f 1108/2940/67 1117/2939/67 1112/2941/78
f 1109/2942/78 1112/2941/78 1113/2943/80
f 1111/2944/80 1113/2943/80 1114/2945/637
f 1107/2947/87 1105/2937/638 1115/2936/638
f 1107/2947/87 1116/2948/87 1118/2949/76
s 595
f 1174/2405/70 1173/2418/70 1172/2412/70
s 596
f 1116/3050/70 1115/3051/70 1266/3052/70
s 624
f 1266/3052/70 1103/3053/70 1104/2950/70
s 596
f 1104/2950/70 1265/3054/70 1114/3055/70
f 1104/2950/70 1114/3055/70 1113/3056/70
f 1118/3057/70 1116/3050/70 1266/3052/70
f 1118/3057/70 1266/3052/70 1104/2950/70
f 1104/2950/70 1113/3056/70 1112/2951/70
f 1117/2952/70 1118/3057/70 1104/2950/70
s 597
f 1265/2953/639 1267/2926/639 1110/2946/639
s 185
f 1608/2954/310 1618/2974/640 1617/2955/640
s 598
f 1571/2957/305 1622/2992/305 1614/2958/305
s 599
f 1607/2956/306 1617/2955/306 1625/2960/306
s 185
f 1603/2962/309 1604/3058/312 1616/2963/322
s 600
f 1620/2965/62 1619/3059/62 1611/2966/62
s 601
f 1621/2968/62 1613/2996/62 1614/2969/62
s 602
f 1623/2971/62 1615/2964/62 1616/2963/62
s 603
f 1625/2973/62 1617/2955/62 1618/2974/62
s 604
f 1587/2976/291 1626/2994/291 1618/2977/291
s 605
f 1561/2979/322 1619/2988/322 1620/2980/322
s 606
f 1579/2982/325 1577/2987/325 1623/2983/325
s 607
f 1596/2985/296 1563/2981/296 1620/2980/296
s 608
f 1603/2962/294 1615/2964/294 1623/2983/294
s 609
f 1561/2979/307 1595/2993/307 1611/2966/307
s 610
f 1579/2982/308 1624/2984/308 1616/2989/308
s 611
f 1571/2957/640 1569/2998/640 1621/2991/640
s 185
f 1595/2993/314 1596/3060/313 1612/2967/325
s 612
f 1587/2976/321 1585/2961/321 1625/2960/321
s 185
f 1600/2995/315 1614/2969/321 1613/2996/321
s 613
f 1569/2998/290 1599/2997/290 1613/2996/290
s 614
f 1667/2999/325 1629/3061/325 1658/3000/325
f 1658/3000/325 1657/3014/325 1645/3001/325
s 625
f 1645/3001/644 1669/3062/645 1667/2999/60
s 615
f 1629/3063/60 1628/3064/60 1627/3002/60
f 1627/3002/60 1593/3065/60 1594/3066/60
f 1594/3066/60 1634/3067/60 1635/3003/60
f 1635/3003/60 1636/3068/60 1658/3004/60
f 1658/3004/60 1629/3063/60 1627/3002/60
f 1627/3002/60 1594/3066/60 1635/3003/60
s 616
f 1652/3016/62 1651/3069/62 1650/3005/62
f 1650/3005/62 1641/3070/62 1642/3071/62
f 1642/3071/62 1643/3072/62 1644/3006/62
f 1644/3006/62 1645/3073/62 1657/3007/62
f 1657/3007/62 1652/3016/62 1650/3005/62
f 1650/3005/62 1642/3071/62 1644/3006/62
s 617
f 1662/3008/641 1659/3012/641 1660/3009/641
s 185
f 1652/3011/303 1660/3009/640 1659/3012/640
s 618
f 1658/3000/642 1662/3008/642 1661/3010/642
s 619
f 1657/3007/60 1661/3074/60 1660/3015/60
s 620
f 1658/3004/62 1636/3068/62 1659/3017/62
l 1765 1767
l 1768 1766
l 1834 1837
l 1838 1841
l 1842 1843
l 1835 1836
l 1829 1845
l 1830 1846
l 1833 1840
l 1831 1844
l 1832 1839
