# Blender 5.2.0 LTS
# www.blender.org
mtllib trasera+z.mtl
g RoverModificado.004_RoverModificado.010
v 0.108061 0.145990 0.226220
v 0.108061 0.145990 -0.473781
v 0.033061 0.125896 0.226220
v 0.033061 0.125896 -0.473781
v -0.021843 0.070992 0.226220
v -0.021843 0.070992 -0.473781
v -0.041939 -0.004008 0.226220
v -0.041939 -0.004008 -0.473781
v -0.021843 -0.079009 0.226220
v -0.021843 -0.079008 -0.473781
v 0.033061 -0.133913 0.226220
v 0.033061 -0.133912 -0.473781
v 0.108061 -0.154009 0.226220
v 0.108061 -0.154009 -0.473781
v 0.183061 -0.133913 0.226220
v 0.183061 -0.133912 -0.473781
v 0.237965 -0.079009 0.226220
v 0.237965 -0.079008 -0.473781
v 0.258061 -0.004008 0.226220
v 0.258061 -0.004008 -0.473781
v 0.237965 0.070992 0.226220
v 0.237965 0.070992 -0.473781
v 0.183061 0.125896 0.226220
v 0.183061 0.125896 -0.473781
v 1.294589 -1.983644 -0.004383
v 1.370400 -1.906688 -0.112383
v 1.316794 -1.961104 -0.080751
v 1.400726 -1.875904 -0.112383
v 1.476537 -1.798948 -0.004383
v 1.454332 -1.821488 -0.080751
v 1.370400 -1.906688 0.146818
v 1.294589 -1.983644 0.038817
v 1.316794 -1.961104 0.115184
v 1.476537 -1.798948 0.038818
v 1.400726 -1.875904 0.146818
v 1.454332 -1.821488 0.115184
v 2.104102 -2.132156 -0.462782
v 2.099407 -2.414960 -0.462782
v 2.160325 -2.274530 -0.462782
v 2.099407 -2.414960 0.497218
v 2.104102 -2.132156 0.497218
v 2.160325 -2.274530 0.497218
v 1.883784 -2.623542 -0.462782
v 1.600979 -2.618847 -0.462782
v 1.741409 -2.679765 -0.462782
v 1.600979 -2.618848 0.497218
v 1.883784 -2.623542 0.497218
v 1.741409 -2.679765 0.497218
v -0.402369 -0.580708 -0.378781
v 0.167171 -0.018907 -0.378781
v -0.402369 -0.580708 -0.186781
v 0.167171 -0.018907 -0.186781
v 1.950100 -2.754419 -0.378782
v 1.667264 -2.752485 -0.378782
v 1.860090 -2.805568 -0.378782
v 1.756565 -2.804860 -0.378782
v 2.236804 -2.190682 -0.378781
v 2.234870 -2.473519 -0.378781
v 2.287955 -2.280691 -0.378781
v 2.287247 -2.384216 -0.378781
v 1.950100 -2.754419 -0.186782
v 1.860090 -2.805568 -0.186782
v 2.234870 -2.473519 -0.186782
v 2.287247 -2.384216 -0.186782
v 2.287955 -2.280691 -0.186782
v 1.573565 -1.914788 0.497218
v 1.521083 -1.941730 0.497218
v 1.474865 -1.978393 0.497218
v 1.436688 -2.023368 0.497218
v 1.389959 -2.131090 0.497218
v 1.408018 -2.074928 0.497218
v 1.620497 -2.488830 0.497218
v 1.388010 -2.248493 0.497218
v 1.467800 -2.403923 0.497218
v 1.512776 -2.442101 0.497218
v 1.431137 -2.357706 0.497218
v 1.679103 -2.495586 0.497218
v 1.564335 -2.470771 0.497218
v 1.404195 -2.305223 0.497218
v 1.682972 -2.495270 0.497218
v 1.383202 -2.189695 0.497218
v 1.900395 -1.985458 0.497218
v 1.937058 -2.031675 0.497218
v 1.855420 -1.947280 0.497218
v 1.964000 -2.084158 0.497218
v 1.803860 -1.918611 0.497218
v 1.980186 -2.140888 0.497218
v 1.978237 -2.258292 0.497218
v 1.984993 -2.199686 0.497218
v 1.893331 -2.410989 0.497218
v 1.931508 -2.366012 0.497218
v 1.960177 -2.314453 0.497218
v 1.747699 -1.900551 0.497218
v 1.689093 -1.893795 0.497218
v 1.630296 -1.898603 0.497218
v 1.847113 -2.447651 0.497218
v 1.794631 -2.474593 0.497218
v 1.737901 -2.490779 0.497218
v 1.565585 -2.471173 -0.462782
v 1.564335 -2.470771 -0.462782
v 1.467800 -2.403923 -0.462782
v 1.431137 -2.357706 -0.462782
v 1.512776 -2.442101 -0.462782
v 1.900395 -1.985458 -0.462782
v 1.937058 -2.031675 -0.462782
v 1.855420 -1.947280 -0.462782
v 1.964000 -2.084158 -0.462782
v 1.803860 -1.918611 -0.462782
v 1.980186 -2.140888 -0.462782
v 1.747699 -1.900551 -0.462782
v 1.689093 -1.893795 -0.462782
v 1.573565 -1.914788 -0.462782
v 1.630296 -1.898603 -0.462782
v 1.474865 -1.978393 -0.462782
v 1.436688 -2.023368 -0.462782
v 1.521083 -1.941730 -0.462782
v 1.931508 -2.366012 -0.462782
v 1.893331 -2.410989 -0.462782
v 1.794631 -2.474593 -0.462782
v 1.737901 -2.490779 -0.462782
v 1.847113 -2.447651 -0.462782
v 1.620497 -2.488830 -0.462782
v 1.679103 -2.495586 -0.462782
v 1.404195 -2.305223 -0.462782
v 1.388010 -2.248493 -0.462782
v 1.383202 -2.189695 -0.462782
v 1.984993 -2.199686 -0.462782
v 1.978237 -2.258292 -0.462782
v 1.389959 -2.131090 -0.462782
v 1.408018 -2.074928 -0.462782
v 1.960177 -2.314453 -0.462782
v 1.803860 -1.918611 -0.186782
v 1.931508 -2.366012 -0.186782
v 1.521083 -1.941730 -0.186782
v 1.847113 -2.447651 -0.186782
v 1.436688 -2.023368 -0.186782
v 1.564335 -2.470771 -0.186782
v 1.404195 -2.305223 -0.186782
v 1.679103 -2.495586 -0.186782
v 1.937058 -2.031675 -0.378781
v 1.803860 -1.918611 -0.378781
v 1.689093 -1.893795 -0.378781
v 1.980186 -2.140888 -0.378781
v 1.960177 -2.314453 -0.378781
v 1.847113 -2.447651 -0.378781
v 1.436688 -2.023368 -0.378781
v 1.521083 -1.941730 -0.378781
v 1.389959 -2.131090 -0.378781
v 1.679103 -2.495586 -0.378781
v 1.564335 -2.470771 -0.378781
v 1.467800 -2.403923 -0.378781
v 1.388010 -2.248493 -0.378781
v 0.017936 -1.008888 -0.378781
v 0.017936 -1.008888 -0.186781
v 0.304078 -0.795185 -0.112382
v 0.332189 -0.767485 -0.112382
v 0.254388 -0.844149 0.115184
v 0.233805 -0.864431 -0.004382
v 0.381880 -0.718522 -0.080751
v 0.332189 -0.767485 0.146818
v 0.254388 -0.844149 -0.080751
v 0.233805 -0.864431 0.038818
v 0.402462 -0.698240 0.038818
v 0.402462 -0.698240 -0.004382
v 0.304078 -0.795185 0.146818
v 0.381880 -0.718522 0.115184
v -0.776876 -0.574460 -0.378781
v -0.947725 -0.397771 -0.378781
v -0.898879 -0.521485 -0.378781
v -0.943680 -0.154140 -0.378781
v -0.767187 0.012391 -0.378781
v -0.890792 -0.033401 -0.378781
v -0.947725 -0.397771 -0.186781
v -0.776876 -0.574460 -0.186781
v -0.898879 -0.521485 -0.186781
v -0.767187 0.012391 -0.186781
v -0.943680 -0.154140 -0.186781
v -0.890792 -0.033401 -0.186781
v 1.630296 -1.898603 -0.186782
v 1.964000 -2.084158 -0.186782
v 2.236804 -2.190682 -0.186782
v -0.185196 -0.301594 -0.168110
v -0.256312 -0.371553 -0.122876
v 0.412842 -0.695183 -0.122876
v 0.442299 -0.666205 -0.013670
v 0.200921 -0.903653 -0.013671
v 0.230379 -0.874675 -0.122876
v 0.200921 -0.903653 0.048105
v 0.230379 -0.874675 0.157310
v 0.301494 -0.804717 0.202546
v -0.144965 -0.262017 -0.168110
v -0.144965 -0.262017 0.202546
v -0.073849 -0.192059 0.157310
v 0.341726 -0.765140 0.202546
v 0.412842 -0.695183 0.157310
v 0.301494 -0.804717 -0.168110
v 0.341726 -0.765140 -0.168110
v -0.185196 -0.301594 0.202546
v 0.442299 -0.666205 0.048105
v -0.256312 -0.371553 0.157310
v -0.285769 -0.400531 -0.013670
v -0.285769 -0.400531 0.048105
v -0.073849 -0.192059 -0.122876
v -0.044392 -0.163083 -0.013670
v -0.044392 -0.163083 0.048105
v 1.501563 -1.768924 -0.462782
v 1.756832 -1.773162 -0.462782
v 1.630075 -1.718175 -0.462782
v 1.756832 -1.773162 0.497218
v 1.501563 -1.768924 0.497218
v 1.630075 -1.718175 0.497218
v 1.253710 -2.259852 -0.462782
v 1.257948 -2.004583 -0.462782
v 1.202961 -2.131340 -0.462782
v 1.257948 -2.004583 0.497218
v 1.253710 -2.259852 0.497218
v 1.202961 -2.131340 0.497218
v 1.983642 -2.183155 -0.186782
v 1.383202 -2.189695 -0.186782
v 1.667264 -2.752485 -0.186782
v 1.756565 -2.804860 -0.186782
v 1.900395 -1.985458 -0.186782
v 1.467800 -2.403923 -0.186782
v -0.772031 -0.281035 -0.378781
v -0.772031 -0.281035 -0.186781
v -0.402369 -0.580708 0.221219
v 0.167171 -0.018907 0.221219
v -0.402369 -0.580709 0.413218
v 0.167171 -0.018907 0.413218
v 1.950100 -2.754419 0.221218
v 1.667264 -2.752485 0.221218
v 1.860090 -2.805568 0.221218
v 1.756565 -2.804860 0.221218
v 2.236804 -2.190682 0.221218
v 2.234870 -2.473519 0.221218
v 2.287955 -2.280691 0.221218
v 2.287247 -2.384216 0.221218
v 1.950100 -2.754419 0.413218
v 1.860090 -2.805568 0.413218
v 2.234870 -2.473519 0.413218
v 2.287247 -2.384216 0.413218
v 2.287955 -2.280691 0.413218
v 1.803860 -1.918611 0.413218
v 1.931508 -2.366012 0.413218
v 1.521083 -1.941730 0.413218
v 1.847113 -2.447651 0.413218
v 1.436688 -2.023368 0.413218
v 1.564335 -2.470771 0.413218
v 1.404195 -2.305223 0.413218
v 1.679103 -2.495586 0.413218
v 1.937058 -2.031675 0.221218
v 1.803860 -1.918611 0.221218
v 1.689093 -1.893795 0.221218
v 1.980186 -2.140888 0.221218
v 1.960177 -2.314453 0.221218
v 1.847113 -2.447651 0.221218
v 1.436688 -2.023368 0.221218
v 1.521083 -1.941730 0.221218
v 1.389959 -2.131090 0.221218
v 1.679103 -2.495586 0.221218
v 1.564335 -2.470771 0.221218
v 1.467800 -2.403923 0.221218
v 1.388010 -2.248493 0.221218
v 0.017936 -1.008888 0.221219
v 0.017936 -1.008888 0.413218
v -0.776876 -0.574460 0.221219
v -0.947725 -0.397771 0.221219
v -0.898879 -0.521485 0.221219
v -0.943680 -0.154140 0.221219
v -0.767187 0.012391 0.221219
v -0.890792 -0.033401 0.221219
v -0.947725 -0.397771 0.413218
v -0.776876 -0.574461 0.413218
v -0.898879 -0.521485 0.413218
v -0.767187 0.012391 0.413218
v -0.943680 -0.154140 0.413218
v -0.890792 -0.033401 0.413218
v 1.630296 -1.898603 0.413218
v 1.964000 -2.084158 0.413218
v 2.236804 -2.190682 0.413218
v 1.983642 -2.183155 0.413218
v 1.383202 -2.189695 0.413218
v 1.667264 -2.752485 0.413218
v 1.756565 -2.804860 0.413218
v 1.900395 -1.985458 0.413218
v 1.467800 -2.403923 0.413218
v -0.772031 -0.281035 0.221219
v -0.772031 -0.281035 0.413218
v 1.382630 -2.248404 -0.674781
v 1.425758 -2.357617 -0.674781
v 1.507396 -2.442012 -0.674781
v 1.615117 -2.488741 -0.674781
v 1.789251 -2.474505 -0.674781
v 1.887951 -2.410899 -0.674781
v 1.954797 -2.314364 -0.674781
v 1.979614 -2.199597 -0.674781
v 1.958621 -2.084069 -0.674781
v 1.895015 -1.985369 -0.674781
v 1.798481 -1.918522 -0.674780
v 1.683713 -1.893706 -0.674780
v 1.515703 -1.941641 -0.674780
v 1.431308 -2.023280 -0.674781
v 1.384579 -2.131001 -0.674781
v 1.382629 -2.248404 0.581219
v 1.425757 -2.357618 0.581219
v 1.558955 -2.470681 0.581219
v 1.673722 -2.495497 0.581219
v 1.789250 -2.474504 0.581219
v 1.887951 -2.410899 0.581219
v 1.972857 -2.258203 0.581219
v 1.958620 -2.084069 0.581219
v 1.895015 -1.985369 0.581219
v 1.798480 -1.918522 0.581220
v 1.624915 -1.898514 0.581220
v 1.469485 -1.978304 0.581219
v 1.384578 -2.131001 0.581219
v 2.583488 -2.209621 1.696167
v 2.563293 -2.384797 1.696167
v 2.509312 -2.552667 1.696167
v 2.423618 -2.706780 1.696167
v 2.309504 -2.841214 1.696167
v 2.171357 -2.950804 1.696167
v 2.014483 -3.031334 1.696167
v 1.844915 -3.079715 1.696167
v 1.669165 -3.094083 1.696167
v 1.493989 -3.073889 1.696167
v 1.326119 -3.019908 1.696167
v 1.172006 -2.934212 1.696167
v 1.037572 -2.820100 1.696167
v 0.927984 -2.681951 1.696167
v 0.847452 -2.525079 1.696167
v 0.799072 -2.355510 1.696167
v 0.784704 -2.179760 1.696167
v 0.804898 -2.004585 1.696167
v 0.858880 -1.836714 1.696167
v 0.944574 -1.682601 1.696167
v 1.058687 -1.548166 1.696167
v 1.196835 -1.438578 1.696167
v 1.353708 -1.358047 1.696167
v 1.523277 -1.309667 1.696167
v 1.699027 -1.295298 1.696167
v 1.874203 -1.315492 1.696167
v 2.042073 -1.369475 1.696167
v 2.196186 -1.455168 1.696167
v 2.330620 -1.569283 1.696167
v 2.440207 -1.707429 1.696167
v 2.520740 -1.864302 1.696167
v 2.569119 -2.033871 1.696167
v 2.583488 -2.209621 0.656167
v 2.563293 -2.384797 0.656167
v 2.509312 -2.552667 0.656167
v 2.423618 -2.706780 0.656167
v 2.309504 -2.841214 0.656167
v 2.171357 -2.950804 0.656167
v 2.014483 -3.031334 0.656167
v 1.844915 -3.079714 0.656167
v 1.669165 -3.094083 0.656167
v 1.493989 -3.073888 0.656167
v 1.326119 -3.019906 0.656167
v 1.172006 -2.934212 0.656167
v 1.037572 -2.820100 0.656167
v 0.927984 -2.681951 0.656167
v 0.847452 -2.525078 0.656169
v 0.799072 -2.355509 0.656167
v 0.784704 -2.179759 0.656167
v 0.804898 -2.004583 0.656167
v 0.858880 -1.836713 0.656169
v 0.944574 -1.682600 0.656167
v 1.058687 -1.548166 0.656169
v 1.196835 -1.438578 0.656167
v 1.353708 -1.358046 0.656167
v 1.523277 -1.309667 0.656167
v 1.699027 -1.295298 0.656167
v 1.874203 -1.315492 0.656167
v 2.042073 -1.369474 0.656167
v 2.196186 -1.455168 0.656167
v 2.330620 -1.569281 0.656167
v 2.440207 -1.707429 0.656167
v 2.520740 -1.864302 0.656167
v 2.569118 -2.033871 0.656167
v 0.707769 -1.517226 1.756167
v 0.707769 -1.517226 1.756167
v 2.684865 -2.412475 0.656167
v 2.707757 -2.213892 0.656167
v 2.623671 -2.602776 0.656167
v 2.526525 -2.777482 0.656167
v 2.397165 -2.929879 0.656167
v 2.240558 -3.054110 0.656167
v 2.062724 -3.145402 0.656167
v 1.870496 -3.200247 0.656167
v 1.671263 -3.216535 0.656167
v 1.472680 -3.193642 0.656167
v 1.282379 -3.132448 0.656167
v 1.107673 -3.035303 0.656167
v 0.955276 -2.905942 0.656167
v 0.831044 -2.749336 0.656167
v 0.739753 -2.571501 0.656169
v 0.684908 -2.379273 0.656167
v 0.668620 -2.180040 0.656167
v 0.691513 -1.981457 0.656167
v 0.752707 -1.791156 0.656169
v 0.849852 -1.616450 0.656167
v 0.979213 -1.464053 0.656169
v 1.135820 -1.339822 0.656167
v 1.313654 -1.248530 0.656167
v 1.505882 -1.193686 0.656167
v 1.705115 -1.177397 0.656167
v 1.903698 -1.200289 0.656167
v 2.093998 -1.261484 0.656167
v 2.268703 -1.358629 0.656167
v 2.421102 -1.487990 0.656167
v 2.545332 -1.644597 0.656167
v 2.636626 -1.822431 0.656167
v 2.691469 -2.014659 0.656167
v 2.712506 -2.211764 1.696167
v 2.689415 -2.412069 1.696167
v 2.627690 -2.604019 1.696167
v 2.529702 -2.780240 1.696167
v 2.399220 -2.933958 1.696167
v 2.241255 -3.059267 1.696167
v 2.061878 -3.151352 1.696167
v 1.867984 -3.206671 1.696167
v 1.667023 -3.223100 1.696167
v 1.466718 -3.200010 1.696167
v 1.274767 -3.138284 1.696167
v 1.098547 -3.040297 1.696167
v 0.944828 -2.909815 1.696167
v 0.819519 -2.751849 1.696167
v 0.727436 -2.572473 1.696167
v 0.672116 -2.378578 1.696167
v 0.655686 -2.177618 1.696167
v 0.678777 -1.977314 1.696167
v 0.740503 -1.785363 1.696167
v 0.838490 -1.609141 1.696167
v 0.968972 -1.455423 1.696167
v 1.126937 -1.330114 1.696167
v 1.306314 -1.238030 1.696167
v 1.500208 -1.182710 1.696167
v 1.701169 -1.166280 1.696167
v 1.901474 -1.189372 1.696167
v 2.093425 -1.251097 1.696167
v 2.269645 -1.349084 1.696167
v 2.423364 -1.479567 1.696167
v 2.548673 -1.637533 1.696167
v 2.640756 -1.816908 1.696167
v 2.696075 -2.010803 1.696167
v 1.685697 -2.098232 1.636166
v 1.637253 -2.110354 1.636166
v 1.601360 -2.145074 1.636166
v 1.587637 -2.193090 1.636166
v 1.599759 -2.241533 1.636166
v 1.634479 -2.277427 1.636166
v 1.682494 -2.291149 1.636166
v 1.730938 -2.279028 1.636166
v 1.766831 -2.244307 1.636166
v 1.780555 -2.196292 1.636166
v 1.768432 -2.147848 1.636166
v 1.733712 -2.111955 1.636166
v 1.687415 -1.994719 1.512833
v 1.687415 -1.994719 1.359499
v 1.586984 -2.019850 1.359499
v 1.586984 -2.019850 1.512833
v 1.512574 -2.091830 1.359499
v 1.512574 -2.091830 1.512833
v 1.484123 -2.191371 1.359499
v 1.484123 -2.191371 1.512833
v 1.509255 -2.291802 1.359499
v 1.509255 -2.291802 1.512833
v 1.581234 -2.366213 1.359499
v 1.581234 -2.366213 1.512833
v 1.680776 -2.394664 1.359499
v 1.680776 -2.394664 1.512833
v 1.781207 -2.369531 1.359499
v 1.781207 -2.369531 1.512833
v 1.855617 -2.297552 1.359499
v 1.855617 -2.297552 1.512833
v 1.884068 -2.198010 1.359499
v 1.884068 -2.198010 1.512833
v 1.858937 -2.097580 1.359499
v 1.858937 -2.097580 1.512833
v 1.786957 -2.023170 1.359499
v 1.786957 -2.023170 1.512833
v 1.517490 -1.315656 1.012833
v 1.517490 -1.315656 0.759499
v 1.417059 -1.340787 0.759499
v 1.417059 -1.340788 1.012833
v 0.839527 -1.899457 0.759499
v 0.839527 -1.899458 1.012833
v 0.811075 -1.998999 0.759499
v 0.811075 -1.998999 1.012833
v 1.006132 -2.778492 0.759499
v 1.006132 -2.778492 1.012832
v 1.078112 -2.852902 0.759499
v 1.078112 -2.852902 1.012832
v 1.850701 -3.073725 0.759499
v 1.850701 -3.073725 1.012832
v 1.951132 -3.048594 0.759499
v 1.951132 -3.048594 1.012832
v 2.528665 -2.489923 0.759499
v 2.528665 -2.489924 1.012832
v 2.557116 -2.390382 0.759499
v 2.557116 -2.390383 1.012832
v 2.362059 -1.610889 0.759499
v 2.362059 -1.610889 1.012833
v 2.290080 -1.536479 0.759499
v 2.290080 -1.536480 1.012833
v 1.687415 -1.994719 1.636166
v 1.586984 -2.019850 1.636166
v 1.512574 -2.091830 1.636166
v 1.484123 -2.191371 1.636166
v 1.509255 -2.291802 1.636166
v 1.581234 -2.366213 1.636166
v 1.680776 -2.394664 1.636166
v 1.781207 -2.369531 1.636166
v 1.855617 -2.297552 1.636166
v 1.884068 -2.198010 1.636166
v 1.858937 -2.097580 1.636166
v 1.786957 -2.023170 1.636166
v 1.685697 -2.098232 1.536168
v 1.637253 -2.110354 1.536168
v 1.601360 -2.145074 1.536168
v 1.587637 -2.193090 1.536168
v 1.599759 -2.241533 1.536168
v 1.634479 -2.277427 1.536168
v 1.682494 -2.291149 1.536168
v 1.730938 -2.279028 1.536168
v 1.766831 -2.244307 1.536168
v 1.780555 -2.196292 1.536168
v 1.768432 -2.147848 1.536168
v 1.733712 -2.111955 1.536168
v 1.924638 -1.096732 0.985501
v 1.923822 -1.092729 1.366835
v 2.134573 -1.164241 0.985501
v 2.134364 -1.160432 1.366835
v 2.632477 -1.586883 0.985501
v 2.633702 -1.584293 1.366835
v 2.733188 -1.783067 0.985501
v 2.734703 -1.781041 1.366835
v 2.495427 -1.414118 0.985501
v 2.496257 -1.411030 1.366835
v 2.327306 -1.271409 0.985501
v 2.327651 -1.267909 1.366835
v 1.705565 -1.071478 0.985501
v 1.704118 -1.067401 1.366835
v 1.273714 -1.149950 0.985501
v 1.271022 -1.146100 1.366835
v 1.485775 -1.089447 0.985501
v 1.483695 -1.085423 1.366835
v 0.904765 -1.387711 0.985501
v 0.901010 -1.384547 1.366835
v 1.077531 -1.250661 0.985501
v 1.074274 -1.247102 1.366835
v 0.654888 -1.748565 0.985501
v 0.650413 -1.746440 1.366835
v 0.762057 -1.555832 0.985501
v 0.757890 -1.553153 1.366835
v 0.562125 -2.177573 0.985501
v 0.557383 -2.176685 1.366835
v 0.587380 -1.958500 0.985501
v 0.582710 -1.956981 1.366835
v 0.640597 -2.609424 0.985501
v 0.636081 -2.609781 1.366835
v 0.580095 -2.397363 0.985501
v 0.575404 -2.397108 1.366835
v 0.878359 -2.978373 0.985501
v 0.874528 -2.979793 1.366835
v 0.741309 -2.805608 0.985501
v 0.737083 -2.806529 1.366835
v 1.239212 -3.228250 0.985501
v 1.236421 -3.230390 1.366835
v 1.046480 -3.121083 0.985501
v 1.043133 -3.122914 1.366835
v 1.668221 -3.321013 0.985501
v 1.666666 -3.323421 1.366835
v 1.449148 -3.295758 0.985501
v 1.446962 -3.298094 1.366835
v 2.100071 -3.242542 0.985501
v 2.099761 -3.244722 1.366835
v 1.888010 -3.303045 0.985501
v 1.887089 -3.305399 1.366835
v 2.469020 -3.004781 0.985501
v 2.469774 -3.006275 1.366835
v 2.296255 -3.141829 0.985501
v 2.296510 -3.143720 1.366835
v 2.718897 -2.643926 0.985501
v 2.720371 -2.644382 1.366835
v 2.611729 -2.836658 0.985501
v 2.612894 -2.837671 1.366835
v 2.793691 -1.995128 0.985501
v 2.795380 -1.993714 1.366835
v 2.811661 -2.214918 0.985501
v 2.813401 -2.214137 1.366835
v 2.786406 -2.433990 0.985501
v 2.788074 -2.433842 1.366835
v 1.687415 -1.994718 0.921721
v 1.687415 -1.994718 0.823943
v 1.586984 -2.019849 0.823943
v 1.586984 -2.019849 0.921721
v 1.512574 -2.091829 0.823943
v 1.512574 -2.091829 0.921721
v 1.484123 -2.191371 0.823943
v 1.484123 -2.191371 0.921721
v 1.509255 -2.291802 0.823943
v 1.509255 -2.291802 0.921721
v 1.581234 -2.366213 0.823943
v 1.581234 -2.366213 0.921721
v 1.680776 -2.394664 0.823943
v 1.680776 -2.394664 0.921721
v 1.781207 -2.369531 0.823943
v 1.781207 -2.369531 0.921721
v 1.855617 -2.297552 0.823943
v 1.855617 -2.297552 0.921721
v 1.884068 -2.198010 0.823943
v 1.884068 -2.198010 0.921721
v 1.858937 -2.097579 0.823943
v 1.858937 -2.097579 0.921721
v 1.786957 -2.023169 0.823943
v 1.786957 -2.023169 0.921721
v 1.100294 -1.516727 0.823943
v 1.100294 -1.516727 0.921721
v 1.025883 -1.588707 0.823943
v 1.025883 -1.588707 0.921721
v 1.388863 -3.039259 0.823943
v 1.388863 -3.039259 0.921721
v 1.488404 -3.067710 0.823943
v 1.488404 -3.067710 0.921721
v 2.563129 -2.028085 0.823943
v 2.563129 -2.028085 0.921721
v 2.537999 -1.927654 0.823943
v 2.537999 -1.927654 0.921721
v 2.679396 -1.805629 0.661368
v 2.736708 -2.006506 0.661368
v 2.454174 -1.456137 0.661368
v 2.583997 -1.619792 0.661368
v 2.112352 -1.219439 0.661368
v 2.294919 -1.320955 0.661368
v 1.705968 -1.131567 0.661369
v 1.913488 -1.155491 0.661369
v 1.296892 -1.205902 0.661368
v 1.497770 -1.148589 0.661369
v 0.947401 -1.431123 0.661368
v 1.111056 -1.301301 0.661368
v 0.710703 -1.772946 0.661368
v 0.812219 -1.590379 0.661368
v 0.622832 -2.179329 0.661368
v 0.646754 -1.971811 0.661368
v 0.697165 -2.588406 0.661368
v 0.639853 -2.387528 0.661368
v 0.922387 -2.937897 0.661368
v 0.792565 -2.774242 0.661368
v 1.264210 -3.174597 0.661368
v 1.081642 -3.073079 0.661368
v 1.670593 -3.262467 0.661368
v 1.463074 -3.238544 0.661368
v 2.079669 -3.188133 0.661368
v 1.878792 -3.245445 0.661368
v 2.429160 -2.962911 0.661368
v 2.265506 -3.092733 0.661368
v 2.665859 -2.621088 0.661368
v 2.564342 -2.803656 0.661368
v 2.753730 -2.214705 0.661368
v 2.729806 -2.422224 0.661368
v 2.734560 -2.421799 1.690968
v 2.758692 -2.212480 1.690968
v 2.567662 -2.806538 1.690968
v 2.670058 -2.622387 1.690968
v 2.266233 -3.098121 1.690968
v 2.431308 -2.967174 1.690967
v 1.876167 -3.252158 1.690968
v 2.078786 -3.194350 1.690968
v 1.456844 -3.245198 1.690968
v 1.666163 -3.269327 1.690968
v 1.072105 -3.078298 1.690967
v 1.256256 -3.180694 1.690967
v 0.780521 -2.776870 1.690968
v 0.911469 -2.941943 1.690968
v 0.626485 -2.386802 1.690968
v 0.684294 -2.589423 1.690968
v 0.633446 -1.967480 1.690968
v 0.609316 -2.176798 1.690968
v 0.800345 -1.582741 1.690968
v 0.697949 -1.766892 1.690968
v 1.101773 -1.291157 1.690967
v 0.936700 -1.422105 1.690968
v 1.491841 -1.137120 1.690968
v 1.289221 -1.194929 1.690968
v 1.911163 -1.144081 1.690968
v 1.701845 -1.119951 1.690968
v 2.295903 -1.310980 1.690968
v 2.111752 -1.208584 1.690968
v 2.587486 -1.612408 1.690967
v 2.456538 -1.447335 1.690968
v 2.741523 -2.002477 1.690967
v 2.683713 -1.799857 1.690968
v 1.947590 -0.982420 1.364930
v 2.179184 -1.056893 1.364930
v 2.728456 -1.523139 1.364930
v 2.839559 -1.739564 1.364930
v 2.577267 -1.332549 1.364930
v 2.391801 -1.175117 1.364930
v 1.705916 -0.954559 1.364930
v 1.229510 -1.041127 1.364930
v 1.463450 -0.974382 1.364930
v 0.822497 -1.303418 1.364930
v 1.013087 -1.152229 1.364930
v 0.546840 -1.701501 1.364930
v 0.665066 -1.488886 1.364930
v 0.444507 -2.174770 1.364930
v 0.472367 -1.933096 1.364930
v 0.531075 -2.651176 1.364929
v 0.464330 -2.417237 1.364929
v 0.793366 -3.058189 1.364929
v 0.642177 -2.867599 1.364929
v 1.191449 -3.333845 1.364929
v 0.978832 -3.215621 1.364929
v 1.664718 -3.436179 1.364928
v 1.423044 -3.408319 1.364929
v 2.141124 -3.349612 1.364929
v 1.907184 -3.416356 1.364929
v 2.548136 -3.087321 1.364929
v 2.357547 -3.238509 1.364929
v 2.823792 -2.689237 1.364929
v 2.705569 -2.901854 1.364929
v 2.906304 -1.973502 1.364930
v 2.926126 -2.215969 1.364930
v 2.898267 -2.457642 1.364929
v 1.948487 -0.986823 0.987409
v 2.179417 -1.061083 0.987409
v 2.727109 -1.525989 0.987409
v 2.837892 -1.741791 0.987409
v 2.576355 -1.335947 0.987409
v 2.391422 -1.178967 0.987409
v 1.707507 -0.959043 0.987409
v 1.232471 -1.045362 0.987409
v 1.465738 -0.978809 0.987409
v 0.826627 -1.306900 0.987409
v 1.016670 -1.156145 0.987409
v 0.551763 -1.703838 0.987409
v 0.669648 -1.491833 0.987409
v 0.449723 -2.175747 0.987408
v 0.477504 -1.934768 0.987409
v 0.536043 -2.650784 0.987408
v 0.469490 -2.417517 0.987408
v 0.797580 -3.056628 0.987408
v 0.646826 -2.866585 0.987408
v 1.194519 -3.331492 0.987408
v 0.982514 -3.213608 0.987408
v 1.666428 -3.433532 0.987408
v 1.425448 -3.405751 0.987408
v 2.141464 -3.347213 0.987408
v 1.908197 -3.413765 0.987408
v 2.547307 -3.085675 0.987408
v 2.357265 -3.236429 0.987408
v 2.822172 -2.688736 0.987408
v 2.704287 -2.900741 0.987408
v 2.904446 -1.975059 0.987408
v 2.924212 -2.216827 0.987408
v 2.896430 -2.457806 0.987408
v 1.564996 -1.505500 1.332183
v 1.590535 -1.607561 1.470753
v 1.614371 -1.702812 1.554912
v 1.650631 -1.847719 1.577774
v 1.490104 -1.632694 1.470754
v 1.464565 -1.530631 1.332183
v 1.550200 -1.872851 1.577774
v 1.513939 -1.727944 1.554912
v 1.338427 -2.149727 1.577774
v 1.194803 -2.108677 1.554912
v 1.100396 -2.081693 1.470754
v 0.999238 -2.052780 1.332183
v 1.223254 -2.009136 1.554912
v 1.366878 -2.050186 1.577774
v 1.027689 -1.953239 1.332183
v 1.128847 -1.982153 1.470754
v 1.895869 -1.917815 1.577774
v 2.003232 -1.813958 1.554912
v 2.073803 -1.745690 1.470754
v 2.149423 -1.672541 1.332183
v 2.075212 -1.888367 1.554912
v 1.967849 -1.992225 1.577774
v 2.221403 -1.746951 1.332183
v 2.145783 -1.820101 1.470754
v 2.144937 -2.380245 1.554912
v 2.001313 -2.339196 1.577774
v 2.340502 -2.436142 1.332183
v 2.239345 -2.407229 1.470753
v 2.267796 -2.307689 1.470754
v 2.368954 -2.336602 1.332183
v 2.029764 -2.239654 1.577774
v 2.173388 -2.280705 1.554912
v 1.817991 -2.516530 1.577774
v 1.854252 -2.661437 1.554913
v 1.878087 -2.756688 1.470753
v 1.903627 -2.858751 1.332183
v 1.753821 -2.686569 1.554912
v 1.717560 -2.541662 1.577774
v 1.803196 -2.883881 1.332183
v 1.777656 -2.781820 1.470753
v 1.292979 -2.501014 1.554912
v 1.400342 -2.397157 1.577774
v 1.146789 -2.642430 1.332183
v 1.222407 -2.569281 1.470753
v 1.294387 -2.643691 1.470753
v 1.218769 -2.716840 1.332183
v 1.472322 -2.471567 1.577774
v 1.364959 -2.575424 1.554913
v 1.687415 -1.994718 0.303500
v 1.586984 -2.019849 0.303500
v 1.512574 -2.091829 0.303500
v 1.484123 -2.191371 0.303500
v 1.509255 -2.291802 0.303500
v 1.581234 -2.366213 0.303500
v 1.680776 -2.394664 0.303500
v 1.781207 -2.369531 0.303500
v 1.855617 -2.297552 0.303500
v 1.884068 -2.198010 0.303500
v 1.858937 -2.097579 0.303500
v 1.786957 -2.023169 0.303500
v 1.557851 -1.967397 0.021919
v 1.688411 -1.934726 0.021919
v 1.688411 -1.934726 0.303454
v 1.461118 -2.060971 0.021919
v 1.424132 -2.190375 0.021919
v 1.456802 -2.320935 0.021919
v 1.550376 -2.417669 0.021919
v 1.679780 -2.454654 0.021919
v 1.810340 -2.421984 0.021919
v 1.907073 -2.328410 0.021919
v 1.944060 -2.199006 0.021919
v 1.911389 -2.068446 0.021919
v 1.817815 -1.971713 0.021919
v 1.557851 -1.967397 0.303454
v 1.461118 -2.060971 0.303454
v 1.424132 -2.190375 0.303454
v 1.456802 -2.320935 0.303454
v 1.550376 -2.417669 0.303454
v 1.679780 -2.454654 0.303454
v 1.810340 -2.421984 0.303454
v 1.907073 -2.328410 0.303454
v 1.944060 -2.199006 0.303454
v 1.911389 -2.068446 0.303454
v 1.817815 -1.971713 0.303454
v 1.330011 -1.298038 1.696167
v 1.511743 -1.246188 1.696167
v 1.480354 -3.136948 1.696167
v 1.300443 -3.079096 1.696167
v 1.700098 -1.230789 1.696167
v 1.135276 -2.987255 1.696167
v 1.887838 -1.252433 1.696167
v 0.991200 -2.864957 1.696167
v 2.067749 -1.310285 1.696167
v 0.873751 -2.716901 1.696167
v 2.232916 -1.402126 1.696167
v 0.787444 -2.548776 1.696167
v 2.647996 -2.210692 1.696167
v 2.626354 -2.398433 1.696167
v 2.376992 -1.524424 1.696167
v 0.735594 -2.367045 1.696167
v 2.568501 -2.578343 1.696167
v 2.494441 -1.672480 1.696167
v 0.720195 -2.178689 1.696167
v 2.476660 -2.743511 1.696167
v 2.580748 -1.840606 1.696167
v 0.741838 -1.990948 1.696167
v 2.354362 -2.887586 1.696167
v 2.632597 -2.022337 1.696167
v 0.799691 -1.811039 1.696167
v 2.206306 -3.005035 1.696167
v 0.891532 -1.645870 1.696167
v 2.038181 -3.091343 1.696167
v 1.013830 -1.501795 1.696167
v 1.856449 -3.143193 1.696167
v 1.161886 -1.384346 1.696167
v 1.668094 -3.158592 1.696167
v 2.624079 -2.398637 0.656167
v 2.566491 -2.577721 0.656167
v 2.475071 -2.742131 0.656167
v 2.353334 -2.885546 0.656167
v 2.205956 -3.002456 0.656167
v 2.038604 -3.088368 0.656167
v 1.857705 -3.139981 0.656167
v 1.670214 -3.155309 0.656167
v 1.483335 -3.133765 0.656167
v 1.304249 -3.076177 0.656167
v 1.139840 -2.984759 0.656167
v 0.996424 -2.863020 0.656167
v 0.879514 -2.715643 0.656167
v 0.793602 -2.548290 0.656169
v 0.741990 -2.367391 0.656167
v 0.726662 -2.179899 0.656167
v 0.748205 -1.993020 0.656167
v 0.805794 -1.813935 0.656169
v 0.897213 -1.649525 0.656167
v 1.018950 -1.506109 0.656169
v 1.166327 -1.389199 0.656167
v 1.333681 -1.303288 0.656167
v 1.514579 -1.251676 0.656167
v 1.702071 -1.236346 0.656167
v 1.888950 -1.257891 0.656167
v 2.068036 -1.315479 0.656167
v 2.232445 -1.406898 0.656167
v 2.375861 -1.528636 0.656167
v 2.492771 -1.676013 0.656167
v 2.578682 -1.843367 0.656167
v 2.630295 -2.024265 0.656167
v 2.645623 -2.211757 0.656167
v 1.659277 -1.882269 1.409179
v 1.607229 -1.674274 1.376365
v 1.597677 -1.636102 1.342636
v 1.561018 -1.489604 1.143739
v 1.506798 -1.699405 1.376365
v 1.558846 -1.907400 1.409179
v 1.460587 -1.514735 1.143739
v 1.497246 -1.661233 1.342636
v 0.983483 -2.048277 1.143739
v 1.128682 -2.089778 1.342636
v 1.166517 -2.100592 1.376365
v 1.372670 -2.159515 1.409179
v 1.401121 -2.059974 1.409179
v 1.194967 -2.001051 1.376365
v 1.157133 -1.990238 1.342636
v 1.011934 -1.948736 1.143739
v 2.161200 -1.661150 1.143739
v 2.052659 -1.766146 1.342636
v 2.024377 -1.793504 1.376365
v 1.870271 -1.942576 1.409179
v 2.124639 -1.840555 1.342636
v 2.233180 -1.735560 1.143739
v 1.942251 -2.016986 1.409179
v 2.096357 -1.867914 1.376365
v 2.201674 -2.288790 1.376365
v 1.995521 -2.229866 1.409179
v 2.384709 -2.341104 1.143739
v 2.239509 -2.299604 1.342636
v 2.211058 -2.399144 1.342636
v 2.356256 -2.440646 1.143739
v 1.967070 -2.329408 1.409179
v 2.173223 -2.388331 1.376364
v 1.907604 -2.874646 1.143739
v 1.870946 -2.728149 1.342636
v 1.861394 -2.689976 1.376364
v 1.809346 -2.481981 1.409178
v 1.770515 -2.753280 1.342636
v 1.807173 -2.899777 1.143739
v 1.708915 -2.507112 1.409178
v 1.760963 -2.715108 1.376364
v 1.425940 -2.372395 1.409178
v 1.271834 -2.521468 1.376364
v 1.243552 -2.548826 1.342636
v 1.135011 -2.653822 1.143739
v 1.343814 -2.595878 1.376364
v 1.497920 -2.446806 1.409178
v 1.206991 -2.728232 1.143739
v 1.315532 -2.623236 1.342636
vn -0.0000 -0.0000 1.0000
vn -0.0000 -0.0000 -1.0000
vn 0.7892 -0.6142 -0.0000
vn 0.6033 -0.7975 -0.0000
vn -0.6224 -0.7827 -0.0000
vn -0.2654 -0.9641 -0.0000
vn -0.0068 -1.0000 -0.0000
vn 0.4941 -0.8694 -0.0000
vn 0.8027 0.5964 -0.0000
vn 0.9677 0.2522 -0.0000
vn 1.0000 -0.0068 -0.0000
vn 0.8626 -0.5059 -0.0000
vn 0.0335 0.9994 -0.0000
vn -0.1600 0.9871 -0.0000
vn -0.9839 -0.1788 -0.0000
vn -0.9770 0.2131 -0.0000
vn -0.0167 -0.9999 -0.0000
vn -0.2116 -0.9774 -0.0000
vn -0.3983 -0.9173 -0.0000
vn -0.9301 -0.3672 -0.0000
vn -0.9160 0.4012 -0.0000
vn -0.3474 0.9377 -0.0000
vn -0.7136 -0.7005 -0.0000
vn -0.7201 -0.6939 -0.0000
vn 0.7239 0.6899 -0.0000
vn 0.3980 0.9174 -0.0000
vn 0.7187 0.6953 -0.0000
vn -0.1646 -0.9863 -0.0067
vn -0.0151 -0.9999 0.0019
vn -0.4412 -0.8974 0.0067
vn 0.3240 -0.9461 -0.0044
vn -0.0296 0.9996 -0.0042
vn 0.3552 0.9348 0.0044
vn 0.3673 -0.9301 -0.0000
vn -0.1788 0.9838 0.0087
vn 0.7277 -0.6859 0.0044
vn -0.5010 0.8654 -0.0063
vn -0.6952 0.7187 0.0091
vn 0.9168 -0.3993 -0.0019
vn 0.6953 -0.7187 -0.0000
vn -0.8230 0.5681 -0.0019
vn -0.8147 -0.5799 0.0044
vn 0.9999 -0.0151 -0.0019
vn 0.9774 -0.2113 0.0091
vn -0.8406 -0.5417 -0.0000
vn -0.9666 0.2562 0.0044
vn 0.9461 0.3240 0.0044
vn 0.9301 0.3673 -0.0000
vn -0.5705 -0.8213 -0.0019
vn -0.9774 0.2113 -0.0000
vn -0.2588 0.9659 -0.0000
vn -0.7071 0.7071 -0.0000
vn -0.9659 0.2588 -0.0000
vn -0.9659 -0.2588 -0.0000
vn -0.7071 -0.7071 -0.0000
vn -0.2588 -0.9659 -0.0000
vn 0.2588 -0.9659 -0.0000
vn 0.7071 -0.7071 -0.0000
vn 0.9659 -0.2588 -0.0000
vn 0.9659 0.2588 -0.0000
vn 0.7071 0.7071 -0.0000
vn 0.2588 0.9659 -0.0000
vn 0.7025 0.6844 0.1951
vn 0.7041 0.6870 -0.1798
vn 0.7041 0.6870 0.1798
vn -0.1442 -0.1372 -0.9800
vn -0.2973 -0.2852 -0.9112
vn -0.1512 -0.1451 -0.9778
vn -0.6708 -0.6359 -0.3816
vn -0.7133 -0.6772 -0.1808
vn -0.6777 -0.6446 -0.3539
vn 0.7025 0.6844 -0.1951
vn 0.6692 0.6529 -0.3549
vn 0.2762 0.2663 -0.9235
vn 0.1521 0.1478 -0.9772
vn 0.2961 0.2879 -0.9107
vn -0.7132 -0.6771 0.1812
vn -0.6708 -0.6359 0.3816
vn -0.6777 -0.6446 0.3539
vn -0.2973 -0.2852 0.9112
vn -0.1442 -0.1372 0.9800
vn -0.1512 -0.1451 0.9778
vn 0.1524 0.1481 0.9772
vn 0.2762 0.2663 0.9235
vn 0.2961 0.2879 0.9107
vn 0.6692 0.6529 0.3549
vn 0.1382 0.1333 -0.9814
vn 0.1383 0.1333 0.9814
vn -0.7120 -0.6748 0.1942
vn -0.7120 -0.6748 -0.1942
vn -0.2774 -0.2638 -0.9238
vn 0.6624 0.6441 -0.3827
vn -0.7134 -0.6773 0.1801
vn -0.6707 -0.6358 0.3820
vn -0.2774 -0.2638 0.9238
vn 0.1518 0.1475 0.9774
vn 0.2755 0.2656 0.9239
vn 0.6624 0.6441 0.3827
vn -0.0166 -0.9999 -0.0000
vn 0.1788 -0.9839 -0.0000
vn -0.2113 -0.9774 -0.0000
vn -0.3980 -0.9174 -0.0000
vn -0.5693 -0.8221 -0.0000
vn 0.5417 -0.8406 -0.0000
vn -0.7187 -0.6953 -0.0000
vn 0.8221 -0.5693 -0.0000
vn -0.9301 -0.3673 -0.0000
vn 0.9174 -0.3980 -0.0000
vn 0.9774 -0.2113 -0.0000
vn 0.9999 -0.0166 -0.0000
vn -0.9999 0.0166 -0.0000
vn 0.9839 0.1788 -0.0000
vn -0.9174 0.3980 -0.0000
vn 0.8406 0.5417 -0.0000
vn -0.8221 0.5693 -0.0000
vn -0.6953 0.7187 -0.0000
vn -0.5417 0.8406 -0.0000
vn 0.5693 0.8221 -0.0000
vn -0.3673 0.9301 -0.0000
vn -0.1788 0.9839 -0.0000
vn 0.2113 0.9774 -0.0000
vn 0.0166 0.9999 -0.0000
vn -0.0007 -0.0004 1.0000
vn -0.0008 -0.0000 1.0000
vn 0.0007 0.0004 1.0000
vn 0.0004 0.0007 1.0000
vn -0.0004 0.0007 1.0000
vn -0.0000 0.0008 1.0000
vn 0.0004 -0.0007 1.0000
vn 0.0007 -0.0004 1.0000
vn -0.0004 -0.0007 1.0000
vn -0.0007 0.0004 1.0000
vn 0.0008 -0.0000 1.0000
vn -0.0000 -0.0008 1.0000
vn 0.4360 0.9000 -0.0000
vn 0.1055 0.9944 -0.0000
vn 0.9974 0.0724 -0.0000
vn 0.9139 0.4059 -0.0000
vn 0.5614 -0.8275 -0.0000
vn 0.8085 -0.5886 -0.0000
vn 0.3788 -0.1083 -0.9191
vn 0.1213 -0.0347 -0.9920
vn -0.4360 -0.9000 -0.0000
vn -0.1055 -0.9944 -0.0000
vn -0.9974 -0.0724 -0.0000
vn -0.9139 -0.4059 -0.0000
vn -0.5614 0.8275 -0.0000
vn -0.8085 0.5886 -0.0000
vn 0.6918 0.6692 0.2714
vn 0.9615 -0.2748 -0.0000
vn 0.9254 -0.2645 0.2714
vn 0.2427 -0.9701 -0.0000
vn 0.2336 -0.9337 0.2714
vn -0.6918 -0.6692 0.2714
vn -0.9615 0.2748 -0.0000
vn -0.9254 0.2645 0.2714
vn -0.2336 0.9337 0.2714
vn -0.2427 0.9701 -0.0000
vn -0.5934 -0.5740 0.5643
vn 0.7938 -0.2269 0.5643
vn 0.2831 0.2739 -0.9191
vn 0.0907 0.0877 -0.9920
vn 0.2748 0.9615 -0.0000
vn 0.0956 -0.3821 -0.9191
vn 0.0306 -0.1224 -0.9920
vn -0.3788 0.1083 -0.9191
vn -0.1213 0.0347 -0.9920
vn 0.2831 0.2739 0.9191
vn 0.0907 0.0877 0.9920
vn -0.3787 0.1083 0.9191
vn -0.1213 0.0347 0.9920
vn 0.9701 0.2427 -0.0000
vn 0.9701 0.2428 -0.0000
vn 0.8232 -0.2353 -0.5167
vn 0.8713 -0.2490 -0.4229
vn 0.2078 -0.8305 -0.5167
vn 0.2200 -0.8791 -0.4229
vn 0.0956 -0.3821 0.9191
vn 0.0306 -0.1224 0.9920
vn -0.1013 0.4046 0.9089
vn -0.1767 0.7060 0.6859
vn -0.2748 -0.9615 -0.0000
vn -0.6154 -0.5953 -0.5167
vn -0.6513 -0.6300 -0.4229
vn 0.4010 -0.1146 -0.9089
vn 0.6997 -0.2000 -0.6859
vn -0.7938 0.2269 0.5643
vn 0.3787 -0.1083 0.9191
vn 0.1213 -0.0347 0.9920
vn -0.4010 0.1146 0.9089
vn -0.6997 0.2000 0.6859
vn -0.2998 -0.2900 -0.9089
vn -0.5231 -0.5060 -0.6859
vn 0.5934 0.5740 0.5643
vn -0.2831 -0.2739 0.9191
vn -0.0907 -0.0877 0.9920
vn 0.2998 0.2900 0.9089
vn 0.5231 0.5060 0.6859
vn -0.4010 0.1146 -0.9089
vn -0.6997 0.2000 -0.6859
vn 0.4010 -0.1146 0.9089
vn 0.6997 -0.2000 0.6859
vn -0.8232 0.2353 -0.5167
vn -0.8713 0.2490 -0.4229
vn -0.2078 0.8305 -0.5167
vn -0.2200 0.8791 -0.4229
vn -0.9701 -0.2428 -0.0000
vn -0.9701 -0.2427 -0.0000
vn -0.1012 0.4046 -0.9089
vn -0.1767 0.7060 -0.6859
vn -0.1013 0.4046 -0.9089
vn 0.2004 -0.8009 0.5643
vn -0.0956 0.3821 0.9191
vn -0.0306 0.1224 0.9920
vn 0.1012 -0.4046 0.9089
vn 0.1767 -0.7060 0.6859
vn -0.2998 -0.2900 0.9089
vn -0.5231 -0.5060 0.6859
vn 0.6154 0.5953 -0.5167
vn 0.6513 0.6300 -0.4229
vn -0.2831 -0.2739 -0.9191
vn -0.0907 -0.0877 -0.9920
vn 0.2998 0.2900 -0.9089
vn 0.5231 0.5060 -0.6859
vn 0.5143 0.8576 -0.0000
vn 0.8275 0.5614 -0.0000
vn 0.9944 -0.1055 -0.0000
vn 0.8576 -0.5143 -0.0000
vn 0.4856 -0.8742 -0.0000
vn 0.0724 -0.9974 -0.0000
vn -0.5886 -0.8084 -0.0000
vn -0.8742 -0.4856 -0.0000
vn -0.8742 -0.4855 -0.0000
vn -0.9000 0.4360 -0.0000
vn -0.4059 0.9139 -0.0000
vn -0.2428 0.9701 -0.0000
vn 0.2428 -0.9701 -0.0000
vn -0.2004 0.8009 0.5643
vn 0.8742 0.4856 -0.0000
vn -0.5143 -0.8576 -0.0000
vn -0.8576 0.5143 -0.0000
vn -0.4856 0.8742 -0.0000
vn 0.1767 -0.7060 -0.6859
vn -0.0956 0.3821 -0.9191
vn -0.0306 0.1224 -0.9920
vn 0.1012 -0.4046 -0.9089
vn 0.7642 -0.6447 -0.0168
vn 0.7643 -0.6447 0.0169
vn 0.7642 -0.6447 0.0168
vn 0.6510 -0.7568 -0.0590
vn 0.6858 -0.7226 -0.0870
vn 0.6850 -0.7233 -0.0868
vn 0.6510 -0.7568 0.0590
vn 0.6858 -0.7226 0.0870
vn 0.6529 -0.7549 0.0617
vn 0.7129 -0.6960 -0.0862
vn 0.7115 -0.6974 -0.0861
vn -0.6722 -0.6503 -0.3539
vn -0.7070 -0.6839 -0.1800
vn -0.6722 -0.6503 0.3539
vn -0.7070 -0.6839 0.1800
vn -0.7070 -0.6840 0.1797
vn -0.1530 -0.1479 0.9771
vn -0.2968 -0.2871 0.9107
vn -0.1526 -0.1476 -0.9772
vn -0.2968 -0.2871 -0.9107
vn -0.1511 -0.1461 -0.9777
vn 0.7070 0.6839 -0.1800
vn 0.7070 0.6840 0.1797
vn 0.7071 0.6840 0.1796
vn 0.2968 0.2871 -0.9107
vn 0.1526 0.1476 -0.9772
vn 0.1511 0.1461 0.9777
vn -0.1511 -0.1461 0.9777
vn -0.1523 -0.1473 0.9773
vn 0.7069 0.6839 0.1805
vn 0.6722 0.6503 0.3539
vn 0.6722 0.6503 -0.3539
vn 0.7070 0.6840 -0.1797
vn 0.1511 0.1461 -0.9777
vn -0.7070 -0.6840 -0.1797
vn 0.2968 0.2871 0.9107
vn 0.1526 0.1476 0.9772
vn 0.7449 -0.6647 -0.0573
vn 0.7643 -0.6447 -0.0169
vn 0.7429 -0.6668 -0.0598
vn 0.7449 -0.6647 0.0573
vn 0.7115 -0.6974 0.0861
vn 0.7129 -0.6960 0.0862
vn 0.6291 -0.7771 0.0177
vn 0.6291 -0.7771 0.0178
vn 0.6291 -0.7771 -0.0178
vn 0.6291 -0.7771 -0.0177
vn 0.6529 -0.7549 -0.0617
vn 0.6850 -0.7233 0.0868
vn 0.7429 -0.6668 0.0598
vn -0.0014 0.0014 1.0000
vn -0.4855 0.8742 -0.0000
vn 0.8742 0.4855 -0.0000
vn 0.4855 -0.8742 -0.0000
vn 0.0394 0.0112 -0.9992
vn 0.0406 -0.0047 -0.9992
vn 0.0393 0.0112 -0.9992
vn 0.0321 0.0255 -0.9992
vn 0.0321 0.0254 -0.9992
vn 0.0199 0.0358 -0.9992
vn 0.0047 0.0408 -0.9992
vn 0.0047 0.0407 -0.9992
vn -0.0113 0.0395 -0.9992
vn -0.0255 0.0322 -0.9992
vn -0.0359 0.0200 -0.9992
vn -0.0408 0.0047 -0.9992
vn -0.0395 -0.0113 -0.9992
vn -0.0321 -0.0255 -0.9992
vn -0.0322 -0.0255 -0.9992
vn -0.0199 -0.0358 -0.9992
vn -0.0047 -0.0406 -0.9992
vn -0.0047 -0.0407 -0.9992
vn 0.0112 -0.0393 -0.9992
vn 0.0112 -0.0394 -0.9992
vn 0.0254 -0.0320 -0.9992
vn 0.0357 -0.0199 -0.9992
vn -0.0111 0.0390 0.9992
vn -0.0197 -0.0355 0.9992
vn -0.0047 -0.0404 0.9992
vn -0.0198 -0.0355 0.9992
vn 0.0047 0.0403 0.9992
vn -0.0318 -0.0252 0.9992
vn 0.0046 0.0403 0.9992
vn 0.0198 0.0355 0.9992
vn -0.0390 -0.0111 0.9992
vn 0.0405 -0.0047 0.9992
vn 0.0197 0.0355 0.9992
vn 0.0404 -0.0047 0.9992
vn 0.0319 0.0253 0.9992
vn 0.0356 -0.0198 0.9992
vn 0.0318 0.0252 0.9992
vn -0.0402 0.0046 0.9992
vn 0.0392 0.0112 0.9992
vn -0.0403 0.0046 0.9992
vn 0.0253 -0.0319 0.9992
vn 0.0391 0.0112 0.9992
vn -0.0354 0.0197 0.9992
vn 0.0112 -0.0391 0.9992
vn -0.0252 0.0318 0.9992
vn -0.0252 0.0317 0.9992
vn 0.3031 0.9426 0.1397
vn 0.2932 0.9118 0.2875
vn 0.3032 0.9428 0.1389
vn 0.8805 0.4520 0.1429
vn 0.8513 0.4370 0.2904
vn 0.8806 0.4520 0.1422
vn -0.3678 0.9299 -0.0039
vn -0.3668 0.9303 -0.0037
vn -0.3666 0.9304 -0.0037
vn 0.6406 0.7547 0.1414
vn 0.6195 0.7298 0.2890
vn 0.6407 0.7548 0.1406
vn 0.1782 -0.9840 0.0031
vn 0.1772 -0.9842 0.0034
vn 0.1784 -0.9840 0.0030
vn -0.3654 0.9308 -0.0041
vn -0.3652 0.9309 -0.0042
vn -0.0705 0.0888 -0.9936
vn -0.0705 0.0888 -0.9935
vn -0.5694 -0.8221 -0.0005
vn -0.5692 -0.8222 -0.0005
vn 0.1080 0.0308 0.9937
vn -0.7553 0.6411 0.1360
vn -0.7309 0.6204 0.2844
vn -0.7553 0.6411 0.1359
vn -0.4524 0.8813 0.1368
vn -0.4378 0.8527 0.2849
vn -0.4524 0.8813 0.1364
vn -0.0807 0.9871 0.1381
vn -0.0781 0.9550 0.2860
vn -0.0807 0.9872 0.1374
vn 0.5423 -0.8402 0.0044
vn 0.5412 -0.8409 0.0042
vn -0.5691 -0.8223 -0.0005
vn -0.9554 -0.0781 0.2849
vn -0.9873 -0.0807 0.1368
vn -0.9874 -0.0807 0.1364
vn -0.9127 0.2935 0.2844
vn -0.9431 0.3033 0.1360
vn -0.9432 0.3033 0.1359
vn 0.5410 -0.8410 0.0043
vn 0.5397 -0.8418 0.0047
vn -0.0311 0.1090 -0.9936
vn -0.6198 -0.7302 0.2875
vn -0.6408 -0.7549 0.1397
vn -0.6409 -0.7550 0.1389
vn -0.8525 -0.4376 0.2860
vn -0.8811 -0.4523 0.1381
vn -0.8812 -0.4524 0.1374
vn 0.3979 0.9174 -0.0005
vn 0.3980 0.9174 -0.0005
vn 0.3981 0.9174 -0.0005
vn 0.0880 0.0698 0.9937
vn 0.0879 0.0698 0.9937
vn -0.9177 0.3972 -0.0050
vn -0.9171 0.3986 -0.0048
vn -0.9170 0.3988 -0.0048
vn 0.3982 0.9173 -0.0005
vn 0.7291 -0.6189 0.2921
vn 0.7544 -0.6404 0.1444
vn 0.7544 -0.6404 0.1443
vn 0.4369 -0.8510 0.2915
vn 0.4519 -0.8804 0.1439
vn 0.4520 -0.8804 0.1435
vn 0.0780 -0.9537 0.2904
vn 0.0807 -0.9864 0.1429
vn 0.0807 -0.9865 0.1422
vn -0.2931 -0.9114 0.2890
vn -0.3031 -0.9424 0.1414
vn -0.3031 -0.9425 0.1406
vn 0.9863 0.0806 0.1439
vn 0.9534 0.0779 0.2915
vn 0.9864 0.0806 0.1435
vn -0.9163 0.4004 -0.0054
vn -0.9162 0.4006 -0.0054
vn 0.9420 -0.3029 0.1444
vn 0.9105 -0.2928 0.2921
vn 0.9420 -0.3029 0.1443
vn 0.0130 0.1125 -0.9936
vn -0.8408 -0.5414 -0.0024
vn -0.8404 -0.5420 -0.0023
vn 0.0545 0.0980 0.9937
vn 0.9084 -0.2921 -0.2992
vn 0.9409 -0.3026 -0.1519
vn 0.9410 -0.3026 -0.1518
vn 0.9776 -0.2106 0.0048
vn 0.9773 -0.2120 0.0046
vn -0.8403 -0.5421 -0.0023
vn -0.8399 -0.5427 -0.0025
vn 0.9508 0.0777 -0.2997
vn 0.9850 0.0805 -0.1527
vn 0.9851 0.0805 -0.1523
vn -0.3024 -0.9404 -0.1556
vn -0.2918 -0.9075 -0.3022
vn -0.3024 -0.9405 -0.1548
vn 0.0805 -0.9848 -0.1540
vn 0.0777 -0.9505 -0.3008
vn 0.0805 -0.9849 -0.1533
vn 0.4513 -0.8792 -0.1527
vn 0.4357 -0.8487 -0.2997
vn 0.4514 -0.8793 -0.1523
vn 0.7535 -0.6396 -0.1519
vn 0.7275 -0.6175 -0.2992
vn 0.7535 -0.6396 -0.1518
vn 0.9772 -0.2122 0.0046
vn 0.9769 -0.2138 0.0052
vn 0.0550 0.0989 -0.9936
vn 0.7189 0.6951 0.0015
vn 0.7186 0.6954 0.0014
vn 0.7186 0.6955 0.0014
vn 0.0128 0.1113 0.9937
vn -0.2111 -0.9775 0.0015
vn -0.2106 -0.9776 0.0016
vn -0.2105 -0.9776 0.0016
vn 0.7182 0.6958 0.0016
vn 0.7182 0.6959 0.0016
vn 0.0162 0.9999 -0.0024
vn 0.0154 0.9999 -0.0025
vn 0.0886 0.0703 -0.9936
vn -0.8783 -0.4509 -0.1587
vn -0.8472 -0.4349 -0.3052
vn -0.8472 -0.4349 -0.3051
vn -0.8784 -0.4510 -0.1580
vn -0.6391 -0.7529 -0.1573
vn -0.6166 -0.7264 -0.3038
vn -0.6392 -0.7530 -0.1564
vn -0.9840 -0.1782 -0.0039
vn -0.9838 -0.1793 -0.0037
vn -0.9840 -0.1781 -0.0039
vn -0.0307 0.1077 0.9937
vn 0.1793 -0.9838 0.0032
vn 0.1804 -0.9836 0.0034
vn 0.1806 -0.9836 0.0034
vn -0.9838 -0.1795 -0.0037
vn -0.9835 -0.1808 -0.0042
vn -0.9397 0.3022 -0.1603
vn -0.9061 0.2914 -0.3068
vn -0.9397 0.3022 -0.1601
vn -0.9839 -0.0804 -0.1598
vn -0.9488 -0.0776 -0.3062
vn -0.9839 -0.0804 -0.1593
vn -0.5695 -0.8220 -0.0005
vn 0.1087 0.0310 -0.9936
vn 0.1086 0.0310 -0.9936
vn 0.9303 0.3668 0.0032
vn 0.9299 0.3677 0.0030
vn 0.9299 0.3678 0.0031
vn -0.0696 0.0877 0.9937
vn -0.0776 0.9491 -0.3052
vn -0.0805 0.9840 -0.1587
vn -0.0805 0.9842 -0.1580
vn -0.4348 0.8469 -0.3062
vn -0.4508 0.8782 -0.1598
vn -0.4509 0.8783 -0.1593
vn -0.7256 0.6159 -0.3068
vn -0.7525 0.6388 -0.1603
vn -0.7525 0.6388 -0.1601
vn 0.3977 0.9175 -0.0005
vn 0.9295 0.3688 0.0034
vn 0.9294 0.3690 0.0034
vn -0.8412 -0.5406 -0.0025
vn -0.8413 -0.5405 -0.0025
vn -0.9772 0.2121 -0.0048
vn -0.9775 0.2107 -0.0046
vn -0.0978 0.0544 0.9937
vn 0.7193 0.6947 0.0016
vn -0.9776 0.2105 -0.0046
vn -0.9779 0.2089 -0.0051
vn -0.9842 -0.1768 -0.0041
vn -0.9843 -0.1766 -0.0042
vn 0.9998 -0.0173 0.0044
vn 0.9999 -0.0160 0.0042
vn 0.9999 -0.0158 0.0043
vn -0.1112 0.0128 0.9937
vn 0.6169 0.7267 -0.3022
vn 0.6393 0.7531 -0.1556
vn 0.6393 0.7532 -0.1548
vn 0.9307 0.3658 0.0034
vn 0.9999 -0.0143 0.0047
vn 0.9999 -0.0140 0.0048
vn 0.8484 0.4355 -0.3008
vn 0.8790 0.4512 -0.1540
vn 0.8791 0.4513 -0.1533
vn 0.2917 0.9070 -0.3037
vn 0.3023 0.9401 -0.1573
vn 0.3024 0.9403 -0.1564
vn 0.7630 0.6053 0.2269
vn 0.6982 0.5539 0.4535
vn 0.7632 0.6055 0.2256
vn 0.4735 0.8515 0.2253
vn 0.4334 0.7795 0.4523
vn 0.4736 0.8518 0.2239
vn 0.1116 0.9683 0.2236
vn 0.1022 0.8866 0.4510
vn 0.1117 0.9686 0.2223
vn -0.2675 0.9376 0.2221
vn -0.2450 0.8588 0.4500
vn -0.2676 0.9378 0.2211
vn -0.6061 0.7641 0.2209
vn -0.5552 0.6999 0.4493
vn -0.6062 0.7642 0.2204
vn -0.8525 0.4740 0.2204
vn -0.7809 0.4342 0.4490
vn -0.8875 0.1023 0.4493
vn -0.9689 0.1117 0.2209
vn -0.9690 0.1117 0.2204
vn -0.8588 -0.2450 0.4500
vn -0.9376 -0.2675 0.2221
vn -0.9378 -0.2676 0.2211
vn -0.6992 -0.5547 0.4510
vn -0.7636 -0.6057 0.2236
vn -0.7638 -0.6059 0.2223
vn -0.4334 -0.7795 0.4523
vn -0.4735 -0.8515 0.2253
vn -0.4736 -0.8518 0.2239
vn -0.1021 -0.8854 0.4535
vn -0.1115 -0.9675 0.2269
vn -0.1116 -0.9678 0.2256
vn 0.2444 -0.8565 0.4546
vn 0.2671 -0.9363 0.2281
vn 0.2672 -0.9365 0.2271
vn 0.5533 -0.6975 0.4553
vn 0.6050 -0.7627 0.2288
vn 0.6051 -0.7628 0.2282
vn 0.7780 -0.4326 0.4556
vn 0.8508 -0.4731 0.2288
vn 0.9671 -0.1115 0.2288
vn 0.8845 -0.1020 0.4553
vn 0.9672 -0.1115 0.2282
vn 0.9363 0.2671 0.2281
vn 0.8565 0.2444 0.4546
vn 0.9365 0.2672 0.2271
vn 0.8528 0.2433 -0.4622
vn 0.9341 0.2665 -0.2377
vn 0.9343 0.2666 -0.2367
vn 0.8813 -0.1016 -0.4615
vn 0.9652 -0.1113 -0.2366
vn 0.9653 -0.1113 -0.2361
vn 0.8493 -0.4722 -0.2360
vn 0.7755 -0.4312 -0.4612
vn 0.6038 -0.7612 -0.2366
vn 0.5513 -0.6950 -0.4615
vn 0.6039 -0.7613 -0.2361
vn 0.2665 -0.9341 -0.2377
vn 0.2433 -0.8528 -0.4622
vn 0.2666 -0.9343 -0.2367
vn -0.1112 -0.9646 -0.2392
vn -0.1015 -0.8804 -0.4632
vn -0.1112 -0.9649 -0.2380
vn -0.4717 -0.8482 -0.2409
vn -0.4304 -0.7740 -0.4644
vn -0.4718 -0.8485 -0.2395
vn -0.7601 -0.6029 -0.2424
vn -0.6933 -0.5500 -0.4657
vn -0.7603 -0.6031 -0.2412
vn -0.9326 -0.2661 -0.2436
vn -0.8505 -0.2426 -0.4667
vn -0.9329 -0.2662 -0.2427
vn -0.9633 0.1111 -0.2443
vn -0.8782 0.1012 -0.4674
vn -0.9634 0.1111 -0.2438
vn -0.7725 0.4296 -0.4676
vn -0.8475 0.4712 -0.2444
vn -0.5494 0.6926 -0.4674
vn -0.6026 0.7597 -0.2443
vn -0.6027 0.7598 -0.2438
vn -0.2426 0.8505 -0.4667
vn -0.2661 0.9326 -0.2437
vn -0.2427 0.8505 -0.4667
vn -0.2662 0.9329 -0.2427
vn 0.1013 0.8791 -0.4657
vn 0.1111 0.9638 -0.2424
vn 0.1111 0.9641 -0.2412
vn 0.4304 0.7740 -0.4645
vn 0.4717 0.8482 -0.2409
vn 0.4718 0.8485 -0.2395
vn 0.6943 0.5508 -0.4632
vn 0.7607 0.6034 -0.2392
vn 0.7609 0.6036 -0.2380
vn -0.0991 0.0551 -0.9935
vn -0.6946 0.7193 -0.0046
vn -0.6935 0.7205 -0.0051
vn -0.6933 0.7207 -0.0052
vn 0.0170 0.9999 -0.0023
vn 0.0178 0.9998 -0.0025
vn 0.0180 0.9998 -0.0026
vn -0.6958 0.7182 -0.0048
vn -0.6948 0.7192 -0.0046
vn 0.0169 0.9999 -0.0023
vn -0.1127 0.0130 -0.9935
vn 0.8216 -0.5700 0.0048
vn 0.8206 -0.5714 0.0053
vn 0.8218 -0.5698 0.0048
vn -0.2116 -0.9774 0.0014
vn -0.2121 -0.9773 0.0016
vn -0.2115 -0.9774 0.0014
vn 0.8226 -0.5686 0.0050
vn -0.1090 -0.0311 -0.9936
vn -0.9998 0.0174 -0.0043
vn -0.9998 0.0189 -0.0047
vn -0.9998 0.0191 -0.0048
vn -0.9999 0.0159 -0.0044
vn -0.9998 0.0172 -0.0042
vn -0.0887 -0.0704 -0.9936
vn -0.9303 -0.3668 -0.0031
vn -0.9307 -0.3657 -0.0034
vn -0.9308 -0.3656 -0.0035
vn -0.9299 -0.3678 -0.0032
vn -0.9303 -0.3669 -0.0030
vn -0.0550 -0.0989 -0.9936
vn 0.9840 0.1781 0.0037
vn 0.9842 0.1768 0.0042
vn 0.9840 0.1783 0.0037
vn 0.9838 0.1794 0.0039
vn -0.0129 -0.1123 -0.9936
vn -0.7189 -0.6951 -0.0014
vn -0.7193 -0.6947 -0.0016
vn -0.7186 -0.6954 -0.0014
vn 0.9779 -0.2089 0.0051
vn 0.9780 -0.2086 0.0051
vn 0.0310 -0.1086 -0.9936
vn 0.8408 0.5413 0.0023
vn 0.8413 0.5406 0.0025
vn 0.8407 0.5414 0.0023
vn -0.9184 0.3956 -0.0053
vn 0.8404 0.5420 0.0024
vn 0.5436 -0.8393 0.0047
vn 0.5439 -0.8392 0.0048
vn 0.0702 -0.0885 -0.9936
vn -0.3979 -0.9174 0.0005
vn -0.3977 -0.9175 0.0005
vn -0.3691 0.9294 -0.0041
vn -0.3679 0.9299 -0.0039
vn -0.3980 -0.9174 0.0005
vn -0.6971 0.7170 -0.0051
vn -0.6959 0.7182 -0.0048
vn 0.0987 -0.0549 -0.9936
vn 0.5694 0.8221 0.0005
vn 0.5695 0.8220 0.0005
vn 0.5693 0.8221 0.0005
vn 0.8236 -0.5672 0.0053
vn 0.8238 -0.5669 0.0053
vn 0.5692 0.8222 0.0005
vn -0.9999 0.0143 -0.0047
vn 0.1122 -0.0129 -0.9936
vn -0.0162 -0.9999 0.0023
vn -0.0154 -0.9999 0.0025
vn -0.0152 -0.9999 0.0026
vn -0.9295 -0.3688 -0.0034
vn 0.1117 -0.0129 0.9937
vn -0.0170 -0.9999 0.0024
vn -0.0163 -0.9999 0.0023
vn 0.9835 0.1807 0.0041
vn 0.9835 0.1810 0.0041
vn 0.2111 0.9775 -0.0014
vn 0.2106 0.9776 -0.0016
vn 0.2112 0.9775 -0.0014
vn -0.7182 -0.6958 -0.0015
vn -0.7186 -0.6954 -0.0015
vn 0.0983 -0.0546 0.9937
vn 0.2116 0.9774 -0.0014
vn 0.2116 0.9774 -0.0015
vn 0.8399 0.5427 0.0025
vn 0.8398 0.5428 0.0025
vn 0.3680 -0.9298 0.0037
vn 0.3692 -0.9294 0.0042
vn 0.3694 -0.9293 0.0042
vn -0.3982 -0.9173 0.0005
vn 0.0699 -0.0881 0.9937
vn 0.3667 -0.9303 0.0039
vn 0.3678 -0.9299 0.0037
vn 0.5691 0.8223 0.0005
vn 0.5690 0.8223 0.0005
vn -0.1794 0.9838 -0.0031
vn -0.1804 0.9836 -0.0034
vn -0.1792 0.9838 -0.0030
vn -0.0178 -0.9998 0.0025
vn 0.0308 -0.1080 0.9937
vn -0.1783 0.9840 -0.0032
vn 0.2121 0.9772 -0.0015
vn 0.2122 0.9772 -0.0016
vn 0.6959 -0.7181 0.0046
vn 0.6971 -0.7170 0.0052
vn 0.6973 -0.7168 0.0052
vn 0.3655 -0.9308 0.0041
vn -0.0129 -0.1115 0.9937
vn 0.6947 -0.7193 0.0048
vn 0.6957 -0.7183 0.0046
vn -0.1772 0.9842 -0.0034
vn -0.1770 0.9842 -0.0034
vn -0.5424 0.8401 -0.0043
vn -0.5436 0.8393 -0.0047
vn -0.5422 0.8403 -0.0042
vn 0.6935 -0.7205 0.0051
vn -0.0545 -0.0980 0.9937
vn -0.5411 0.8409 -0.0044
vn -0.5411 0.8410 -0.0044
vn -0.5398 0.8418 -0.0047
vn -0.5395 0.8419 -0.0047
vn 0.9178 -0.3971 0.0048
vn 0.9184 -0.3956 0.0054
vn 0.9185 -0.3953 0.0054
vn 0.9171 -0.3987 0.0050
vn 0.9164 -0.4003 0.0053
vn -0.0878 -0.0696 0.9937
vn 0.9177 -0.3974 0.0048
vn -0.8217 0.5699 -0.0050
vn -0.8206 0.5714 -0.0053
vn -0.8205 0.5716 -0.0053
vn -0.8226 0.5685 -0.0048
vn -0.8236 0.5671 -0.0054
vn -0.8225 0.5688 -0.0048
vn 0.9998 -0.0189 0.0047
vn -0.1077 -0.0307 0.9937
vn -0.8216 0.5700 -0.0050
vn -0.9769 0.2138 -0.0051
vn -0.9768 0.2140 -0.0051
vn 0.1770 -0.9842 0.0034
vn 0.5395 -0.8420 0.0048
vn -0.8398 -0.5428 -0.0026
vn 0.9768 -0.2141 0.0052
vn 0.0152 0.9999 -0.0025
vn -0.9835 -0.1810 -0.0042
vn -0.9780 0.2086 -0.0052
vn 0.9308 0.3656 0.0034
vn 0.8205 -0.5717 0.0054
vn -0.2122 -0.9772 0.0016
vn 0.9843 0.1766 0.0042
vn 0.8413 0.5405 0.0026
vn -0.9185 0.3953 -0.0054
vn -0.3694 0.9293 -0.0042
vn -0.6973 0.7168 -0.0052
vn -0.9999 0.0141 -0.0047
vn -0.9294 -0.3690 -0.0034
vn 0.2105 0.9776 -0.0016
vn -0.7182 -0.6959 -0.0016
vn 0.0982 -0.0546 0.9937
vn -0.1806 0.9835 -0.0035
vn -0.0180 -0.9998 0.0025
vn 0.3652 -0.9309 0.0041
vn -0.5438 0.8392 -0.0048
vn 0.6933 -0.7207 0.0051
vn 0.9163 -0.4006 0.0053
vn -0.8238 0.5669 -0.0054
vn 0.9998 -0.0191 0.0047
vt 0.241622 0.510735
vt 0.262199 0.510897
vt 0.286090 0.562227
vt 0.489608 0.005306
vt 0.412377 0.408469
vt 0.393727 0.416523
vt 0.489280 0.541730
vt 0.476932 0.554704
vt 0.467015 0.487651
vt 0.355586 0.650679
vt 0.322106 0.581599
vt 0.355325 0.581474
vt 0.355122 0.527739
vt 0.321971 0.545776
vt 0.321904 0.527865
vt 0.355189 0.545651
vt 0.322039 0.563688
vt 0.322571 0.704539
vt 0.355721 0.686502
vt 0.355789 0.704413
vt 0.322503 0.686627
vt 0.355654 0.668590
vt 0.322435 0.668716
vt 0.359014 0.718922
vt 0.466215 0.740939
vt 0.359014 0.740939
vt 0.524386 0.718922
vt 0.496445 0.740938
vt 0.496445 0.718922
vt 0.465644 0.774585
vt 0.465073 0.808231
vt 0.597839 0.740938
vt 0.554889 0.718922
vt 0.597839 0.718922
vt 0.422129 0.652351
vt 0.465644 0.685276
vt 0.466215 0.718922
vt 0.554889 0.740938
vt 0.539637 0.718922
vt 0.539637 0.740938
vt 0.481330 0.718922
vt 0.481330 0.740938
vt 0.387036 0.496738
vt 0.390568 0.561476
vt 0.373158 0.557269
vt 0.360184 0.544921
vt 0.459751 0.559766
vt 0.413904 0.510586
vt 0.493487 0.524320
vt 0.289409 0.496661
vt 0.303742 0.557895
vt 0.316852 0.545313
vt 0.213057 0.493957
vt 0.216178 0.560147
vt 0.199008 0.555032
vt 0.186683 0.541999
vt 0.182530 0.524541
vt 0.480205 0.713200
vt 0.485803 0.699160
vt 0.485331 0.671223
vt 0.479258 0.657233
vt 0.465073 0.651630
vt 0.479258 0.802628
vt 0.485803 0.760701
vt 0.480205 0.746661
vt 0.485331 0.788638
vt 0.353162 0.008700
vt 0.320336 0.112629
vt 0.319944 0.008825
vt 0.353554 0.112504
vt 0.351243 0.008725
vt 0.015007 0.718923
vt 0.015007 0.740939
vt 0.182530 0.004687
vt 0.263125 0.406809
vt 0.242722 0.406644
vt 0.322372 0.007743
vt 0.069176 0.510735
vt 0.089753 0.510897
vt 0.113644 0.562227
vt 0.317162 0.005306
vt 0.239931 0.408469
vt 0.221281 0.416523
vt 0.316834 0.541730
vt 0.304486 0.554704
vt 0.294569 0.487651
vt 0.183140 0.650679
vt 0.149661 0.581599
vt 0.182879 0.581474
vt 0.182676 0.527740
vt 0.149525 0.545776
vt 0.149458 0.527865
vt 0.182744 0.545651
vt 0.149593 0.563688
vt 0.150125 0.704539
vt 0.183276 0.686502
vt 0.183343 0.704413
vt 0.150057 0.686627
vt 0.183208 0.668590
vt 0.149990 0.668716
vt 0.358473 0.718923
vt 0.465674 0.740939
vt 0.358473 0.740939
vt 0.523845 0.718922
vt 0.495904 0.740938
vt 0.495904 0.718922
vt 0.465103 0.774585
vt 0.464532 0.808231
vt 0.597298 0.740938
vt 0.554348 0.718922
vt 0.597298 0.718922
vt 0.421588 0.652351
vt 0.465103 0.685276
vt 0.465674 0.718922
vt 0.554348 0.740938
vt 0.539097 0.718922
vt 0.539097 0.740938
vt 0.480789 0.718922
vt 0.480790 0.740939
vt 0.214590 0.496738
vt 0.218122 0.561476
vt 0.200712 0.557269
vt 0.187738 0.544921
vt 0.287305 0.559766
vt 0.241458 0.510587
vt 0.321041 0.524320
vt 0.116963 0.496661
vt 0.131296 0.557895
vt 0.144407 0.545313
vt 0.040612 0.493957
vt 0.043732 0.560147
vt 0.026563 0.555032
vt 0.014238 0.541999
vt 0.010084 0.524541
vt 0.479664 0.713200
vt 0.485262 0.699160
vt 0.484790 0.671223
vt 0.478717 0.657233
vt 0.464532 0.651630
vt 0.478718 0.802628
vt 0.485262 0.760701
vt 0.479664 0.746661
vt 0.484790 0.788638
vt 0.180716 0.008700
vt 0.147890 0.112629
vt 0.147498 0.008825
vt 0.181108 0.112504
vt 0.178797 0.008725
vt 0.014467 0.718923
vt 0.014467 0.740940
vt 0.010084 0.004687
vt 0.090679 0.406809
vt 0.070276 0.406644
vt 0.149926 0.007743
vt 0.041319 0.640085
vt 0.048123 0.567897
vt 0.048068 0.640090
vt 0.091856 0.640067
vt 0.088455 0.567875
vt 0.095205 0.567872
vt 0.081814 0.640078
vt 0.034570 0.640080
vt 0.041374 0.567892
vt 0.081706 0.567885
vt 0.031332 0.567879
vt 0.074957 0.567895
vt 0.024528 0.640068
vt 0.021290 0.567867
vt 0.068316 0.640098
vt 0.075065 0.640088
vt 0.017778 0.640055
vt 0.112104 0.640045
vt 0.105247 0.567862
vt 0.111996 0.567852
vt 0.061567 0.640100
vt 0.064915 0.567905
vt 0.105355 0.640055
vt 0.011247 0.567842
vt 0.054872 0.567902
vt 0.054817 0.640095
vt 0.098605 0.640065
vt 0.118745 0.567842
vt 0.118853 0.640035
vt 0.203386 0.653880
vt 0.252675 0.674297
vt 0.216271 0.718655
vt 0.247843 0.705742
vt 0.199276 0.710525
vt 0.199276 0.657175
vt 0.375498 0.480017
vt 0.474507 0.468769
vt 0.471095 0.438735
vt 0.371238 0.460154
vt 0.459557 0.422014
vt 0.379579 0.431101
vt 0.432689 0.408165
vt 0.322368 0.650804
vt 0.355257 0.563563
vt 0.524386 0.740938
vt 0.422129 0.807510
vt 0.443938 0.507174
vt 0.203707 0.479271
vt 0.301010 0.479645
vt 0.305221 0.459500
vt 0.199888 0.459461
vt 0.204282 0.437423
vt 0.300863 0.438172
vt 0.223782 0.414267
vt 0.289721 0.421211
vt 0.203053 0.480017
vt 0.302061 0.468769
vt 0.298649 0.438735
vt 0.198792 0.460154
vt 0.287111 0.422014
vt 0.207133 0.431101
vt 0.260243 0.408165
vt 0.149922 0.650804
vt 0.182811 0.563562
vt 0.523845 0.740938
vt 0.421588 0.807510
vt 0.271492 0.507174
vt 0.031261 0.479271
vt 0.128564 0.479645
vt 0.132775 0.459500
vt 0.027442 0.459461
vt 0.031836 0.437423
vt 0.128417 0.438171
vt 0.051336 0.414267
vt 0.117276 0.421211
vt 0.011029 0.640034
vt 0.186631 0.674296
vt 0.192978 0.662422
vt 0.223036 0.649972
vt 0.235920 0.653880
vt 0.246328 0.662422
vt 0.252675 0.694331
vt 0.241545 0.710989
vt 0.229670 0.717336
vt 0.197762 0.710989
vt 0.186631 0.694331
vt 0.211151 0.650828
vt 0.224551 0.649509
vt 0.237435 0.653417
vt 0.247843 0.661959
vt 0.254190 0.673833
vt 0.254190 0.693868
vt 0.237435 0.714284
vt 0.224550 0.718192
vt 0.211151 0.716872
vt 0.190735 0.700117
vt 0.186826 0.687233
vt 0.190735 0.667583
vt 0.697059 0.724178
vt 0.703175 0.779316
vt 0.697059 0.779316
vt 0.703175 0.724178
vt 0.709291 0.779316
vt 0.709291 0.724178
vt 0.715407 0.779316
vt 0.715407 0.724178
vt 0.721523 0.779316
vt 0.721523 0.724178
vt 0.727639 0.779316
vt 0.727639 0.724178
vt 0.733755 0.779316
vt 0.733755 0.724178
vt 0.739871 0.779316
vt 0.739871 0.724178
vt 0.745987 0.779316
vt 0.745987 0.724178
vt 0.752103 0.779316
vt 0.752103 0.724178
vt 0.758219 0.779316
vt 0.758219 0.724178
vt 0.764335 0.779316
vt 0.690943 0.724178
vt 0.690943 0.779316
vt 0.705414 0.793787
vt 0.685646 0.799084
vt 0.764335 0.724178
vt 0.702356 0.782374
vt 0.705414 0.787671
vt 0.702356 0.799084
vt 0.697059 0.802142
vt 0.690943 0.802142
vt 0.682588 0.793787
vt 0.682588 0.787671
vt 0.685646 0.782375
vt 0.566835 0.188397
vt 0.972358 0.174418
vt 0.972430 0.185814
vt 0.565584 0.122015
vt 0.971579 0.102075
vt 0.971813 0.122275
vt 0.565029 0.100217
vt 0.971543 0.080541
vt 0.566762 0.177004
vt 0.972183 0.152884
vt 0.566458 0.155205
vt 0.971945 0.132683
vt 0.971603 0.069150
vt 0.565316 0.045226
vt 0.971864 0.047617
vt 0.566100 0.023436
vt 0.972308 0.027420
vt 0.972549 0.227551
vt 0.566808 0.210198
vt 0.972530 0.207349
vt 0.565899 0.133407
vt 0.566533 0.012048
vt 0.564916 0.067024
vt 0.564857 0.078417
vt 0.566527 0.232001
vt 0.972549 0.017014
vt 0.463198 0.188097
vt 0.370971 0.188097
vt 0.463198 0.172459
vt 0.463198 0.203734
vt 0.370971 0.172460
vt 0.370971 0.203734
vt 0.463198 0.156822
vt 0.463198 0.219372
vt 0.370971 0.156822
vt 0.370971 0.219372
vt 0.463198 0.235009
vt 0.370971 0.235009
vt 0.463198 0.141185
vt 0.370971 0.141185
vt 0.463198 0.250647
vt 0.370971 0.250647
vt 0.463198 0.125547
vt 0.370971 0.125547
vt 0.463198 0.109910
vt 0.463198 0.266284
vt 0.370971 0.109910
vt 0.370971 0.266284
vt 0.463198 0.281921
vt 0.463197 0.094272
vt 0.370971 0.094272
vt 0.370971 0.281921
vt 0.463198 0.078635
vt 0.370971 0.297559
vt 0.370971 0.078635
vt 0.463198 0.297559
vt 0.463197 0.062998
vt 0.370971 0.062998
vt 0.463198 0.313196
vt 0.370971 0.313196
vt 0.463198 0.328834
vt 0.463197 0.047360
vt 0.370971 0.047360
vt 0.370971 0.328834
vt 0.463198 0.344471
vt 0.370971 0.344471
vt 0.463197 0.031723
vt 0.370971 0.547757
vt 0.370971 0.532120
vt 0.463197 0.532120
vt 0.463197 0.516482
vt 0.463198 0.360108
vt 0.370971 0.516482
vt 0.370971 0.360108
vt 0.463197 0.500845
vt 0.463198 0.375746
vt 0.370971 0.375746
vt 0.370971 0.500845
vt 0.463198 0.391383
vt 0.463198 0.485208
vt 0.370971 0.391383
vt 0.370971 0.485208
vt 0.463198 0.407021
vt 0.463198 0.469570
vt 0.370971 0.407021
vt 0.370971 0.469570
vt 0.463198 0.422658
vt 0.463198 0.453933
vt 0.370971 0.453933
vt 0.370971 0.422658
vt 0.463198 0.438295
vt 0.370971 0.438295
vt 0.053261 0.802122
vt 0.035664 0.793556
vt 0.055556 0.793556
vt 0.037959 0.859227
vt 0.018438 0.857847
vt 0.024708 0.851577
vt 0.017057 0.823024
vt 0.008492 0.840620
vt 0.008492 0.820729
vt 0.074163 0.838325
vt 0.072783 0.857847
vt 0.066512 0.851576
vt 0.072783 0.803502
vt 0.066512 0.809773
vt 0.017057 0.838325
vt 0.759651 0.236742
vt 0.751085 0.219145
vt 0.759651 0.221440
vt 0.055556 0.867793
vt 0.053261 0.859227
vt 0.074163 0.823024
vt 0.082729 0.820729
vt 0.024708 0.809773
vt 0.037959 0.802122
vt 0.035664 0.867793
vt 0.082729 0.840620
vt 0.915727 0.083729
vt 0.938390 0.068427
vt 0.938390 0.083729
vt 0.915727 0.114331
vt 0.938390 0.099030
vt 0.938390 0.114331
vt 0.915727 0.144934
vt 0.938390 0.129633
vt 0.938390 0.144934
vt 0.385927 0.944544
vt 0.411633 0.913230
vt 0.411633 0.944544
vt 0.915727 0.175537
vt 0.938390 0.160235
vt 0.938390 0.175537
vt 0.915727 0.206139
vt 0.938390 0.190838
vt 0.938390 0.206139
vt 0.915727 0.236742
vt 0.938390 0.221440
vt 0.938390 0.236742
vt 0.392729 0.626002
vt 0.367023 0.587929
vt 0.392729 0.587929
vt 0.392739 0.626370
vt 0.367033 0.588297
vt 0.392739 0.588297
vt 0.392570 0.626370
vt 0.366864 0.588297
vt 0.392570 0.588297
vt 0.392065 0.586984
vt 0.366359 0.625057
vt 0.366358 0.586984
vt 0.392475 0.625222
vt 0.366769 0.587149
vt 0.392475 0.587149
vt 0.098480 0.984914
vt 0.128781 0.934861
vt 0.131181 0.983294
vt 0.324552 0.774464
vt 0.350258 0.659558
vt 0.350258 0.774464
vt 0.325226 0.775777
vt 0.350932 0.660871
vt 0.350932 0.775777
vt 0.411623 0.944176
vt 0.385917 0.912862
vt 0.411623 0.912862
vt 0.367033 0.731655
vt 0.367033 0.626370
vt 0.385758 0.944544
vt 0.411464 0.913230
vt 0.411464 0.944544
vt 0.385663 0.943396
vt 0.411369 0.912082
vt 0.411369 0.943396
vt 0.350258 0.928233
vt 0.324552 0.887298
vt 0.350258 0.887298
vt 0.325226 0.929546
vt 0.350932 0.888611
vt 0.350932 0.929546
vt 0.308861 0.730507
vt 0.324962 0.659723
vt 0.324962 0.774630
vt 0.203015 0.712239
vt 0.172547 0.742163
vt 0.169824 0.687207
vt 0.206741 0.688296
vt 0.167800 0.646359
vt 0.366769 0.730507
vt 0.392475 0.730507
vt 0.089444 0.802547
vt 0.096080 0.936481
vt 0.173330 0.559910
vt 0.134555 0.601420
vt 0.143669 0.554187
vt 0.137123 0.688827
vt 0.135099 0.647979
vt 0.350668 0.659723
vt 0.366769 0.625222
vt 0.375723 0.796911
vt 0.350668 0.774630
vt 0.375723 0.734902
vt 0.299907 0.796911
vt 0.324962 0.817830
vt 0.367023 0.731287
vt 0.392729 0.731287
vt 0.379575 0.815542
vt 0.405282 0.802674
vt 0.405282 0.815542
vt 0.352735 0.927365
vt 0.327029 0.886430
vt 0.352735 0.886430
vt 0.350668 0.849941
vt 0.350668 0.817830
vt 0.309115 0.731287
vt 0.325216 0.660503
vt 0.325216 0.775409
vt 0.282497 0.890651
vt 0.325216 0.850721
vt 0.325216 0.888243
vt 0.393641 0.890651
vt 0.350922 0.850721
vt 0.393641 0.836793
vt 0.375977 0.797691
vt 0.350922 0.775409
vt 0.375977 0.735682
vt 0.405536 0.816322
vt 0.379829 0.803453
vt 0.405536 0.803453
vt 0.350922 0.660503
vt 0.325216 0.929178
vt 0.350922 0.888243
vt 0.350922 0.929178
vt 0.350922 0.818610
vt 0.379839 0.816690
vt 0.405545 0.803821
vt 0.405545 0.816690
vt 0.325226 0.851088
vt 0.350932 0.818978
vt 0.350932 0.851088
vt 0.375987 0.798059
vt 0.375987 0.736050
vt 0.392739 0.731655
vt 0.366864 0.731655
vt 0.392570 0.731655
vt 0.300171 0.798059
vt 0.325226 0.818978
vt 0.308957 0.731655
vt 0.325057 0.660871
vt 0.325057 0.775777
vt 0.300003 0.798059
vt 0.325057 0.818978
vt 0.350764 0.660871
vt 0.366864 0.626370
vt 0.375818 0.798059
vt 0.350764 0.775777
vt 0.375818 0.736050
vt 0.379671 0.816690
vt 0.405377 0.803821
vt 0.405377 0.816690
vt 0.350764 0.929546
vt 0.325057 0.888611
vt 0.350764 0.888611
vt 0.350764 0.851089
vt 0.350764 0.818978
vt 0.308451 0.730342
vt 0.324552 0.659558
vt 0.299497 0.796746
vt 0.324552 0.817665
vt 0.324552 0.849775
vt 0.350258 0.817665
vt 0.350258 0.849775
vt 0.392065 0.730342
vt 0.392065 0.625057
vt 0.385253 0.943231
vt 0.410959 0.911917
vt 0.410959 0.943231
vt 0.404872 0.815377
vt 0.379166 0.802508
vt 0.404872 0.802508
vt 0.851024 0.083729
vt 0.915727 0.068427
vt 0.052560 0.968036
vt 0.067012 0.952734
vt 0.067012 0.968036
vt 0.851024 0.099030
vt 0.915727 0.099030
vt 0.052560 0.983337
vt 0.067012 0.983337
vt 0.851024 0.114331
vt 0.948007 0.533596
vt 0.557964 0.479113
vt 0.948007 0.479114
vt 0.851024 0.129633
vt 0.915727 0.129633
vt 0.021310 0.952709
vt 0.035762 0.937407
vt 0.035762 0.952709
vt 0.851024 0.144934
vt 0.021310 0.968010
vt 0.035762 0.968010
vt 0.851024 0.160235
vt 0.915727 0.160235
vt 0.021310 0.983311
vt 0.035762 0.983311
vt 0.851024 0.175537
vt 0.488059 0.282086
vt 0.520375 0.063579
vt 0.520375 0.282086
vt 0.915727 0.190838
vt 0.051522 0.897372
vt 0.066823 0.882920
vt 0.066823 0.897372
vt 0.851024 0.206139
vt 0.036221 0.897372
vt 0.051522 0.882920
vt 0.851024 0.221440
vt 0.915727 0.221440
vt 0.020919 0.882920
vt 0.020919 0.897372
vt 0.851024 0.236742
vt 0.589753 0.276734
vt 0.620275 0.058228
vt 0.620275 0.276734
vt 0.851024 0.068427
vt 0.915727 0.053126
vt 0.836572 0.068427
vt 0.851024 0.053126
vt 0.526915 0.058228
vt 0.494599 0.027706
vt 0.526916 0.027706
vt 0.557964 0.309259
vt 0.503482 0.366945
vt 0.503482 0.309259
vt 0.488059 0.033057
vt 0.520375 0.033058
vt 0.557437 0.058228
vt 0.589753 0.058228
vt 0.583213 0.282086
vt 0.613735 0.063579
vt 0.613735 0.282086
vt 0.526915 0.276734
vt 0.494599 0.058228
vt 0.948007 0.421428
vt 0.557964 0.421427
vt 0.557437 0.276734
vt 0.557964 0.366945
vt 0.948007 0.366945
vt 0.948007 0.309259
vt 0.550897 0.063579
vt 0.550897 0.282086
vt 0.583213 0.063579
vt 0.209319 0.591439
vt 0.163364 0.604294
vt 0.379575 0.802674
vt 0.393387 0.889871
vt 0.393387 0.836013
vt 0.296055 0.815542
vt 0.324962 0.849941
vt 0.282243 0.889871
vt 0.324962 0.887463
vt 0.379829 0.816322
vt 0.296309 0.816322
vt 0.325216 0.818610
vt 0.300161 0.797691
vt 0.296319 0.816690
vt 0.282507 0.891019
vt 0.325226 0.888611
vt 0.379839 0.803821
vt 0.393651 0.891019
vt 0.393651 0.837161
vt 0.379671 0.803821
vt 0.393483 0.891019
vt 0.393483 0.837161
vt 0.296150 0.816690
vt 0.325057 0.851089
vt 0.282338 0.891019
vt 0.295645 0.815377
vt 0.281833 0.889706
vt 0.139846 0.743783
vt 0.147088 0.889956
vt 0.759651 0.083729
vt 0.836572 0.083729
vt 0.759651 0.099030
vt 0.836572 0.099030
vt 0.759651 0.114331
vt 0.836572 0.114331
vt 0.759651 0.129633
vt 0.836572 0.129633
vt 0.759651 0.144934
vt 0.836572 0.144934
vt 0.759651 0.160235
vt 0.836572 0.160235
vt 0.759651 0.175536
vt 0.836572 0.175537
vt 0.836572 0.190838
vt 0.759651 0.206139
vt 0.836572 0.206139
vt 0.836572 0.221441
vt 0.836572 0.236742
vt 0.759651 0.068427
vt 0.836573 0.053126
vt 0.904258 0.728522
vt 0.918833 0.703896
vt 0.913384 0.731290
vt 0.674265 0.605589
vt 0.686645 0.579788
vt 0.692694 0.587160
vt 0.894285 0.752601
vt 0.902695 0.757096
vt 0.709869 0.564270
vt 0.714364 0.572680
vt 0.879805 0.774271
vt 0.887177 0.780320
vt 0.735674 0.553581
vt 0.738442 0.562707
vt 0.861377 0.792700
vt 0.867426 0.800071
vt 0.764004 0.557622
vt 0.763069 0.548132
vt 0.714364 0.807179
vt 0.735675 0.826278
vt 0.709869 0.815589
vt 0.839707 0.807179
vt 0.844202 0.815589
vt 0.791001 0.548132
vt 0.790067 0.557622
vt 0.692694 0.792700
vt 0.686645 0.800071
vt 0.815628 0.817153
vt 0.818396 0.826278
vt 0.818396 0.553581
vt 0.815628 0.562706
vt 0.666894 0.780321
vt 0.674265 0.774271
vt 0.790066 0.822237
vt 0.791001 0.831727
vt 0.844202 0.564270
vt 0.839706 0.572680
vt 0.651376 0.757096
vt 0.659786 0.752601
vt 0.764004 0.822237
vt 0.763070 0.831727
vt 0.867426 0.579788
vt 0.861377 0.587160
vt 0.640687 0.731291
vt 0.649812 0.728523
vt 0.738443 0.817153
vt 0.879805 0.605589
vt 0.887177 0.599539
vt 0.635238 0.703896
vt 0.644728 0.702961
vt 0.894285 0.627259
vt 0.902695 0.622764
vt 0.635238 0.675964
vt 0.644728 0.676899
vt 0.904258 0.651337
vt 0.913384 0.648569
vt 0.640687 0.648569
vt 0.649812 0.651337
vt 0.909343 0.676899
vt 0.918833 0.675964
vt 0.651376 0.622764
vt 0.659786 0.627259
vt 0.909343 0.702961
vt 0.666894 0.599539
vt 0.838989 0.809207
vt 0.866361 0.801933
vt 0.843243 0.817380
vt 0.814910 0.819181
vt 0.817556 0.828020
vt 0.790287 0.833444
vt 0.789349 0.824265
vt 0.762483 0.833444
vt 0.763286 0.824265
vt 0.735214 0.828020
vt 0.737725 0.819181
vt 0.709527 0.817380
vt 0.713646 0.809207
vt 0.686409 0.801933
vt 0.691976 0.794728
vt 0.666749 0.782273
vt 0.673547 0.776299
vt 0.651302 0.759155
vt 0.659068 0.754629
vt 0.640662 0.733468
vt 0.649094 0.730550
vt 0.635238 0.706199
vt 0.644010 0.704989
vt 0.635238 0.678395
vt 0.644010 0.678926
vt 0.640662 0.651126
vt 0.649094 0.653365
vt 0.651302 0.625439
vt 0.659068 0.629286
vt 0.666749 0.602321
vt 0.673547 0.607616
vt 0.686409 0.582661
vt 0.691976 0.589188
vt 0.709527 0.567214
vt 0.713646 0.574708
vt 0.735214 0.556574
vt 0.737725 0.564735
vt 0.762483 0.551150
vt 0.763286 0.559650
vt 0.789349 0.559650
vt 0.790287 0.551150
vt 0.814910 0.564735
vt 0.817556 0.556574
vt 0.838989 0.574708
vt 0.843243 0.567214
vt 0.860659 0.589188
vt 0.866361 0.582661
vt 0.879088 0.607616
vt 0.886021 0.602321
vt 0.893567 0.629287
vt 0.901468 0.625439
vt 0.903541 0.653365
vt 0.912108 0.651126
vt 0.908625 0.678927
vt 0.917532 0.678395
vt 0.908625 0.704989
vt 0.917532 0.706199
vt 0.903541 0.730551
vt 0.912108 0.733468
vt 0.893567 0.754629
vt 0.901468 0.759155
vt 0.879087 0.776299
vt 0.886021 0.782273
vt 0.860659 0.794728
vt 0.220160 0.554180
vt 0.099658 0.565221
vt 0.106630 0.529090
vt 0.350668 0.928398
vt 0.385663 0.912082
vt 0.324962 0.928398
vt 0.289967 0.912082
vt 0.195810 0.797276
vt 0.179790 0.888336
vt 0.385917 0.944176
vt 0.290221 0.912862
vt 0.385927 0.913230
vt 0.290231 0.913230
vt 0.385758 0.913230
vt 0.325057 0.929546
vt 0.290063 0.913230
vt 0.324552 0.928233
vt 0.289557 0.911916
vt 0.385253 0.911917
vt 0.077776 0.797520
vt 0.106569 0.717018
vt 0.110477 0.795900
vt 0.419094 0.836013
vt 0.401429 0.734902
vt 0.419347 0.836793
vt 0.401683 0.735682
vt 0.419357 0.891019
vt 0.401693 0.736050
vt 0.419189 0.837161
vt 0.401525 0.798059
vt 0.392977 0.835848
vt 0.418684 0.889706
vt 0.392977 0.889706
vt 0.375313 0.734737
vt 0.401019 0.796746
vt 0.375313 0.796746
vt 0.069997 0.559498
vt 0.076970 0.523366
vt 0.367023 0.626002
vt 0.081512 0.599051
vt 0.082293 0.665881
vt 0.100494 0.693560
vt 0.101305 0.709930
vt 0.122145 0.800926
vt 0.309125 0.731655
vt 0.325226 0.660871
vt 0.050395 0.666254
vt 0.049614 0.599424
vt 0.068604 0.711550
vt 0.379166 0.815377
vt 0.366359 0.730342
vt 0.751085 0.239037
vt 0.018437 0.803502
vt 0.308861 0.625222
vt 0.206923 0.791121
vt 0.207553 0.704666
vt 0.299907 0.734902
vt 0.327029 0.927365
vt 0.309116 0.626002
vt 0.282497 0.836793
vt 0.300171 0.736050
vt 0.308957 0.626370
vt 0.300002 0.736050
vt 0.308451 0.625057
vt 0.299497 0.734737
vt 0.052560 0.952734
vt 0.557964 0.533595
vt 0.021310 0.937407
vt 0.488059 0.063579
vt 0.851024 0.190838
vt 0.036221 0.882920
vt 0.494599 0.276734
vt 0.220160 0.653917
vt 0.350668 0.887463
vt 0.296055 0.802674
vt 0.282243 0.836013
vt 0.296309 0.803453
vt 0.300161 0.735682
vt 0.296319 0.803821
vt 0.282507 0.837160
vt 0.296150 0.803821
vt 0.282338 0.837161
vt 0.295645 0.802508
vt 0.281833 0.835848
vt 0.759651 0.190838
vt 0.759651 0.053126
vt 0.289967 0.943396
vt 0.202446 0.931211
vt 0.290221 0.944176
vt 0.290231 0.944544
vt 0.290063 0.944544
vt 0.289557 0.943231
vt 0.073868 0.718638
vt 0.419094 0.889871
vt 0.401429 0.796911
vt 0.419347 0.890651
vt 0.401683 0.797691
vt 0.419357 0.837161
vt 0.401693 0.798059
vt 0.419189 0.891019
vt 0.401525 0.736050
vt 0.418684 0.835848
vt 0.401019 0.734737
vt 0.309125 0.626370
vt 0.067793 0.695180
vt 0.232807 0.594563
vt 0.240762 0.603562
vt 0.232461 0.601632
vt 0.198973 0.580562
vt 0.209438 0.566528
vt 0.210555 0.575731
vt 0.197826 0.612659
vt 0.207263 0.627403
vt 0.191235 0.619333
vt 0.217574 0.576043
vt 0.210243 0.566457
vt 0.219474 0.566967
vt 0.057949 0.714444
vt 0.046703 0.646475
vt 0.058043 0.646457
vt 0.029269 0.714404
vt 0.040703 0.646467
vt 0.040609 0.714454
vt 0.018631 0.714308
vt 0.029363 0.646417
vt 0.068587 0.714377
vt 0.068682 0.646391
vt 0.096047 0.714255
vt 0.102141 0.646276
vt 0.102047 0.714263
vt 0.084706 0.714272
vt 0.074163 0.646352
vt 0.084801 0.646286
vt 0.013150 0.714255
vt 0.018725 0.646321
vt 0.113481 0.646325
vt 0.113387 0.714312
vt 0.096141 0.646268
vt 0.074068 0.714339
vt 0.046609 0.714462
vt 0.124119 0.646422
vt 0.124025 0.714408
vt 0.228709 0.581829
vt 0.241256 0.593453
vt 0.235398 0.575242
vt 0.227141 0.613906
vt 0.216500 0.627796
vt 0.215494 0.618578
vt 0.185140 0.601200
vt 0.193564 0.599979
vt 0.193817 0.592905
vt 0.185502 0.591086
vt 0.192875 0.573434
vt 0.209034 0.618303
vt 0.233155 0.621113
vt 0.211118 0.575686
vt 0.013244 0.646268
vt 0.210617 0.819606
vt 0.118606 0.996451
vt 0.118606 0.819606
vt 0.316598 0.638264
vt 0.295815 0.658845
vt 0.291751 0.641371
vt 0.062210 0.819606
vt 0.006945 0.996451
vt 0.006945 0.819605
vt 0.267978 0.641369
vt 0.273802 0.643137
vt 0.315475 0.638254
vt 0.285919 0.643221
vt 0.291742 0.641452
vt 0.243029 0.638456
vt 0.243338 0.586724
vt 0.249404 0.606719
vt 0.523274 0.996451
vt 0.495075 0.819605
vt 0.523274 0.819605
vt 0.495075 0.996451
vt 0.466877 0.819605
vt 0.090408 0.996451
vt 0.062210 0.996451
vt 0.090408 0.819606
vt 0.323961 0.819606
vt 0.261522 0.996451
vt 0.261522 0.819606
vt 0.244234 0.638171
vt 0.244241 0.586658
vt 0.249416 0.606634
vt 0.250272 0.652759
vt 0.262611 0.638499
vt 0.264856 0.658808
vt 0.254048 0.629934
vt 0.257908 0.634638
vt 0.349414 0.996451
vt 0.323961 0.996451
vt 0.349414 0.819605
vt 0.374867 0.996451
vt 0.236070 0.996451
vt 0.210617 0.996451
vt 0.236069 0.819606
vt 0.466877 0.996451
vt 0.294873 0.658884
vt 0.267968 0.641461
vt 0.273800 0.643230
vt 0.309443 0.652836
vt 0.262585 0.638580
vt 0.263919 0.658955
vt 0.249275 0.653010
vt 0.253970 0.629908
vt 0.257859 0.634689
vt 0.248790 0.573597
vt 0.267994 0.584120
vt 0.262630 0.586983
vt 0.257926 0.590834
vt 0.310013 0.573608
vt 0.308528 0.600913
vt 0.305660 0.595550
vt 0.316413 0.586632
vt 0.310337 0.618753
vt 0.310925 0.612692
vt 0.291735 0.584013
vt 0.310960 0.573486
vt 0.297807 0.568042
vt 0.262615 0.586884
vt 0.249695 0.573494
vt 0.262859 0.568042
vt 0.273803 0.582250
vt 0.267981 0.584016
vt 0.257911 0.590744
vt 0.297127 0.638494
vt 0.301533 0.634870
vt 0.310444 0.652850
vt 0.285921 0.643141
vt 0.279861 0.643735
vt 0.297106 0.638584
vt 0.301808 0.634724
vt 0.250949 0.624158
vt 0.251132 0.624484
vt 0.254062 0.595528
vt 0.251184 0.600892
vt 0.249389 0.618838
vt 0.248796 0.612795
vt 0.251180 0.624567
vt 0.254051 0.595447
vt 0.251183 0.600812
vt 0.249414 0.618744
vt 0.248819 0.612689
vt 0.374867 0.819605
vt 0.279861 0.643821
vt 0.261929 0.568160
vt 0.273814 0.582357
vt 0.296856 0.568160
vt 0.315465 0.586765
vt 0.305666 0.630021
vt 0.308532 0.624657
vt 0.279865 0.581764
vt 0.310296 0.618837
vt 0.310891 0.612784
vt 0.285917 0.582360
vt 0.291737 0.584125
vt 0.310294 0.606732
vt 0.297100 0.586992
vt 0.301801 0.590850
vt 0.297102 0.586875
vt 0.301886 0.634594
vt 0.305612 0.630063
vt 0.301807 0.590729
vt 0.305671 0.595429
vt 0.308548 0.624621
vt 0.308545 0.600796
vt 0.310320 0.606625
vt 0.285913 0.582248
vt 0.279858 0.581653
vt 0.228492 0.766132
vt 0.243272 0.773513
vt 0.228492 0.773513
vt 0.956618 0.068427
vt 0.956618 0.083729
vt 0.956618 0.099030
vt 0.956618 0.114331
vt 0.956618 0.129633
vt 0.956618 0.144934
vt 0.956618 0.160235
vt 0.956618 0.175537
vt 0.956618 0.190838
vt 0.956618 0.206139
vt 0.956618 0.221440
vt 0.956618 0.236742
vt 0.956618 0.053126
vt 0.256616 0.587695
vt 0.249486 0.570483
vt 0.260306 0.581303
vt 0.262738 0.562833
vt 0.266698 0.577613
vt 0.278039 0.562833
vt 0.274079 0.577613
vt 0.280471 0.581303
vt 0.291290 0.570483
vt 0.298941 0.583735
vt 0.284161 0.587695
vt 0.284161 0.595076
vt 0.298941 0.599036
vt 0.291290 0.612287
vt 0.280471 0.601468
vt 0.274079 0.605158
vt 0.278039 0.619938
vt 0.262738 0.619938
vt 0.266698 0.605158
vt 0.249486 0.612287
vt 0.260306 0.601468
vt 0.241836 0.599036
vt 0.256616 0.595076
vt 0.241836 0.583735
vt 0.150003 0.911632
vt 0.173858 0.918024
vt 0.156395 0.935487
vt 0.228492 0.788274
vt 0.243272 0.795655
vt 0.228492 0.795655
vt 0.228492 0.736609
vt 0.243272 0.743989
vt 0.228492 0.743989
vt 0.228492 0.721847
vt 0.243272 0.729228
vt 0.228492 0.729228
vt 0.228492 0.758751
vt 0.243272 0.766132
vt 0.243272 0.780893
vt 0.243272 0.788274
vt 0.243272 0.736609
vt 0.228492 0.803036
vt 0.243272 0.810416
vt 0.228492 0.810416
vt 0.228492 0.751370
vt 0.243272 0.758751
vt 0.228492 0.780893
vt 0.243272 0.803036
vt 0.243272 0.751370
vt 0.709475 0.020228
vt 0.751086 0.000337
vt 0.751086 0.020228
vt 0.709475 0.239037
vt 0.709475 0.219145
vt 0.751085 0.199254
vt 0.709475 0.199253
vt 0.751085 0.179362
vt 0.709475 0.159470
vt 0.751085 0.159470
vt 0.751085 0.139578
vt 0.709475 0.139578
vt 0.751085 0.119687
vt 0.709475 0.119687
vt 0.751085 0.099795
vt 0.709475 0.099795
vt 0.751085 0.079903
vt 0.709475 0.079903
vt 0.751085 0.060012
vt 0.662410 0.266209
vt 0.645184 0.201918
vt 0.709475 0.060012
vt 0.751085 0.040120
vt 0.709475 0.040120
vt 0.938390 0.053126
vt 0.150003 0.931796
vt 0.146312 0.925404
vt 0.146312 0.918024
vt 0.156395 0.907941
vt 0.163775 0.907941
vt 0.170167 0.911632
vt 0.173858 0.925404
vt 0.170167 0.931796
vt 0.163775 0.935487
vt 0.243272 0.721847
vt 0.709475 0.000336
vt 0.709475 0.179362
vt 0.699529 0.256264
vt 0.682302 0.266209
vt 0.645184 0.256264
vt 0.635238 0.239037
vt 0.635238 0.219145
vt 0.662410 0.191973
vt 0.682302 0.191973
vt 0.699529 0.201918
vt 0.049333 0.393103
vt 0.056719 0.367919
vt 0.057243 0.393467
vt 0.049014 0.367742
vt 0.058216 0.341468
vt 0.050214 0.341489
vt 0.056363 0.315434
vt 0.048549 0.315527
vt 0.056812 0.288256
vt 0.048704 0.288517
vt 0.053956 0.261559
vt 0.046032 0.261886
vt 0.053463 0.233539
vt 0.045241 0.234071
vt 0.049528 0.206077
vt 0.041484 0.206725
vt 0.047846 0.177070
vt 0.039481 0.178037
vt 0.042244 0.148682
vt 0.034042 0.149940
vt 0.038224 0.118329
vt 0.029619 0.120286
vt 0.028899 0.088586
vt 0.020130 0.091446
vt 0.018582 0.057989
vt 0.180339 0.484432
vt 0.200389 0.463003
vt 0.186607 0.488547
vt 0.199605 0.432092
vt 0.192339 0.459952
vt 0.206428 0.405494
vt 0.207244 0.434157
vt 0.209195 0.377809
vt 0.214289 0.406953
vt 0.213208 0.351192
vt 0.216807 0.378743
vt 0.214126 0.323709
vt 0.221057 0.351885
vt 0.216784 0.297118
vt 0.221776 0.324113
vt 0.216582 0.269747
vt 0.224696 0.297386
vt 0.218218 0.243158
vt 0.224315 0.269797
vt 0.216997 0.215890
vt 0.226228 0.243098
vt 0.217544 0.189326
vt 0.224825 0.215629
vt 0.215034 0.162241
vt 0.225652 0.188924
vt 0.213874 0.135800
vt 0.222937 0.161574
vt 0.208829 0.109207
vt 0.222050 0.134794
vt 0.203469 0.083531
vt 0.216702 0.107579
vt 0.191969 0.059762
vt 0.211380 0.080836
vt 0.038478 0.467473
vt 0.033685 0.493445
vt 0.026911 0.489005
vt 0.051199 0.444065
vt 0.046291 0.470494
vt 0.044019 0.442955
vt 0.053886 0.419402
vt 0.046359 0.418638
vt 0.167973 0.137966
vt 0.160215 0.105757
vt 0.169987 0.106548
vt 0.340828 0.188084
vt 0.330506 0.216454
vt 0.331876 0.187947
vt 0.169529 0.167784
vt 0.158204 0.137724
vt 0.339704 0.216743
vt 0.331817 0.245671
vt 0.168727 0.198273
vt 0.160191 0.167626
vt 0.340723 0.245998
vt 0.329767 0.274029
vt 0.170397 0.227292
vt 0.159283 0.198221
vt 0.338930 0.274543
vt 0.330324 0.303213
vt 0.169276 0.256968
vt 0.161321 0.227102
vt 0.339206 0.303762
vt 0.327577 0.331501
vt 0.165183 0.423701
vt 0.158650 0.395956
vt 0.167011 0.396460
vt 0.170358 0.285248
vt 0.160090 0.256773
vt 0.336719 0.332214
vt 0.327561 0.360707
vt 0.167260 0.449749
vt 0.156610 0.423578
vt 0.168619 0.314106
vt 0.161530 0.284878
vt 0.333693 0.389740
vt 0.336426 0.361379
vt 0.172467 0.476584
vt 0.158775 0.450670
vt 0.169061 0.341645
vt 0.159683 0.313716
vt 0.333784 0.418815
vt 0.324539 0.389054
vt 0.179868 0.501131
vt 0.164290 0.478478
vt 0.166835 0.369685
vt 0.160476 0.341108
vt 0.332774 0.447174
vt 0.324877 0.418477
vt 0.345704 0.039273
vt 0.332481 0.068820
vt 0.335382 0.037141
vt 0.158135 0.369184
vt 0.337202 0.475910
vt 0.323464 0.447492
vt 0.342453 0.069975
vt 0.329673 0.099297
vt 0.345704 0.502226
vt 0.328339 0.477886
vt 0.339303 0.099868
vt 0.331184 0.129587
vt 0.171549 0.075379
vt 0.169558 0.040345
vt 0.179868 0.044214
vt 0.340279 0.129776
vt 0.329987 0.158530
vt 0.160811 0.073588
vt 0.339275 0.158705
vt 0.122208 0.205692
vt 0.123136 0.223048
vt 0.124394 0.319278
vt 0.124473 0.335667
vt 0.094039 0.345321
vt 0.091575 0.336125
vt 0.124016 0.263348
vt 0.124518 0.280135
vt 0.090791 0.373249
vt 0.063041 0.365019
vt 0.093187 0.364097
vt 0.063050 0.344329
vt 0.025431 0.058675
vt 0.034882 0.082805
vt 0.124579 0.492912
vt 0.085944 0.477883
vt 0.120880 0.479912
vt 0.153167 0.366055
vt 0.153654 0.344209
vt 0.284971 0.491514
vt 0.338011 0.505703
vt 0.287163 0.521942
vt 0.116481 0.077424
vt 0.117514 0.099246
vt 0.119269 0.145264
vt 0.120497 0.163674
vt 0.093423 0.310040
vt 0.121824 0.309192
vt 0.080586 0.488869
vt 0.051830 0.469042
vt 0.288529 0.380899
vt 0.289873 0.363722
vt 0.284891 0.441480
vt 0.286154 0.422659
vt 0.091310 0.319398
vt 0.062713 0.312212
vt 0.044384 0.120545
vt 0.048767 0.144216
vt 0.293958 0.267009
vt 0.294468 0.250204
vt 0.291912 0.323620
vt 0.292899 0.306779
vt 0.122046 0.446629
vt 0.088026 0.455485
vt 0.086741 0.445265
vt 0.154532 0.310599
vt 0.154589 0.288215
vt 0.091636 0.235013
vt 0.088395 0.225482
vt 0.056788 0.448240
vt 0.127463 0.519765
vt 0.290543 0.092519
vt 0.289969 0.072326
vt 0.293109 0.153048
vt 0.292641 0.135540
vt 0.294368 0.210380
vt 0.294372 0.193449
vt 0.123454 0.374054
vt 0.123234 0.390341
vt 0.058784 0.236201
vt 0.121990 0.429225
vt 0.053480 0.179609
vt 0.056025 0.202191
vt 0.250092 0.064169
vt 0.286956 0.059755
vt 0.154724 0.253691
vt 0.154260 0.230697
vt 0.087978 0.427577
vt 0.088710 0.197639
vt 0.119002 0.195084
vt 0.249599 0.076052
vt 0.215524 0.076103
vt 0.090475 0.389861
vt 0.260283 0.193386
vt 0.260363 0.210602
vt 0.257423 0.136875
vt 0.258379 0.154564
vt 0.252556 0.095964
vt 0.073669 0.514976
vt 0.087042 0.207742
vt 0.060377 0.258030
vt 0.290913 0.015179
vt 0.242449 0.037870
vt 0.233582 0.024876
vt 0.153709 0.195132
vt 0.152942 0.171416
vt 0.151679 0.420572
vt 0.206209 0.055415
vt 0.198494 0.055508
vt 0.151994 0.398978
vt 0.120788 0.400249
vt 0.061882 0.291009
vt 0.259016 0.304525
vt 0.257893 0.321723
vt 0.260625 0.248994
vt 0.260078 0.266126
vt 0.259234 0.126821
vt 0.289845 0.124798
vt 0.152470 0.134410
vt 0.152454 0.109459
vt 0.226673 0.131285
vt 0.249583 0.418440
vt 0.246670 0.437584
vt 0.255515 0.360497
vt 0.253752 0.378056
vt 0.156992 0.476279
vt 0.256458 0.106076
vt 0.154813 0.069077
vt 0.160326 0.042484
vt 0.084004 0.167127
vt 0.081912 0.148324
vt 0.076492 0.104098
vt 0.072573 0.082226
vt 0.228403 0.513091
vt 0.237048 0.485294
vt 0.154006 0.454103
vt 0.119490 0.457566
vt 0.223724 0.109676
vt 0.325461 0.064592
vt 0.262623 0.183804
vt 0.291940 0.183036
vt 0.320481 0.475142
vt 0.318195 0.450976
vt 0.328964 0.039509
vt 0.286007 0.032051
vt 0.230527 0.185808
vt 0.324007 0.126238
vt 0.261221 0.164157
vt 0.319072 0.391933
vt 0.090849 0.281573
vt 0.090055 0.264429
vt 0.324113 0.102592
vt 0.288101 0.104167
vt 0.229639 0.164336
vt 0.122432 0.290433
vt 0.121263 0.233731
vt 0.121125 0.253054
vt 0.118734 0.174918
vt 0.115433 0.111831
vt 0.115812 0.133974
vt 0.114624 0.033729
vt 0.113107 0.063815
vt 0.281567 0.453098
vt 0.281768 0.477292
vt 0.284511 0.411384
vt 0.285166 0.391303
vt 0.322123 0.334359
vt 0.288321 0.353069
vt 0.288744 0.333824
vt 0.324378 0.277004
vt 0.291124 0.296305
vt 0.291055 0.277240
vt 0.325185 0.219577
vt 0.292381 0.239804
vt 0.291744 0.220726
vt 0.324675 0.161791
vt 0.290718 0.163688
vt 0.119608 0.418936
vt 0.122168 0.345666
vt 0.121138 0.364064
vt 0.061812 0.396549
vt 0.090939 0.418227
vt 0.060365 0.416966
vt 0.092547 0.399152
vt 0.262736 0.220137
vt 0.231244 0.240199
vt 0.231384 0.218722
vt 0.263338 0.239578
vt 0.262125 0.275717
vt 0.229832 0.294663
vt 0.230768 0.273137
vt 0.262067 0.295184
vt 0.259650 0.331438
vt 0.226341 0.349346
vt 0.228128 0.327705
vt 0.258942 0.351124
vt 0.255193 0.388103
vt 0.219866 0.404702
vt 0.223033 0.382717
vt 0.253669 0.408668
vt 0.213167 0.439072
vt 0.243700 0.473532
vt 0.206531 0.461756
vt 0.247497 0.448884
vt 0.072950 0.069125
vt 0.066559 0.039417
vt 0.083272 0.137458
vt 0.081278 0.114892
vt 0.087754 0.177017
vt 0.091945 0.254751
vt 0.093689 0.290894
vt 0.056664 0.025195
vt 0.119881 0.015179
vt 0.317968 0.414800
vt 0.320769 0.356954
vt 0.323472 0.299592
vt 0.324868 0.242232
vt 0.324821 0.184658
vt 0.009813 0.061933
vt 0.172648 0.504207
s 1
g off
g RoverModificado.004_SpacialRoverExploreralumWhite
usemtl SpacialRoverExploreralumWhite
f 133/1/1 135/2/1 61/3/1
s 2
f 50/4/2 146/5/2 148/6/2
f 59/7/2 60/8/2 143/9/2
s 3
f 58/10/3 61/11/4 53/12/4
s 4
f 54/13/5 221/14/6 220/15/5
f 56/16/6 62/17/7 221/14/6
s 3
f 62/17/8 53/12/4 61/11/4
s 5
f 181/18/9 59/19/10 57/20/9
f 65/21/10 60/22/11 59/19/10
s 3
f 64/23/12 58/10/3 60/22/12
s 6
f 50/24/13 176/25/14 52/26/13
s 7
f 168/27/15 177/28/16 170/29/16
s 1
f 52/26/1 225/30/1 174/31/1
s 8
f 51/32/17 167/33/18 49/34/17
s 2
f 49/35/2 224/36/2 171/37/2
s 8
f 174/38/18 169/39/19 167/33/18
s 7
f 175/40/20 168/27/15 169/39/20
f 177/28/16 172/41/21 170/29/16
s 6
f 178/42/22 171/37/14 172/41/22
s 2
f 149/43/2 53/44/2 55/45/2
f 55/45/2 56/46/2 149/43/2
f 54/13/2 149/43/2 56/46/2
f 58/47/2 149/43/2 145/48/2
f 143/9/2 57/49/2 59/7/2
f 143/9/2 60/8/2 58/47/2
s 1
f 61/3/1 139/50/1 62/51/1
f 62/51/1 139/50/1 221/52/1
f 218/53/1 63/54/1 64/55/1
f 65/56/1 181/57/1 218/53/1
f 64/55/1 65/56/1 218/53/1
f 139/50/1 220/15/1 221/52/1
s 2
f 171/37/2 224/36/2 172/58/2
f 172/58/2 224/36/2 170/59/2
f 170/59/2 224/36/2 168/60/2
f 169/61/2 224/36/2 167/62/2
f 168/60/2 224/36/2 169/61/2
s 1
f 174/31/1 225/30/1 175/63/1
f 177/64/1 225/30/1 178/65/1
f 178/65/1 225/30/1 176/25/1
f 175/63/1 225/30/1 173/66/1
f 173/66/1 225/30/1 177/64/1
s 4
f 49/67/23 154/68/24 51/69/23
s 2
f 50/4/2 153/70/2 49/71/2
s 4
f 153/70/24 220/15/5 154/68/24
s 5
f 57/72/9 52/26/25 181/73/9
s 1
f 52/74/1 136/75/1 134/76/1
f 154/68/1 52/74/1 51/77/1
s 9
f 244/78/1 246/79/1 238/80/1
s 10
f 227/81/2 257/82/2 259/83/2
f 236/84/2 237/85/2 254/86/2
s 11
f 235/87/3 238/88/4 230/89/4
s 12
f 231/90/5 284/91/6 283/92/5
f 233/93/6 239/94/7 284/91/6
s 11
f 239/94/8 230/89/4 238/88/4
s 13
f 280/95/9 236/96/10 234/97/9
f 242/98/10 237/99/11 236/96/10
s 11
f 241/100/12 235/87/3 237/99/12
s 14
f 227/101/13 275/102/14 229/103/13
s 15
f 267/104/15 276/105/16 269/106/16
s 9
f 229/103/1 288/107/1 273/108/1
s 16
f 228/109/17 266/110/18 226/111/17
s 10
f 226/112/2 287/113/2 270/114/2
s 16
f 273/115/18 268/116/19 266/110/18
s 15
f 274/117/20 267/104/15 268/116/20
f 276/105/16 271/118/21 269/106/16
s 14
f 277/119/22 270/114/14 271/118/22
s 10
f 260/120/2 230/121/2 232/122/2
f 232/122/2 233/123/2 260/120/2
f 231/90/2 260/120/2 233/123/2
f 235/124/2 260/120/2 256/125/2
f 254/86/2 234/126/2 236/84/2
f 254/86/2 237/85/2 235/124/2
s 9
f 238/80/1 250/127/1 239/128/1
f 239/128/1 250/127/1 284/129/1
f 281/130/1 240/131/1 241/132/1
f 242/133/1 280/134/1 281/130/1
f 241/132/1 242/133/1 281/130/1
f 250/127/1 283/92/1 284/129/1
s 10
f 270/114/2 287/113/2 271/135/2
f 271/135/2 287/113/2 269/136/2
f 269/136/2 287/113/2 267/137/2
f 268/138/2 287/113/2 266/139/2
f 267/137/2 287/113/2 268/138/2
s 9
f 273/108/1 288/107/1 274/140/1
f 276/141/1 288/107/1 277/142/1
f 277/142/1 288/107/1 275/102/1
f 274/140/1 288/107/1 272/143/1
f 272/143/1 288/107/1 276/141/1
s 12
f 226/144/23 265/145/24 228/146/23
s 10
f 227/81/2 264/147/2 226/148/2
s 12
f 264/147/24 283/92/5 265/145/24
s 13
f 234/149/9 229/103/25 280/150/9
s 9
f 229/151/1 247/152/1 245/153/1
f 265/145/1 229/151/1 228/154/1
s 17
f 299/155/26 312/156/27 298/157/27
f 292/158/28 307/159/29 306/160/30
f 292/158/28 293/161/31 307/159/29
f 299/155/26 300/162/32 313/163/33
f 293/161/31 308/164/34 307/159/29
f 300/162/32 314/165/35 313/163/33
f 293/161/31 309/166/36 308/164/34
f 300/162/32 301/167/37 314/165/35
f 301/167/37 315/168/38 314/165/35
f 295/169/39 309/166/36 294/170/40
f 301/167/37 302/171/41 315/168/38
f 289/172/15 305/173/42 304/174/15
f 295/169/39 296/175/43 310/176/44
f 289/172/15 290/177/45 305/173/42
f 302/171/41 316/178/46 315/168/38
f 296/175/43 311/179/47 310/176/44
f 296/175/43 297/180/48 311/179/47
f 291/181/49 305/173/42 290/177/45
f 289/172/15 316/182/46 303/183/50
f 298/157/27 311/179/47 297/180/48
f 291/181/49 292/158/28 306/160/30
s 18
f 305/184/1 309/185/1 313/186/1
s 19
f 299/187/2 295/188/2 291/189/2
s 1
f 61/3/1 63/54/1 218/53/1
f 61/3/1 218/53/1 133/1/1
f 135/2/1 139/50/1 61/3/1
s 2
f 150/190/2 149/43/2 54/13/2
f 57/49/2 143/9/2 140/191/2
f 57/49/2 140/191/2 141/192/2
f 151/193/2 150/190/2 54/13/2
f 151/193/2 54/13/2 153/70/2
f 50/4/2 57/49/2 141/192/2
f 50/4/2 141/192/2 142/194/2
f 151/193/2 153/70/2 50/4/2
f 152/195/2 151/193/2 50/4/2
f 50/4/2 142/194/2 147/196/2
f 50/4/2 147/196/2 146/5/2
f 148/6/2 152/195/2 50/4/2
s 3
f 58/10/3 63/197/3 61/11/4
s 4
f 54/13/5 56/16/6 221/14/6
f 56/16/6 55/198/7 62/17/7
s 3
f 62/17/8 55/198/8 53/12/4
s 5
f 181/18/9 65/21/10 59/19/10
f 65/21/10 64/23/11 60/22/11
s 3
f 64/23/12 63/197/3 58/10/3
s 6
f 50/24/13 171/37/14 176/25/14
s 7
f 168/27/15 173/199/15 177/28/16
s 1
f 174/31/1 51/200/1 52/26/1
f 52/26/1 176/25/1 225/30/1
s 8
f 51/32/17 174/38/18 167/33/18
s 2
f 171/37/2 50/24/2 49/35/2
f 49/35/2 167/62/2 224/36/2
s 8
f 174/38/18 175/40/19 169/39/19
s 7
f 175/40/20 173/199/15 168/27/15
f 177/28/16 178/42/21 172/41/21
s 6
f 178/42/22 176/25/14 171/37/14
s 2
f 144/201/2 143/9/2 58/47/2
f 58/47/2 53/44/2 149/43/2
f 145/48/2 144/201/2 58/47/2
s 4
f 49/67/23 153/70/24 154/68/24
f 153/70/24 54/13/5 220/15/5
s 5
f 57/72/9 50/24/25 52/26/25
s 1
f 180/202/1 218/53/1 181/57/1
f 220/15/1 139/50/1 137/203/1
f 220/15/1 137/203/1 223/204/1
f 222/205/1 180/202/1 181/57/1
f 132/206/1 222/205/1 181/57/1
f 154/68/1 220/15/1 223/204/1
f 154/68/1 223/204/1 138/207/1
f 132/206/1 181/57/1 52/74/1
f 179/208/1 132/206/1 52/74/1
f 52/74/1 154/68/1 138/207/1
f 52/74/1 138/207/1 219/209/1
f 134/76/1 179/208/1 52/74/1
f 52/74/1 219/209/1 136/75/1
s 9
f 238/80/1 240/131/1 281/130/1
f 238/80/1 281/130/1 244/78/1
f 246/79/1 250/127/1 238/80/1
s 10
f 261/210/2 260/120/2 231/90/2
f 234/126/2 254/86/2 251/211/2
f 234/126/2 251/211/2 252/212/2
f 262/213/2 261/210/2 231/90/2
f 262/213/2 231/90/2 264/147/2
f 227/81/2 234/126/2 252/212/2
f 227/81/2 252/212/2 253/214/2
f 262/213/2 264/147/2 227/81/2
f 263/215/2 262/213/2 227/81/2
f 227/81/2 253/214/2 258/216/2
f 227/81/2 258/216/2 257/82/2
f 259/83/2 263/215/2 227/81/2
s 11
f 235/87/3 240/217/3 238/88/4
s 12
f 231/90/5 233/93/6 284/91/6
f 233/93/6 232/218/7 239/94/7
s 11
f 239/94/8 232/218/8 230/89/4
s 13
f 280/95/9 242/98/10 236/96/10
f 242/98/10 241/100/11 237/99/11
s 11
f 241/100/12 240/217/3 235/87/3
s 14
f 227/101/13 270/114/14 275/102/14
s 15
f 267/104/15 272/219/15 276/105/16
s 9
f 273/108/1 228/220/1 229/103/1
f 229/103/1 275/102/1 288/107/1
s 16
f 228/109/17 273/115/18 266/110/18
s 10
f 270/114/2 227/101/2 226/112/2
f 226/112/2 266/139/2 287/113/2
s 16
f 273/115/18 274/117/19 268/116/19
s 15
f 274/117/20 272/219/15 267/104/15
f 276/105/16 277/119/21 271/118/21
s 14
f 277/119/22 275/102/14 270/114/14
s 10
f 255/221/2 254/86/2 235/124/2
f 235/124/2 230/121/2 260/120/2
f 256/125/2 255/221/2 235/124/2
s 12
f 226/144/23 264/147/24 265/145/24
f 264/147/24 231/90/5 283/92/5
s 13
f 234/149/9 227/101/25 229/103/25
s 9
f 279/222/1 281/130/1 280/134/1
f 283/92/1 250/127/1 248/223/1
f 283/92/1 248/223/1 286/224/1
f 285/225/1 279/222/1 280/134/1
f 243/226/1 285/225/1 280/134/1
f 265/145/1 283/92/1 286/224/1
f 265/145/1 286/224/1 249/227/1
f 243/226/1 280/134/1 229/151/1
f 278/228/1 243/226/1 229/151/1
f 229/151/1 265/145/1 249/227/1
f 229/151/1 249/227/1 282/229/1
f 245/153/1 278/228/1 229/151/1
f 229/151/1 282/229/1 247/152/1
s 17
f 299/155/26 313/163/33 312/156/27
f 293/161/31 294/170/40 309/166/36
f 295/169/39 310/176/44 309/166/36
f 302/171/41 303/230/50 316/178/46
f 291/181/49 306/160/30 305/173/42
f 289/172/15 304/174/15 316/182/46
f 298/157/27 312/156/27 311/179/47
s 18
f 316/231/1 304/232/1 305/184/1
f 305/184/1 306/233/1 307/234/1
f 307/234/1 308/235/1 309/185/1
f 309/185/1 310/236/1 311/237/1
f 311/237/1 312/238/1 313/186/1
f 313/186/1 314/239/1 315/240/1
f 315/240/1 316/231/1 305/184/1
f 305/184/1 307/234/1 309/185/1
f 309/185/1 311/237/1 313/186/1
f 313/186/1 315/240/1 305/184/1
s 19
f 290/241/2 289/242/2 303/243/2
f 303/243/2 302/244/2 301/245/2
f 301/245/2 300/246/2 299/187/2
f 299/187/2 298/247/2 297/248/2
f 297/248/2 296/249/2 295/188/2
f 295/188/2 294/250/2 293/251/2
f 293/251/2 292/252/2 291/189/2
f 291/189/2 290/241/2 303/243/2
f 303/243/2 301/245/2 299/187/2
f 299/187/2 297/248/2 295/188/2
f 295/188/2 293/251/2 291/189/2
f 291/189/2 303/243/2 299/187/2
s 20
g RoverModificado.004_SpacialRoverExploreralumGray
usemtl SpacialRoverExploreralumGray
f 2/253/51 3/254/51 1/255/51
s 21
f 4/256/52 5/257/52 3/254/52
s 22
f 6/258/53 7/259/53 5/257/53
s 23
f 8/260/54 9/261/54 7/259/54
s 24
f 10/262/55 11/263/55 9/261/55
s 25
f 12/264/56 13/265/56 11/263/56
s 26
f 14/266/57 15/267/57 13/265/57
s 27
f 16/268/58 17/269/58 15/267/58
s 28
f 18/270/59 19/271/59 17/269/59
s 29
f 20/272/60 21/273/60 19/271/60
s 30
f 22/274/61 23/275/61 21/273/61
s 31
f 24/276/62 1/255/62 23/277/62
s 32
f 7/278/1 15/279/1 23/277/1
s 20
f 2/253/51 4/256/51 3/254/51
s 21
f 4/256/52 6/258/52 5/257/52
s 22
f 6/258/53 8/260/53 7/259/53
s 23
f 8/260/54 10/262/54 9/261/54
s 24
f 10/262/55 12/264/55 11/263/55
s 25
f 12/264/56 14/266/56 13/265/56
s 26
f 14/266/57 16/268/57 15/267/57
s 27
f 16/268/58 18/270/58 17/269/58
s 28
f 18/270/59 20/272/59 19/271/59
s 29
f 20/272/60 22/274/60 21/273/60
s 30
f 22/274/61 24/280/61 23/275/61
s 31
f 24/276/62 2/253/62 1/255/62
s 32
f 23/277/1 1/255/1 3/281/1
f 3/281/1 5/282/1 7/278/1
f 7/278/1 9/283/1 11/284/1
f 11/284/1 13/285/1 15/279/1
f 15/279/1 17/286/1 19/287/1
f 19/287/1 21/288/1 15/279/1
f 21/288/1 23/277/1 15/279/1
f 23/277/1 3/281/1 7/278/1
f 7/278/1 11/284/1 15/279/1
s 33
f 34/289/63 164/290/64 163/291/65
s 34
f 26/292/66 161/293/67 155/294/68
s 35
f 27/295/69 158/296/70 161/293/71
s 33
f 29/297/72 159/298/73 164/290/64
s 34
f 30/299/74 156/300/75 159/298/76
s 36
f 162/301/77 33/302/78 157/303/79
s 37
f 157/303/80 31/304/81 165/305/82
s 38
f 160/306/83 36/307/84 166/308/85
s 33
f 166/308/86 34/289/63 163/291/65
s 34
f 28/309/87 155/294/68 156/300/75
s 37
f 35/310/88 165/305/82 31/304/81
s 35
f 32/311/89 158/296/70 25/312/90
s 33
f 34/289/63 29/297/72 164/290/64
s 34
f 26/292/66 27/295/91 161/293/67
s 35
f 27/295/69 25/312/90 158/296/70
s 33
f 29/297/72 30/299/92 159/298/73
s 34
f 30/299/74 28/309/87 156/300/75
s 35
f 162/301/93 32/311/89 33/302/94
s 37
f 157/303/80 33/302/95 31/304/81
f 160/306/96 35/313/88 36/307/97
s 33
f 166/308/86 36/307/98 34/289/63
s 34
f 28/309/87 26/292/66 155/294/68
s 37
f 35/310/88 160/314/96 165/305/82
s 35
f 32/311/89 162/301/93 158/296/70
s 39
f 373/315/99 341/316/99 372/317/100
f 341/316/99 373/315/99 374/318/101
f 341/316/99 340/319/100 372/317/100
f 374/318/101 342/320/101 341/316/99
f 340/319/100 371/321/34 372/317/100
f 374/318/101 375/322/102 342/320/101
f 340/319/100 339/323/34 371/321/34
f 375/322/102 343/324/102 342/320/101
f 375/322/102 376/325/103 343/324/102
f 376/325/103 344/326/103 343/324/102
f 339/323/34 370/327/104 371/321/34
f 370/327/104 339/323/34 338/328/104
f 376/325/103 377/329/105 344/326/103
f 377/329/105 345/330/105 344/326/103
f 370/327/104 338/328/104 369/331/40
f 338/328/104 337/332/40 369/331/40
f 337/332/40 368/333/106 369/331/40
f 377/329/105 378/334/45 345/330/105
f 337/332/40 336/335/106 368/333/106
f 378/334/45 346/336/45 345/330/105
f 378/334/45 379/337/107 346/336/45
f 368/333/106 336/335/106 367/338/108
f 336/335/106 335/339/108 367/338/108
f 346/336/45 379/337/107 347/340/107
f 335/339/108 366/341/109 367/338/108
f 347/340/107 379/337/107 348/342/15
f 335/339/108 334/343/109 366/341/109
f 348/342/15 379/337/107 380/344/15
f 334/343/109 365/345/110 366/341/109
f 365/345/110 334/343/109 333/346/110
f 348/342/15 380/344/15 349/347/111
f 349/347/111 317/348/111 348/342/15
f 349/347/111 350/349/50 317/348/111
f 365/345/110 333/346/110 364/350/112
f 364/350/112 333/346/110 332/351/112
f 317/348/111 350/349/50 318/352/50
f 318/352/50 350/349/50 351/353/113
f 318/352/50 351/353/113 319/354/113
f 364/350/112 332/351/112 363/355/48
f 332/356/112 331/357/48 363/358/48
f 331/357/48 362/359/114 363/358/48
f 319/354/113 351/353/113 352/360/115
f 331/357/48 330/361/114 362/359/114
f 319/354/113 352/360/115 320/362/115
f 362/359/114 330/361/114 361/363/27
f 320/362/115 352/360/115 353/364/116
f 320/362/115 353/364/116 321/365/116
f 361/363/27 330/361/114 329/366/27
f 321/365/116 353/364/116 354/367/117
f 361/363/27 329/366/27 360/368/118
f 321/365/116 354/367/117 322/369/117
f 360/368/118 329/366/27 328/370/118
f 322/369/117 354/367/117 355/371/119
f 360/368/118 328/370/118 359/372/26
f 322/369/117 355/371/119 323/373/119
f 359/372/26 328/370/118 327/374/26
f 323/373/119 355/371/119 356/375/120
f 359/372/26 327/374/26 358/376/121
f 358/376/121 327/374/26 326/377/121
f 323/373/119 356/375/120 324/378/120
f 358/376/121 326/377/121 357/379/122
f 324/378/120 356/375/120 357/379/122
f 357/379/122 326/377/121 325/380/122
f 324/378/120 357/379/122 325/380/122
s 40
f 811/381/123 834/382/124 835/383/123
f 817/384/125 842/385/126 818/386/126
f 808/387/127 821/388/128 832/389/127
f 814/390/129 839/391/130 815/392/130
f 811/381/123 836/393/131 812/394/131
f 807/395/128 842/385/126 821/388/128
f 808/396/127 833/397/132 809/398/132
f 815/392/130 840/399/133 816/400/133
f 813/401/134 836/393/131 837/402/134
f 809/403/132 834/382/124 810/404/124
f 816/400/133 841/405/125 817/384/125
f 813/401/134 838/406/129 814/390/129
s 41
f 481/407/135 459/408/136 482/409/135
f 477/410/137 480/411/138 478/412/137
f 473/413/139 476/414/140 474/415/139
s 42
f 477/416/141 937/417/142 475/418/141
s 41
f 469/419/143 472/420/144 470/421/143
f 465/422/145 468/423/146 466/424/145
f 461/425/147 464/426/148 462/427/147
s 43
f 503/428/27 506/429/149 504/430/149
s 44
f 499/431/150 502/432/151 500/433/151
s 45
f 495/434/152 498/435/153 496/436/153
s 46
f 492/437/154 493/438/105 494/439/154
s 47
f 487/440/155 490/441/156 488/442/156
s 48
f 483/443/157 485/444/158 486/445/157
s 46
f 801/446/159 494/447/154 804/448/159
s 44
f 785/449/160 502/450/151 788/451/160
s 49
f 479/452/161 926/453/162 929/454/162
s 50
f 933/455/163 502/450/163 501/456/163
s 51
f 473/457/164 945/458/165 471/459/164
s 52
f 465/460/166 919/461/167 463/462/166
s 46
f 470/463/168 800/464/169 805/465/169
s 44
f 476/466/170 789/467/171 478/468/170
s 53
f 922/469/163 488/470/163 773/471/163
s 54
f 909/472/172 759/473/172 760/474/173
f 908/475/173 760/474/173 761/476/172
s 52
f 915/477/174 487/440/175 922/478/174
s 55
f 910/479/176 485/444/177 484/480/177
s 48
f 459/481/178 765/482/179 462/483/178
f 761/476/180 763/484/181 766/485/180
s 56
f 915/477/182 490/486/182 489/487/182
f 916/488/182 770/489/182 915/490/182
s 53
f 921/491/163 773/471/163 774/492/163
s 49
f 923/493/183 503/428/184 928/494/183
s 52
f 917/495/185 921/496/186 920/497/185
s 47
f 773/471/187 490/486/156 770/489/187
f 466/498/188 772/499/189 767/500/189
f 768/501/190 774/492/191 769/502/191
s 57
f 928/503/40 504/504/40 781/505/40
f 929/506/40 779/507/40 780/508/40
s 58
f 926/509/116 776/510/116 925/511/116
f 924/512/116 778/513/116 923/514/116
s 49
f 930/515/192 924/516/193 927/517/193
s 43
f 781/505/194 506/518/149 778/513/194
f 480/519/195 775/520/196 482/521/195
f 779/507/197 777/522/198 776/510/197
s 42
f 931/523/199 935/524/200 938/525/199
s 44
f 783/526/201 787/527/202 790/528/201
s 50
f 934/529/163 788/451/163 933/530/163
s 42
f 933/455/203 499/431/204 936/531/203
s 51
f 939/532/205 495/434/206 944/533/205
s 59
f 935/534/182 785/449/182 786/535/182
s 60
f 944/536/207 496/537/207 797/538/207
f 943/539/208 797/538/207 798/540/208
s 61
f 939/532/172 498/541/173 497/542/173
f 940/543/172 794/544/172 939/545/172
s 51
f 941/546/209 943/547/210 946/548/211
s 45
f 797/538/212 498/541/153 794/544/212
f 474/549/213 796/550/214 791/551/214
f 792/552/215 798/540/216 793/553/216
s 62
f 950/554/116 492/555/116 801/446/116
f 949/556/116 801/446/116 802/557/116
s 46
f 799/558/217 803/559/218 806/560/217
s 63
f 950/561/219 493/438/220 491/562/220
f 469/563/221 947/564/222 467/565/221
f 948/566/223 954/567/224 949/568/224
s 41
f 618/569/225 460/570/136 481/407/135
f 617/571/225 595/572/122 618/573/225
f 616/574/226 481/407/135 479/575/138
f 615/576/226 618/573/225 616/577/226
f 614/578/227 479/575/138 477/410/137
s 64
f 605/579/155 624/580/155 606/581/155
s 41
f 612/582/228 477/410/137 475/583/140
f 611/584/228 614/585/227 612/586/228
f 610/587/229 475/583/140 473/413/139
f 609/588/229 612/586/228 610/589/229
f 608/590/230 473/413/139 471/591/144
f 607/592/230 610/589/229 608/593/230
f 606/594/231 471/591/144 469/419/143
s 65
f 599/595/2 619/596/2 597/597/2
s 41
f 467/598/146 606/594/231 469/419/143
f 604/599/232 605/600/231 606/601/231
f 602/602/111 467/598/146 465/422/145
f 602/603/111 603/604/233 604/599/232
f 600/605/234 465/422/145 463/606/148
f 599/607/234 602/603/111 600/608/234
f 598/609/235 463/606/148 461/425/147
s 66
f 616/610/236 629/611/236 615/612/236
s 41
f 595/613/122 461/614/147 460/570/136
f 596/615/122 598/616/235 595/613/122
s 67
f 627/617/172 630/618/172 628/619/172
s 68
f 623/620/182 626/621/182 624/622/182
s 69
f 619/596/116 622/623/116 620/624/116
s 70
f 616/610/1 628/625/1 630/626/1
s 71
f 600/627/105 621/628/105 599/629/105
s 72
f 613/630/2 629/631/2 627/617/2
s 73
f 608/632/1 624/580/1 626/633/1
s 74
f 613/630/237 628/625/237 614/634/237
s 75
f 608/632/150 625/635/150 607/636/150
s 76
f 607/636/2 623/620/2 605/637/2
s 77
f 597/597/27 620/638/27 598/639/27
s 78
f 598/639/1 622/640/1 600/627/1
s 54
f 907/641/172 761/476/172 762/642/172
s 56
f 917/495/182 769/502/182 916/643/182
f 918/644/182 768/501/182 917/645/182
s 53
f 920/646/163 774/492/163 771/647/163
f 919/648/163 771/647/163 772/649/163
s 58
f 925/650/116 777/522/116 924/516/116
s 57
f 930/651/40 782/652/40 779/507/40
f 927/653/40 781/505/40 782/652/40
s 59
f 938/654/182 786/535/182 783/526/182
f 937/655/182 783/526/182 784/656/182
s 50
f 931/523/163 787/527/163 934/657/163
f 932/658/163 790/528/163 931/659/163
s 61
f 941/546/172 793/553/172 940/660/172
f 942/661/173 792/552/172 941/662/172
s 60
f 946/663/208 798/540/208 795/664/208
f 945/665/207 795/664/208 796/550/207
s 62
f 948/666/116 802/557/116 799/558/116
f 947/667/116 799/558/116 800/464/116
s 48
f 761/476/180 765/482/179 762/642/179
f 764/668/238 760/474/181 759/473/238
s 47
f 768/501/190 772/649/189 771/647/190
f 770/489/187 774/492/191 773/471/187
s 43
f 776/510/197 780/508/196 779/507/197
f 778/513/194 782/652/198 781/505/194
s 44
f 790/528/201 784/656/171 783/526/201
f 788/451/160 786/535/202 785/449/160
s 45
f 792/552/215 796/550/214 795/664/215
f 797/538/212 793/553/216 798/540/216
s 46
f 806/560/217 800/464/169 799/558/217
f 804/448/159 802/557/218 801/446/159
s 48
f 759/473/238 486/669/157 764/668/238
s 41
f 818/670/225 596/615/122 617/671/225
f 817/672/239 617/671/225 615/673/226
f 816/674/110 615/673/226 613/675/227
f 815/676/228 613/675/227 611/677/228
f 814/678/229 611/677/228 609/679/229
f 813/680/99 609/679/229 607/681/230
f 812/682/240 607/681/230 605/683/231
f 603/684/233 812/682/240 605/683/231
f 810/685/111 603/684/233 601/686/111
f 809/398/241 601/686/111 599/687/234
f 808/396/242 599/687/234 597/688/235
f 807/689/122 597/690/235 596/615/122
s 79
f 325/691/1 845/692/1 874/693/1
f 339/694/1 873/695/1 338/696/1
f 324/697/1 874/693/1 872/698/1
f 338/696/1 871/699/1 337/700/1
f 323/701/1 872/698/1 870/702/1
f 337/700/1 869/703/1 336/704/1
f 322/705/1 870/702/1 868/706/1
f 335/707/1 869/703/1 867/708/1
f 348/709/1 855/710/1 866/711/1
f 321/712/1 868/706/1 865/713/1
f 335/707/1 864/714/1 334/715/1
f 347/716/1 866/711/1 863/717/1
f 320/718/1 865/713/1 862/719/1
f 334/715/1 861/720/1 333/721/1
f 347/716/1 860/722/1 346/723/1
f 319/724/1 862/719/1 859/725/1
f 333/721/1 858/726/1 332/727/1
f 346/723/1 857/728/1 345/729/1
f 318/730/1 859/725/1 856/731/1
f 332/727/1 854/732/1 331/733/1
f 345/729/1 853/734/1 344/735/1
f 318/730/1 855/710/1 317/736/1
f 330/737/1 854/732/1 852/738/1
f 344/735/1 851/739/1 343/740/1
f 329/741/1 852/738/1 850/742/1
f 343/740/1 849/743/1 342/744/1
f 328/745/1 850/742/1 848/746/1
f 342/744/1 847/747/1 341/748/1
f 327/749/1 848/746/1 846/750/1
f 341/748/1 844/751/1 340/752/1
f 326/753/1 846/750/1 845/692/1
f 340/752/1 843/754/1 339/694/1
s 80
f 350/755/2 906/756/2 875/757/2
f 351/758/2 875/757/2 876/759/2
f 351/758/2 877/760/2 352/761/2
f 352/761/2 878/762/2 353/763/2
f 353/763/2 879/764/2 354/765/2
f 354/765/2 880/766/2 355/767/2
f 355/767/2 881/768/2 356/769/2
f 356/769/2 882/770/2 357/771/2
f 357/771/2 883/772/2 358/773/2
f 358/773/2 884/774/2 359/775/2
f 359/775/2 885/776/2 360/777/2
f 360/777/2 886/778/2 361/779/2
f 361/779/2 887/780/2 362/781/2
f 362/781/2 888/782/2 363/783/2
f 363/783/2 889/784/2 364/785/2
f 364/785/2 890/786/2 365/787/2
f 365/787/2 891/788/2 366/789/2
f 366/789/2 892/790/2 367/791/2
f 367/791/2 893/792/2 368/793/2
f 369/794/2 893/792/2 894/795/2
f 370/796/2 894/795/2 895/797/2
f 371/798/2 895/797/2 896/799/2
f 372/800/2 896/799/2 897/801/2
f 373/802/2 897/801/2 898/803/2
f 374/804/2 898/803/2 899/805/2
f 375/806/2 899/805/2 900/807/2
f 376/808/2 900/807/2 901/809/2
f 377/810/2 901/809/2 902/811/2
f 378/812/2 902/811/2 903/813/2
f 379/814/2 903/813/2 904/815/2
f 380/816/2 904/815/2 905/817/2
f 349/818/2 905/817/2 906/756/2
s 54
f 907/641/172 459/481/172 460/819/172
s 81
f 462/483/208 912/820/208 461/821/208
s 56
f 466/822/182 918/823/182 465/460/182
s 53
f 464/824/163 919/825/163 772/649/163
s 54
f 910/826/172 483/827/173 759/473/172
s 58
f 482/521/116 926/453/116 481/828/116
s 57
f 480/519/40 929/829/40 780/508/40
s 50
f 478/468/163 932/830/163 477/416/163
s 59
f 476/466/182 937/831/182 784/656/182
s 61
f 474/549/173 942/832/173 473/457/173
s 60
f 472/833/207 945/834/207 796/550/207
s 62
f 468/835/116 947/836/116 800/464/116
s 82
f 470/463/40 952/837/40 469/563/40
s 55
f 910/838/176 914/839/243 913/840/176
s 52
f 920/841/185 918/644/167 917/645/185
f 922/842/174 916/488/186 915/490/174
s 49
f 930/843/192 926/509/162 925/511/192
f 928/844/183 924/512/193 923/514/183
s 42
f 931/659/199 937/845/142 932/658/142
f 936/846/203 934/529/200 933/530/203
s 51
f 946/847/211 942/661/165 941/662/209
f 939/545/205 943/848/210 940/543/210
s 63
f 951/849/223 947/850/222 952/851/222
f 953/852/219 949/853/224 954/854/224
s 55
f 461/821/244 907/855/245 460/856/244
s 58
f 923/493/116 506/518/116 505/857/116
s 81
f 912/858/208 766/485/207 911/859/207
f 911/860/207 763/484/207 914/861/208
f 914/839/208 764/668/208 913/840/208
f 913/862/208 486/669/207 485/444/207
s 59
f 936/863/182 500/864/182 785/449/182
s 55
f 912/858/245 908/865/246 907/866/245
f 909/867/243 911/860/246 914/861/243
s 82
f 952/851/40 806/560/40 951/849/40
f 951/868/40 803/559/40 954/567/40
f 954/854/40 804/448/40 953/852/40
f 953/869/40 494/447/40 493/438/40
s 40
f 811/381/123 810/404/124 834/382/124
f 817/384/125 841/405/125 842/385/126
f 808/387/127 807/395/128 821/388/128
f 814/390/129 838/406/129 839/391/130
f 811/381/123 835/383/123 836/393/131
f 807/395/128 818/386/126 842/385/126
f 808/396/127 832/870/127 833/397/132
f 815/392/130 839/391/130 840/399/133
f 813/401/134 812/394/131 836/393/131
f 809/403/132 833/871/132 834/382/124
f 816/400/133 840/399/133 841/405/125
f 813/401/134 837/402/134 838/406/129
s 41
f 481/407/135 460/570/136 459/408/136
f 477/410/137 479/575/138 480/411/138
f 473/413/139 475/583/140 476/414/140
s 42
f 477/416/141 932/830/142 937/417/142
s 41
f 469/419/143 471/591/144 472/420/144
f 465/422/145 467/598/146 468/423/146
f 461/425/147 463/606/148 464/426/148
s 43
f 503/428/27 505/857/27 506/429/149
s 44
f 499/431/150 501/456/150 502/432/151
s 45
f 495/434/152 497/542/152 498/435/153
s 46
f 492/437/154 491/562/105 493/438/105
s 47
f 487/440/155 489/487/155 490/441/156
s 48
f 483/443/157 484/480/158 485/444/158
s 46
f 801/446/159 492/555/154 494/447/154
s 44
f 785/449/160 500/864/151 502/450/151
s 49
f 479/452/161 481/828/161 926/453/162
s 50
f 933/455/163 788/451/163 502/450/163
s 51
f 473/457/164 942/832/165 945/458/165
s 52
f 465/460/166 918/823/167 919/461/167
s 46
f 470/463/168 468/835/168 800/464/169
s 44
f 476/466/170 784/656/171 789/467/171
s 53
f 922/469/163 487/872/163 488/470/163
s 54
f 909/472/172 910/873/172 759/473/172
f 908/475/173 909/874/172 760/474/173
s 52
f 915/477/174 489/487/175 487/440/175
s 55
f 910/479/176 913/862/176 485/444/177
s 48
f 459/481/178 762/642/179 765/482/179
f 761/476/180 760/474/181 763/484/181
s 56
f 915/477/182 770/489/182 490/486/182
f 916/488/182 769/502/182 770/489/182
s 53
f 921/491/163 922/875/163 773/471/163
s 49
f 923/493/183 505/857/184 503/428/184
s 52
f 917/495/185 916/643/186 921/496/186
s 47
f 773/471/187 488/470/156 490/486/156
f 466/498/188 464/876/188 772/499/189
f 768/501/190 771/647/190 774/492/191
s 57
f 928/503/40 503/877/40 504/504/40
f 929/506/40 930/878/40 779/507/40
s 58
f 926/509/116 775/520/116 776/510/116
f 924/512/116 777/522/116 778/513/116
s 49
f 930/515/192 925/650/192 924/516/193
s 43
f 781/505/194 504/504/149 506/518/149
f 480/519/195 780/508/196 775/520/196
f 779/507/197 782/652/198 777/522/198
s 42
f 931/523/199 934/657/200 935/524/200
s 44
f 783/526/201 786/535/202 787/527/202
s 50
f 934/529/163 787/527/163 788/451/163
s 42
f 933/455/203 501/456/204 499/431/204
s 51
f 939/532/205 497/542/206 495/434/206
s 59
f 935/534/182 936/879/182 785/449/182
s 60
f 944/536/207 495/880/207 496/537/207
f 943/539/208 944/881/207 797/538/207
s 61
f 939/532/172 794/544/172 498/541/173
f 940/543/172 793/553/172 794/544/172
s 51
f 941/546/209 940/660/210 943/547/210
s 45
f 797/538/212 496/537/153 498/541/153
f 474/549/213 472/833/213 796/550/214
f 792/552/215 795/664/215 798/540/216
s 62
f 950/554/116 491/882/116 492/555/116
f 949/556/116 950/883/116 801/446/116
s 46
f 799/558/217 802/557/218 803/559/218
s 63
f 950/561/219 953/869/219 493/438/220
f 469/563/221 952/837/222 947/564/222
f 948/566/223 951/868/223 954/567/224
s 41
f 618/569/225 595/613/122 460/570/136
f 617/571/225 596/884/122 595/572/122
f 616/574/226 618/569/225 481/407/135
f 615/576/226 617/571/225 618/573/225
f 614/578/227 616/574/226 479/575/138
s 64
f 605/579/155 623/885/155 624/580/155
s 41
f 612/582/228 614/578/227 477/410/137
f 611/584/228 613/886/227 614/585/227
f 610/587/229 612/582/228 475/583/140
f 609/588/229 611/584/228 612/586/228
f 608/590/230 610/587/229 473/413/139
f 607/592/230 609/588/229 610/589/229
f 606/594/231 608/590/230 471/591/144
s 65
f 599/595/2 621/887/2 619/596/2
s 41
f 467/598/146 604/888/232 606/594/231
f 604/599/232 603/604/233 605/600/231
f 602/602/111 604/888/232 467/598/146
f 602/603/111 601/889/111 603/604/233
f 600/605/234 602/602/111 465/422/145
f 599/607/234 601/889/111 602/603/111
f 598/609/235 600/605/234 463/606/148
s 66
f 616/610/236 630/626/236 629/611/236
s 41
f 595/613/122 598/616/235 461/614/147
f 596/615/122 597/690/235 598/616/235
s 67
f 627/617/172 629/631/172 630/618/172
s 68
f 623/620/182 625/635/182 626/621/182
s 69
f 619/596/116 621/887/116 622/623/116
s 70
f 616/610/1 614/634/1 628/625/1
s 71
f 600/627/105 622/640/105 621/628/105
s 72
f 613/630/2 615/890/2 629/631/2
s 73
f 608/632/1 606/581/1 624/580/1
s 74
f 613/630/237 627/617/152 628/625/237
s 75
f 608/632/150 626/633/150 625/635/150
s 76
f 607/636/2 625/635/2 623/620/2
s 77
f 597/597/27 619/596/27 620/638/27
s 78
f 598/639/1 620/638/1 622/640/1
s 54
f 907/641/172 908/891/173 761/476/172
s 56
f 917/495/182 768/501/182 769/502/182
f 918/644/182 767/892/182 768/501/182
s 53
f 920/646/163 921/893/163 774/492/163
f 919/648/163 920/894/163 771/647/163
s 58
f 925/650/116 776/510/116 777/522/116
s 57
f 930/651/40 927/895/40 782/652/40
f 927/653/40 928/896/40 781/505/40
s 59
f 938/654/182 935/897/182 786/535/182
f 937/655/182 938/898/182 783/526/182
s 50
f 931/523/163 790/528/163 787/527/163
f 932/658/163 789/467/163 790/528/163
s 61
f 941/546/172 792/552/172 793/553/172
f 942/661/173 791/551/173 792/552/172
s 60
f 946/663/208 943/899/208 798/540/208
f 945/665/207 946/900/208 795/664/208
s 62
f 948/666/116 949/901/116 802/557/116
f 947/667/116 948/902/116 799/558/116
s 48
f 761/476/180 766/485/180 765/482/179
f 764/668/238 763/484/181 760/474/181
s 47
f 768/501/190 767/892/189 772/649/189
f 770/489/187 769/502/191 774/492/191
s 43
f 776/510/197 775/520/196 780/508/196
f 778/513/194 777/522/198 782/652/198
s 44
f 790/528/201 789/467/171 784/656/171
f 788/451/160 787/527/202 786/535/202
s 45
f 792/552/215 791/551/214 796/550/214
f 797/538/212 794/544/212 793/553/216
s 46
f 806/560/217 805/465/169 800/464/169
f 804/448/159 803/559/218 802/557/218
s 48
f 759/473/238 483/827/157 486/669/157
s 41
f 818/670/225 807/689/122 596/615/122
f 817/672/239 818/670/225 617/671/225
f 816/674/110 817/672/239 615/673/226
f 815/676/228 816/674/110 613/675/227
f 814/678/229 815/676/228 611/677/228
f 813/680/99 814/678/229 609/679/229
f 812/682/240 813/680/99 607/681/230
f 603/684/233 811/903/232 812/682/240
f 810/685/111 811/903/232 603/684/233
f 809/398/241 810/685/111 601/686/111
f 808/396/242 809/398/241 599/687/234
f 807/689/122 808/904/242 597/690/235
s 79
f 325/691/1 326/753/1 845/692/1
f 339/694/1 843/754/1 873/695/1
f 324/697/1 325/691/1 874/693/1
f 338/696/1 873/695/1 871/699/1
f 323/701/1 324/697/1 872/698/1
f 337/700/1 871/699/1 869/703/1
f 322/705/1 323/701/1 870/702/1
f 335/707/1 336/704/1 869/703/1
f 348/709/1 317/736/1 855/710/1
f 321/712/1 322/705/1 868/706/1
f 335/707/1 867/708/1 864/714/1
f 347/716/1 348/709/1 866/711/1
f 320/718/1 321/712/1 865/713/1
f 334/715/1 864/714/1 861/720/1
f 347/716/1 863/717/1 860/722/1
f 319/724/1 320/718/1 862/719/1
f 333/721/1 861/720/1 858/726/1
f 346/723/1 860/722/1 857/728/1
f 318/730/1 319/724/1 859/725/1
f 332/727/1 858/726/1 854/732/1
f 345/729/1 857/728/1 853/734/1
f 318/730/1 856/731/1 855/710/1
f 330/737/1 331/733/1 854/732/1
f 344/735/1 853/734/1 851/739/1
f 329/741/1 330/737/1 852/738/1
f 343/740/1 851/739/1 849/743/1
f 328/745/1 329/741/1 850/742/1
f 342/744/1 849/743/1 847/747/1
f 327/749/1 328/745/1 848/746/1
f 341/748/1 847/747/1 844/751/1
f 326/753/1 327/749/1 846/750/1
f 340/752/1 844/751/1 843/754/1
s 80
f 350/755/2 349/818/2 906/756/2
f 351/758/2 350/755/2 875/757/2
f 351/758/2 876/759/2 877/760/2
f 352/761/2 877/760/2 878/762/2
f 353/763/2 878/762/2 879/764/2
f 354/765/2 879/764/2 880/766/2
f 355/767/2 880/766/2 881/768/2
f 356/769/2 881/768/2 882/770/2
f 357/771/2 882/770/2 883/772/2
f 358/773/2 883/772/2 884/774/2
f 359/775/2 884/774/2 885/776/2
f 360/777/2 885/776/2 886/778/2
f 361/779/2 886/778/2 887/780/2
f 362/781/2 887/780/2 888/782/2
f 363/783/2 888/782/2 889/784/2
f 364/785/2 889/784/2 890/786/2
f 365/787/2 890/786/2 891/788/2
f 366/789/2 891/788/2 892/790/2
f 367/791/2 892/790/2 893/792/2
f 369/794/2 368/793/2 893/792/2
f 370/796/2 369/794/2 894/795/2
f 371/798/2 370/796/2 895/797/2
f 372/800/2 371/798/2 896/799/2
f 373/802/2 372/800/2 897/801/2
f 374/804/2 373/802/2 898/803/2
f 375/806/2 374/804/2 899/805/2
f 376/808/2 375/806/2 900/807/2
f 377/810/2 376/808/2 901/809/2
f 378/812/2 377/810/2 902/811/2
f 379/814/2 378/812/2 903/813/2
f 380/816/2 379/814/2 904/815/2
f 349/818/2 380/816/2 905/817/2
s 54
f 907/641/172 762/642/172 459/481/172
s 81
f 462/483/208 765/482/207 912/820/208
s 56
f 466/822/182 767/892/182 918/823/182
s 53
f 464/824/163 463/905/163 919/825/163
s 54
f 910/826/172 484/906/173 483/827/173
s 58
f 482/521/116 775/520/116 926/453/116
s 57
f 480/519/40 479/907/40 929/829/40
s 50
f 478/468/163 789/467/163 932/830/163
s 59
f 476/466/182 475/908/182 937/831/182
s 61
f 474/549/173 791/551/173 942/832/173
s 60
f 472/833/207 471/909/207 945/834/207
s 62
f 468/835/116 467/910/116 947/836/116
s 82
f 470/463/40 805/465/40 952/837/40
s 55
f 910/838/176 909/911/243 914/839/243
s 52
f 920/841/185 919/912/167 918/644/167
f 922/842/174 921/913/186 916/488/186
s 49
f 930/843/192 929/914/162 926/509/162
f 928/844/183 927/915/193 924/512/193
s 42
f 931/659/199 938/916/199 937/845/142
f 936/846/203 935/917/200 934/529/200
s 51
f 946/847/211 945/918/165 942/661/165
f 939/545/205 944/919/205 943/848/210
s 63
f 951/849/223 948/920/223 947/850/222
f 953/852/219 950/921/219 949/853/224
s 55
f 461/821/244 912/820/245 907/855/245
s 58
f 923/493/116 778/513/116 506/518/116
s 81
f 912/858/208 765/482/207 766/485/207
f 911/860/207 766/485/207 763/484/207
f 914/839/208 763/484/207 764/668/208
f 913/862/208 764/668/208 486/669/207
s 59
f 936/863/182 499/922/182 500/864/182
s 55
f 912/858/245 911/859/246 908/865/246
f 909/867/243 908/923/246 911/860/246
s 82
f 952/851/40 805/465/40 806/560/40
f 951/868/40 806/560/40 803/559/40
f 954/854/40 803/559/40 804/448/40
f 953/869/40 804/448/40 494/447/40
s 83
g RoverModificado.004_SpacialRoverExploreralumBlack
usemtl SpacialRoverExploreralumBlack
f 162/924/247 186/925/248 158/926/249
f 166/927/250 194/928/251 160/929/252
f 159/930/253 197/931/254 184/932/255
f 165/933/256 194/934/251 190/935/257
s 84
f 187/936/258 201/937/259 183/938/258
f 189/939/260 202/940/261 188/941/262
s 85
f 190/942/263 200/943/264 189/939/264
s 86
f 196/944/265 183/938/266 182/945/267
s 87
f 185/946/268 205/947/269 199/948/270
s 86
f 184/949/271 191/950/272 203/951/271
s 88
f 194/952/273 198/953/274 190/942/275
s 89
f 199/948/276 193/954/277 195/955/277
s 87
f 185/946/268 203/951/278 204/956/279
s 86
f 197/957/280 182/945/267 191/950/272
s 84
f 188/941/262 201/937/259 186/958/281
s 88
f 195/955/282 192/959/283 194/960/273
s 83
f 157/961/284 188/962/285 162/924/247
f 157/961/284 190/935/257 189/963/286
f 161/964/287 196/965/288 155/966/289
f 159/930/253 185/967/290 164/968/291
f 163/969/292 185/967/290 199/970/293
f 166/927/250 199/970/293 195/971/294
f 155/966/289 197/931/254 156/972/295
f 161/964/287 186/925/248 187/973/296
f 162/924/247 188/962/285 186/925/248
f 166/927/250 195/971/294 194/928/251
f 159/930/253 156/972/295 197/931/254
f 165/933/256 160/974/252 194/934/251
s 84
f 187/936/258 186/958/281 201/937/259
f 189/939/260 200/943/260 202/940/261
s 88
f 190/942/275 198/953/274 200/943/264
s 86
f 196/944/265 187/936/266 183/938/266
s 87
f 185/946/268 204/956/279 205/947/269
s 86
f 184/949/271 197/957/280 191/950/272
s 88
f 194/952/273 192/975/283 198/953/274
s 87
f 199/948/270 205/947/269 193/954/277
f 185/946/268 184/949/278 203/951/278
s 86
f 197/957/280 196/944/265 182/945/267
s 84
f 188/941/262 202/940/261 201/937/259
s 88
f 195/955/282 193/954/282 192/959/283
s 83
f 157/961/284 189/963/286 188/962/285
f 157/961/284 165/933/256 190/935/257
f 161/964/287 187/973/296 196/965/288
f 159/930/253 184/932/255 185/967/290
f 163/969/292 164/968/291 185/967/290
f 166/927/250 163/969/292 199/970/293
f 155/966/289 196/965/288 197/931/254
f 161/964/287 158/926/249 186/925/248
s 90
g RoverModificado.004_SpacialRoverExploreralumGrayDeep
usemtl SpacialRoverExploreralumGrayDeep
f 216/976/45 44/977/103 46/978/103
s 91
f 46/979/1 47/980/1 97/981/1
s 92
f 47/982/104 38/983/106 40/984/106
s 91
f 47/980/1 92/985/1 91/986/1
s 93
f 37/987/2 117/988/2 131/989/2
f 44/990/2 212/991/2 102/992/2
s 92
f 38/993/106 42/994/108 40/995/106
s 94
f 39/996/48 41/997/114 42/994/48
s 92
f 47/982/104 45/998/34 43/999/104
s 90
f 48/1000/102 44/977/103 45/998/102
s 95
f 210/1001/117 213/1002/115 215/1003/115
s 91
f 41/1004/1 209/1005/1 84/1006/1
f 42/1007/1 88/1008/1 40/1009/1
f 42/1007/1 87/1010/1 89/1011/1
s 95
f 210/1001/117 208/1012/119 206/1013/117
s 94
f 211/1014/26 207/1015/118 208/1012/26
s 90
f 216/976/45 214/1016/107 212/1017/45
s 95
f 217/1018/113 213/1002/115 214/1016/113
s 94
f 207/1015/118 41/997/114 37/1019/114
s 93
f 38/1020/2 119/1021/2 121/1022/2
f 38/1020/2 117/988/2 39/1023/2
f 120/1024/2 43/1025/2 45/1026/2
f 44/990/2 122/1027/2 123/1028/2
f 214/1029/2 130/1030/2 129/1031/2
f 214/1029/2 126/1032/2 212/991/2
f 208/1033/2 108/1034/2 110/1035/2
s 91
f 216/1036/1 75/1037/1 74/1038/1
f 216/1036/1 71/1039/1 217/1040/1
f 71/1039/1 215/1041/1 217/1040/1
f 95/1042/1 211/1043/1 210/1044/1
f 215/1041/1 67/1045/1 66/1046/297
f 94/1047/1 211/1043/1 95/1042/1
s 90
f 216/976/45 212/1017/45 44/977/103
s 91
f 98/1048/1 80/1049/1 46/979/1
f 46/979/1 48/1050/1 47/980/1
f 47/980/1 96/1051/1 97/981/1
f 97/981/1 98/1048/1 46/979/1
s 92
f 47/982/104 43/999/104 38/983/106
s 91
f 90/1052/1 96/1051/1 47/980/1
f 47/980/1 40/1009/1 88/1008/1
f 47/980/1 88/1008/1 92/985/1
f 91/986/1 90/1052/1 47/980/1
s 93
f 128/1053/2 127/1054/2 37/987/2
f 37/987/2 39/1023/2 117/988/2
f 131/989/2 128/1053/2 37/987/2
f 100/1055/2 99/1056/2 44/990/2
f 212/991/2 126/1032/2 125/1057/2
f 212/991/2 125/1057/2 124/1058/2
f 103/1059/2 100/1055/2 44/990/2
f 101/1060/2 103/1059/2 44/990/2
f 212/991/2 124/1058/2 102/992/2
f 102/992/2 101/1060/2 44/990/2
s 92
f 38/993/106 39/996/108 42/994/108
s 94
f 39/996/48 37/1019/114 41/997/114
s 92
f 47/982/104 48/1000/34 45/998/34
s 90
f 48/1000/102 46/978/103 44/977/103
s 95
f 210/1001/117 206/1013/117 213/1002/115
s 91
f 85/1061/1 87/1010/1 41/1004/1
f 209/1005/1 94/1047/1 93/1062/1
f 209/1005/1 93/1062/1 86/1063/1
f 83/1064/1 85/1061/1 41/1004/1
f 82/1065/1 83/1064/1 41/1004/1
f 209/1005/1 86/1063/1 84/1006/1
f 84/1006/1 82/1065/1 41/1004/1
f 89/1011/1 88/1008/1 42/1007/1
f 42/1007/1 41/1004/1 87/1010/1
s 95
f 210/1001/117 211/1014/119 208/1012/119
s 94
f 211/1014/26 209/1066/118 207/1015/118
s 90
f 216/976/45 217/1018/107 214/1016/107
s 95
f 217/1018/113 215/1003/115 213/1002/115
s 94
f 207/1015/118 209/1066/118 41/997/114
s 93
f 118/1067/2 117/988/2 38/1020/2
f 38/1020/2 43/1025/2 120/1024/2
f 38/1020/2 120/1024/2 119/1021/2
f 121/1022/2 118/1067/2 38/1020/2
f 120/1024/2 45/1026/2 44/990/2
f 44/990/2 99/1056/2 122/1027/2
f 123/1028/2 120/1024/2 44/990/2
f 129/1031/2 126/1032/2 214/1029/2
f 214/1029/2 213/1068/2 130/1030/2
f 115/1069/2 130/1030/2 213/1068/2
f 213/1068/2 206/1070/2 208/1033/2
f 208/1033/2 207/1071/2 37/987/2
f 37/987/2 127/1054/2 109/1072/2
f 37/987/2 109/1072/2 107/1073/2
f 115/1069/2 213/1068/2 208/1033/2
f 114/1074/2 115/1069/2 208/1033/2
f 37/987/2 107/1073/2 105/1075/2
f 37/987/2 105/1075/2 104/1076/2
f 116/1077/2 114/1074/2 208/1033/2
f 112/1078/2 116/1077/2 208/1033/2
f 208/1033/2 37/987/2 104/1076/2
f 208/1033/2 104/1076/2 106/1079/2
f 113/1080/2 112/1078/2 208/1033/2
f 111/1081/2 113/1080/2 208/1033/2
f 208/1033/2 106/1079/2 108/1034/2
f 110/1035/2 111/1081/2 208/1033/2
s 91
f 70/1082/1 71/1039/1 216/1036/1
f 46/979/1 80/1049/1 77/1083/1
f 46/979/1 77/1083/1 72/1084/1
f 81/1085/1 70/1082/1 216/1036/1
f 73/1086/1 81/1085/1 216/1036/1
f 46/979/1 72/1084/1 78/1087/1
f 46/979/1 78/1087/1 75/1037/1
f 79/1088/1 73/1086/1 216/1036/1
f 76/1089/1 79/1088/1 216/1036/1
f 216/1036/1 46/979/1 75/1037/1
f 74/1038/1 76/1089/1 216/1036/1
f 95/1042/1 210/1044/1 215/1041/1
f 215/1041/1 71/1039/1 69/1090/1
f 215/1041/1 69/1090/1 68/1091/1
f 66/1046/297 95/1042/1 215/1041/1
f 215/1041/1 68/1091/1 67/1045/1
f 94/1047/1 209/1005/1 211/1043/1
s 96
f 454/1092/242 525/1093/122 453/1094/122
s 41
f 482/409/135 507/1095/122 518/1096/225
f 517/1097/239 482/409/135 518/1096/225
f 478/412/137 517/1097/239 516/1098/110
f 476/414/140 516/1098/110 515/1099/228
f 474/415/139 515/1099/228 514/1100/229
f 472/420/144 514/1100/229 513/1101/99
f 470/421/143 513/1101/99 512/1102/240
f 511/1103/232 470/421/143 512/1102/240
f 510/1104/111 468/423/146 511/1103/232
f 464/426/148 510/1104/111 509/1105/241
f 462/427/147 509/1105/241 508/1106/298
f 459/408/136 508/1107/298 507/1095/122
s 97
f 447/1108/1 508/1109/1 448/1110/1
f 448/1110/1 509/1111/1 449/1112/1
f 449/1112/1 510/1113/1 450/1114/1
f 451/1115/1 510/1113/1 511/1116/1
f 451/1115/1 512/1117/1 452/1118/1
f 453/1119/1 512/1117/1 513/1120/1
f 453/1119/1 514/1121/1 454/1122/1
f 455/1123/1 514/1121/1 515/1124/1
f 455/1123/1 516/1125/1 456/1126/1
f 456/1126/1 517/1127/1 457/1128/1
f 457/1128/1 518/1129/1 458/1130/1
f 447/1108/1 518/1129/1 507/1131/1
s 98
f 522/1132/1 526/1133/1 530/1134/1
s 96
f 451/1135/299 522/1136/110 450/1137/110
f 458/1138/240 529/1139/232 457/1140/232
f 448/1141/229 519/1142/99 447/1143/99
f 455/1144/241 526/1145/298 454/1092/242
f 451/1135/299 524/1146/225 523/1147/299
f 447/1143/99 530/1148/240 458/1138/240
f 449/1149/228 520/1150/300 448/1151/229
f 456/1152/111 527/1153/241 455/1144/241
f 453/1094/122 524/1146/225 452/1154/225
f 450/1137/110 521/1155/228 449/1149/228
f 457/1140/232 528/1156/111 456/1152/111
s 99
f 820/1157/122 832/1158/242 821/1159/122
f 819/1160/242 833/397/241 832/870/242
f 822/1161/241 834/1162/111 833/397/241
f 823/1163/111 835/1164/232 834/1162/111
f 835/1164/232 825/1165/240 836/1166/240
f 825/1165/240 837/1167/99 836/1166/240
f 826/1168/99 838/1169/229 837/1167/99
f 827/1170/229 839/1171/228 838/1169/229
f 828/1172/228 840/1173/110 839/1171/228
f 829/1174/110 841/1175/239 840/1173/110
s 100
f 830/1176/2 826/1177/2 822/1161/2
s 99
f 830/1178/239 842/1179/225 841/1175/239
f 831/1180/225 821/1159/122 842/1179/225
s 96
f 454/1092/242 526/1145/298 525/1093/122
s 41
f 482/409/135 459/408/136 507/1095/122
f 517/1097/239 480/411/138 482/409/135
f 478/412/137 480/411/138 517/1097/239
f 476/414/140 478/412/137 516/1098/110
f 474/415/139 476/414/140 515/1099/228
f 472/420/144 474/415/139 514/1100/229
f 470/421/143 472/420/144 513/1101/99
f 511/1103/232 468/423/146 470/421/143
f 510/1104/111 466/424/145 468/423/146
f 464/426/148 466/424/145 510/1104/111
f 462/427/147 464/426/148 509/1105/241
f 459/408/136 462/1181/147 508/1107/298
s 97
f 447/1108/1 507/1131/1 508/1109/1
f 448/1110/1 508/1109/1 509/1111/1
f 449/1112/1 509/1111/1 510/1113/1
f 451/1115/1 450/1114/1 510/1113/1
f 451/1115/1 511/1116/1 512/1117/1
f 453/1119/1 452/1118/1 512/1117/1
f 453/1119/1 513/1120/1 514/1121/1
f 455/1123/1 454/1122/1 514/1121/1
f 455/1123/1 515/1124/1 516/1125/1
f 456/1126/1 516/1125/1 517/1127/1
f 457/1128/1 517/1127/1 518/1129/1
f 447/1108/1 458/1130/1 518/1129/1
s 98
f 530/1134/1 519/1182/1 520/1183/1
f 520/1183/1 521/1184/1 522/1132/1
f 522/1132/1 523/1185/1 524/1186/1
f 524/1186/1 525/1187/1 526/1133/1
f 526/1133/1 527/1188/1 528/1189/1
f 528/1189/1 529/1190/1 530/1134/1
f 530/1134/1 520/1183/1 522/1132/1
f 522/1132/1 524/1186/1 526/1133/1
f 526/1133/1 528/1189/1 530/1134/1
s 96
f 451/1135/299 523/1147/299 522/1136/110
f 458/1138/240 530/1148/240 529/1139/232
f 448/1141/229 520/1191/300 519/1142/99
f 455/1144/241 527/1153/241 526/1145/298
f 451/1135/299 452/1154/225 524/1146/225
f 447/1143/99 519/1142/99 530/1148/240
f 449/1149/228 521/1155/228 520/1150/300
f 456/1152/111 528/1156/111 527/1153/241
f 453/1094/122 525/1093/122 524/1146/225
f 450/1137/110 522/1136/110 521/1155/228
f 457/1140/232 529/1139/232 528/1156/111
s 99
f 820/1157/122 819/1192/242 832/1158/242
f 819/1160/242 822/1161/241 833/397/241
f 822/1161/241 823/1163/111 834/1162/111
f 823/1163/111 824/1193/232 835/1164/232
f 835/1164/232 824/1193/232 825/1165/240
f 825/1165/240 826/1168/99 837/1167/99
f 826/1168/99 827/1170/229 838/1169/229
f 827/1170/229 828/1172/228 839/1171/228
f 828/1172/228 829/1174/110 840/1173/110
f 829/1174/110 830/1178/239 841/1175/239
s 100
f 822/1161/2 819/1160/2 820/1194/2
f 820/1194/2 831/1195/2 830/1176/2
f 830/1176/2 829/1196/2 828/1197/2
f 828/1197/2 827/1198/2 826/1177/2
f 826/1177/2 825/1199/2 824/1200/2
f 824/1200/2 823/1201/2 822/1161/2
f 822/1161/2 820/1194/2 830/1176/2
f 830/1176/2 828/1197/2 826/1177/2
f 826/1177/2 824/1200/2 822/1161/2
s 99
f 830/1178/239 831/1180/225 842/1179/225
f 831/1180/225 820/1157/122 821/1159/122
s 80
g RoverModificado.004_SpacialRoverExplorerwheels
usemtl SpacialRoverExplorerwheels
f 906/1202/2 414/1203/301 384/1204/302
f 905/1205/2 413/1206/303 414/1203/301
f 904/1207/2 412/1208/304 413/1206/303
f 903/1209/2 411/1210/305 412/1208/304
f 902/1211/2 410/1212/306 411/1210/305
f 901/1213/2 409/1214/306 410/1212/306
f 900/1215/2 408/1216/307 409/1214/306
f 899/1217/2 407/1218/308 408/1216/307
f 898/1219/2 406/1220/309 407/1218/308
f 897/1221/2 405/1222/309 406/1220/309
f 896/1223/2 404/1224/310 405/1222/309
f 895/1225/2 403/1226/310 404/1224/310
f 894/1227/2 402/1228/311 403/1229/310
f 892/1230/2 402/1228/311 893/1231/2
f 891/1232/2 401/1233/311 892/1230/2
f 890/1234/2 400/1235/312 891/1232/2
f 889/1236/2 399/1237/312 890/1234/2
f 888/1238/2 398/1239/313 889/1236/2
f 887/1240/2 397/1241/313 888/1238/2
f 886/1242/2 396/1243/314 887/1240/2
f 885/1244/2 395/1245/315 886/1242/2
f 884/1246/2 394/1247/316 885/1244/2
f 883/1248/2 393/1249/316 884/1246/2
f 882/1250/2 392/1251/317 883/1248/2
f 881/1252/2 391/1253/318 882/1250/2
f 880/1254/2 390/1255/319 881/1252/2
f 879/1256/2 389/1257/320 880/1254/2
f 878/1258/2 388/1259/321 879/1256/2
f 877/1260/2 387/1261/321 878/1262/2
f 877/1260/2 385/1263/322 386/1264/322
f 876/1265/2 383/1266/302 385/1263/322
f 875/1267/2 384/1204/302 383/1266/302
s 79
f 844/1268/1 437/1269/323 843/1270/1
f 845/1271/1 425/1272/324 424/1273/325
f 847/1274/1 438/1275/323 844/1268/1
f 846/1276/1 426/1277/326 425/1272/324
f 849/1278/1 439/1279/327 847/1274/1
f 848/1280/1 427/1281/328 426/1277/326
f 851/1282/1 440/1283/329 849/1278/1
f 850/1284/1 428/1285/328 427/1281/328
f 853/1286/1 441/1287/330 851/1282/1
f 852/1288/1 429/1289/331 428/1285/328
f 856/1290/1 415/1291/332 855/1292/1
f 857/1293/1 442/1294/333 853/1286/1
f 854/1295/1 430/1296/331 429/1289/331
f 859/1297/1 416/1298/334 856/1290/1
f 860/1299/1 443/1300/335 857/1293/1
f 861/1301/1 430/1296/331 858/1302/1
f 862/1303/1 417/1304/336 859/1297/1
f 863/1305/1 444/1306/337 860/1299/1
f 864/1307/1 431/1308/338 861/1301/1
f 865/1309/1 418/1310/336 862/1303/1
f 866/1311/1 445/1312/339 863/1305/1
f 867/1313/1 432/1314/340 864/1307/1
f 865/1315/1 420/1316/341 419/1317/341
f 855/1292/1 446/1318/342 866/1311/1
f 869/1319/1 433/1320/343 867/1313/1
f 868/1321/1 421/1322/344 420/1316/341
f 871/1323/1 434/1324/343 869/1319/1
f 870/1325/1 422/1326/344 421/1322/344
f 873/1327/1 435/1328/345 871/1329/1
f 872/1330/1 423/1331/325 422/1326/344
f 843/1270/1 436/1332/346 873/1327/1
f 874/1333/1 424/1273/325 423/1331/325
s 101
f 532/1334/347 441/1287/348 534/1335/349
s 102
f 536/1336/350 445/1312/351 538/1337/352
s 103
f 538/1337/353 730/1338/354 537/1339/355
s 104
f 542/1340/356 443/1300/357 540/1341/358
s 105
f 589/1342/359 632/1343/360 756/1344/361
s 103
f 537/1339/355 631/1345/362 413/1206/363
s 80
f 404/1224/310 641/1346/364 642/1347/365
s 106
f 588/1348/366 755/1349/367 723/1350/366
s 79
f 445/1312/339 693/1351/368 694/1352/368
s 107
f 556/1353/369 435/1354/370 550/1355/371
s 108
f 552/1356/372 437/1269/373 546/1357/374
s 109
f 548/1358/375 439/1279/376 544/1359/377
s 110
f 536/1336/378 729/1360/379 697/1361/378
s 106
f 587/1362/367 660/1363/380 755/1349/367
s 111
f 430/1296/381 558/1364/382 564/1365/383
s 112
f 432/1314/384 554/1366/385 560/1367/386
s 110
f 535/1368/387 634/1369/388 729/1360/379
s 80
f 406/1220/309 639/1370/389 640/1371/389
s 113
f 426/1277/390 566/1372/391 572/1373/392
s 114
f 428/1285/393 562/1374/394 568/1375/395
s 115
f 586/1376/396 754/1377/397 585/1378/398
s 79
f 443/1300/335 691/1379/399 692/1380/400
s 116
f 534/1335/401 728/1381/402 533/1382/403
s 115
f 585/1378/398 659/1383/404 385/1263/404
s 117
f 418/1310/405 582/1384/406 588/1348/407
s 118
f 420/1316/408 578/1385/409 584/1386/410
s 119
f 422/1326/411 574/1387/412 580/1388/413
s 120
f 424/1273/414 570/1389/415 576/1390/416
s 121
f 590/1391/417 415/1291/418 592/1392/419
s 116
f 533/1382/403 635/1393/420 409/1214/421
s 122
f 594/1394/422 417/1304/423 586/1376/424
s 80
f 408/1216/307 637/1395/425 638/1396/425
s 123
f 584/1386/426 753/1397/427 721/1398/426
s 79
f 441/1287/330 689/1399/428 690/1400/428
s 122
f 383/1266/429 585/1378/430 385/1263/429
f 593/1401/431 586/1376/424 585/1378/430
s 124
f 532/1334/432 727/1402/433 695/1403/432
s 123
f 583/1404/434 658/1405/435 753/1397/427
s 121
f 414/1203/436 591/1406/437 384/1204/436
f 589/1342/438 592/1392/419 591/1406/437
s 120
f 575/1407/439 393/1249/440 392/1251/440
f 576/1390/416 569/1408/441 575/1407/439
s 119
f 579/1409/442 391/1253/443 390/1255/443
f 580/1388/413 573/1410/444 579/1409/442
s 118
f 583/1404/445 389/1257/446 388/1259/446
f 584/1386/410 577/1411/447 583/1404/445
s 117
f 587/1362/448 387/1261/449 386/1264/449
f 588/1348/407 581/1412/450 587/1362/448
s 124
f 531/1413/451 638/1396/452 727/1402/433
s 80
f 410/1212/306 635/1393/453 636/1414/453
s 125
f 582/1415/454 752/1416/455 581/1417/456
s 79
f 439/1279/327 687/1418/457 688/1419/457
s 126
f 594/1394/458 663/1420/459 416/1298/460
s 125
f 581/1417/456 657/1421/461 387/1422/462
s 127
f 592/1392/463 664/1423/464 725/1424/463
s 80
f 412/1208/304 633/1425/465 634/1369/465
s 114
f 567/1426/466 397/1241/467 396/1243/468
f 568/1375/395 561/1427/469 567/1426/466
s 113
f 571/1428/470 395/1245/471 394/1247/471
f 572/1373/392 565/1429/472 571/1428/470
s 128
f 580/1388/473 751/1430/474 719/1431/475
s 79
f 437/1269/323 685/1432/476 686/1433/476
s 105
f 590/1391/477 693/1351/478 446/1318/479
s 128
f 579/1409/480 656/1434/481 751/1430/474
s 112
f 559/1435/482 401/1233/483 400/1235/483
f 560/1367/386 553/1436/484 559/1435/482
s 111
f 563/1437/485 399/1237/486 398/1239/486
f 564/1365/383 557/1438/487 563/1437/485
s 106
f 588/1348/366 665/1439/488 418/1310/488
s 80
f 414/1203/301 631/1345/489 632/1343/490
s 129
f 578/1385/491 750/1440/492 577/1411/493
s 79
f 435/1328/345 683/1441/494 684/1442/494
s 109
f 406/1220/495 543/1443/496 407/1218/495
f 547/1444/497 544/1359/377 543/1443/496
s 108
f 404/1224/498 545/1445/499 405/1222/498
f 551/1446/500 546/1357/374 545/1445/499
s 107
f 402/1228/501 549/1447/502 403/1229/501
f 555/1448/503 550/1355/371 549/1447/502
s 115
f 586/1376/396 666/1449/504 722/1450/396
s 129
f 577/1411/493 655/1451/505 389/1257/506
s 123
f 584/1386/426 667/1452/507 420/1316/508
s 130
f 576/1390/509 749/1453/510 717/1454/509
s 79
f 433/1320/343 681/1455/511 682/1456/511
s 125
f 582/1415/454 668/1457/512 720/1458/454
s 130
f 575/1407/513 654/1459/514 749/1453/510
s 128
f 580/1388/473 669/1460/515 422/1326/516
s 131
f 574/1387/517 748/1461/518 573/1410/519
s 79
f 432/1314/340 680/1462/520 431/1308/338
s 104
f 410/1212/521 539/1463/522 411/1210/521
f 541/1464/523 540/1341/358 539/1463/522
s 129
f 578/1385/491 670/1465/524 718/1466/491
s 131
f 573/1410/519 653/1467/525 391/1253/526
s 102
f 412/1208/527 537/1339/528 413/1206/527
f 535/1368/529 538/1337/352 537/1339/528
s 101
f 408/1216/530 533/1382/531 409/1214/530
f 531/1413/532 534/1335/349 533/1382/531
s 132
f 699/1468/533 691/1379/534 697/1361/535
s 133
f 696/1469/536 689/1399/537 700/1470/538
s 134
f 701/1471/539 687/1418/540 695/1403/541
s 135
f 702/1472/542 685/1432/543 703/1473/544
s 136
f 704/1474/545 683/1441/546 705/1475/547
s 137
f 706/1476/548 681/1455/549 707/1477/548
s 138
f 680/1462/550 709/1478/551 708/1479/552
s 139
f 678/1480/553 711/1481/554 710/1482/555
s 140
f 676/1483/556 713/1484/557 712/1485/558
s 141
f 674/1486/559 715/1487/560 714/1488/561
s 142
f 672/1489/562 717/1454/563 716/1490/564
s 143
f 670/1465/565 719/1431/566 718/1466/567
s 144
f 668/1457/568 721/1398/569 720/1458/570
s 145
f 666/1449/571 723/1350/572 722/1450/572
s 146
f 725/1424/573 663/1420/574 726/1491/575
s 147
f 698/1492/576 693/1351/577 724/1493/578
f 631/1345/579 756/1344/580 632/1343/579
f 730/1338/581 724/1493/578 756/1344/580
s 146
f 661/1494/582 758/1495/583 662/1496/582
f 757/1497/584 726/1491/575 758/1495/583
s 145
f 754/1377/585 660/1363/586 659/1383/586
f 722/1450/572 755/1349/585 754/1377/585
s 144
f 752/1416/587 658/1405/588 657/1421/588
f 720/1458/570 753/1397/589 752/1416/587
s 143
f 750/1440/590 656/1434/591 655/1451/591
f 718/1466/567 751/1430/592 750/1440/590
s 142
f 748/1461/593 654/1459/594 653/1467/594
f 716/1490/564 749/1453/595 748/1461/593
s 141
f 746/1498/596 652/1499/597 651/1500/597
f 714/1488/561 747/1501/598 746/1498/596
s 140
f 744/1502/599 650/1503/600 649/1504/600
f 712/1485/558 745/1505/601 744/1502/599
s 139
f 742/1506/602 648/1507/603 647/1508/603
f 710/1482/555 743/1509/604 742/1506/602
s 138
f 740/1510/605 646/1511/606 645/1512/606
f 708/1479/552 741/1513/607 740/1510/605
s 137
f 643/1514/608 739/1515/609 644/1516/608
f 706/1476/548 739/1515/609 738/1517/609
s 136
f 641/1346/610 737/1518/611 642/1347/610
f 736/1519/612 705/1475/547 737/1518/611
s 135
f 639/1370/613 735/1520/614 640/1371/615
f 734/1521/616 703/1473/544 735/1520/614
s 134
f 637/1395/617 727/1402/618 638/1396/617
f 733/1522/619 695/1403/541 727/1402/618
s 133
f 635/1393/620 732/1523/621 636/1414/620
f 728/1381/622 700/1470/538 732/1523/621
s 132
f 633/1425/623 729/1360/624 634/1369/623
f 731/1524/625 697/1361/535 729/1360/624
s 105
f 590/1391/477 756/1344/361 724/1493/477
s 80
f 401/1233/311 644/1516/626 402/1228/311
s 148
f 539/1463/627 633/1425/628 411/1210/629
s 127
f 591/1406/630 661/1494/631 384/1204/632
s 148
f 540/1341/633 731/1524/634 539/1463/627
s 127
f 592/1392/463 757/1497/635 591/1406/630
s 80
f 399/1237/312 646/1511/636 400/1235/312
s 149
f 541/1464/637 636/1414/638 732/1523/639
s 126
f 593/1401/640 662/1496/641 758/1495/642
s 149
f 542/1340/643 732/1523/639 700/1470/643
s 126
f 594/1394/458 758/1495/642 726/1491/458
s 80
f 397/1241/313 648/1507/644 398/1239/313
s 150
f 543/1443/645 637/1395/646 407/1218/647
f 544/1359/648 733/1522/649 543/1443/645
s 80
f 395/1245/315 650/1503/650 396/1243/314
s 151
f 545/1445/651 639/1370/652 405/1222/653
f 546/1357/654 734/1521/655 545/1445/651
s 80
f 393/1249/316 652/1499/656 394/1247/316
s 152
f 547/1444/657 640/1371/658 735/1520/659
f 548/1358/660 735/1520/659 703/1473/660
s 80
f 391/1253/318 654/1459/661 392/1251/317
s 153
f 549/1525/662 641/1346/663 403/1226/663
f 550/1526/664 736/1519/662 549/1525/662
s 124
f 532/1334/432 687/1418/665 440/1283/666
s 80
f 389/1257/320 656/1434/667 390/1255/319
s 154
f 551/1446/668 642/1347/669 737/1518/670
s 116
f 534/1335/401 690/1400/671 696/1469/401
s 154
f 552/1356/672 737/1518/670 705/1475/672
s 110
f 536/1336/378 691/1379/673 444/1306/674
s 80
f 387/1422/321 658/1405/675 388/1259/321
s 155
f 553/1436/676 643/1514/677 401/1233/677
s 103
f 538/1337/353 694/1352/678 698/1492/679
s 155
f 554/1366/680 738/1517/676 553/1436/676
s 148
f 540/1341/633 692/1380/681 699/1468/682
s 80
f 386/1264/322 659/1383/683 660/1363/683
s 156
f 555/1448/684 644/1516/685 739/1515/686
s 149
f 542/1340/643 689/1399/687 442/1294/688
s 156
f 556/1353/689 739/1515/686 707/1477/689
s 150
f 544/1359/648 688/1419/690 701/1471/648
s 80
f 383/1266/302 661/1494/691 662/1496/691
s 157
f 557/1438/692 645/1512/693 399/1237/694
s 151
f 546/1357/654 686/1433/695 702/1472/654
s 79
f 415/1291/332 663/1420/696 664/1423/696
s 157
f 558/1364/697 740/1510/698 557/1438/692
s 152
f 548/1358/660 685/1432/699 438/1275/700
s 158
f 559/1435/701 646/1511/702 741/1513/703
s 153
f 550/1526/664 684/1442/704 704/1474/705
s 79
f 418/1310/336 666/1449/706 417/1304/336
s 158
f 560/1367/707 741/1513/703 709/1478/708
s 154
f 552/1356/672 683/1441/709 436/1332/710
s 159
f 561/1427/711 647/1508/712 397/1241/713
s 155
f 554/1366/680 682/1456/714 706/1476/680
s 79
f 420/1316/341 668/1457/715 419/1317/341
s 159
f 562/1374/716 742/1506/717 561/1427/711
s 156
f 556/1353/689 681/1455/718 434/1324/719
s 160
f 563/1437/720 648/1507/721 743/1509/722
s 157
f 558/1364/697 680/1462/723 708/1479/697
s 79
f 422/1326/344 670/1465/724 421/1322/344
s 160
f 564/1365/725 743/1509/722 711/1481/725
s 158
f 560/1367/707 679/1527/726 432/1314/727
s 161
f 565/1429/728 649/1504/729 395/1245/730
s 159
f 562/1374/716 678/1480/731 710/1482/716
s 79
f 424/1273/325 672/1489/732 423/1331/325
s 161
f 566/1372/733 744/1502/734 565/1429/728
s 160
f 564/1365/725 677/1528/735 430/1296/736
s 162
f 567/1426/737 650/1503/738 745/1505/739
s 161
f 566/1372/733 676/1483/740 712/1485/733
s 79
f 426/1277/326 674/1486/741 425/1272/324
s 162
f 568/1375/742 745/1505/739 713/1484/743
f 568/1375/742 675/1529/744 428/1285/745
s 163
f 569/1408/746 651/1500/747 393/1249/748
f 570/1389/749 674/1486/750 714/1488/749
s 79
f 428/1285/328 676/1483/751 427/1281/328
s 163
f 570/1389/749 746/1498/752 569/1408/746
s 164
f 572/1373/753 673/1530/754 426/1277/755
f 571/1428/756 652/1499/757 747/1501/758
s 131
f 574/1387/517 672/1489/759 716/1490/517
s 79
f 430/1296/331 678/1480/760 429/1289/331
s 164
f 572/1373/753 747/1501/758 715/1487/761
s 130
f 576/1390/509 671/1531/762 424/1273/763
s 80
f 906/1202/2 905/1205/2 414/1203/301
f 905/1205/2 904/1207/2 413/1206/303
f 904/1207/2 903/1209/2 412/1208/304
f 903/1209/2 902/1211/2 411/1210/305
f 902/1211/2 901/1213/2 410/1212/306
f 901/1213/2 900/1215/2 409/1214/306
f 900/1215/2 899/1217/2 408/1216/307
f 899/1217/2 898/1219/2 407/1218/308
f 898/1219/2 897/1221/2 406/1220/309
f 897/1221/2 896/1223/2 405/1222/309
f 896/1223/2 895/1225/2 404/1224/310
f 895/1225/2 894/1532/2 403/1226/310
f 894/1227/2 893/1231/2 402/1228/311
f 892/1230/2 401/1233/311 402/1228/311
f 891/1232/2 400/1235/312 401/1233/311
f 890/1234/2 399/1237/312 400/1235/312
f 889/1236/2 398/1239/313 399/1237/312
f 888/1238/2 397/1241/313 398/1239/313
f 887/1240/2 396/1243/314 397/1241/313
f 886/1242/2 395/1245/315 396/1243/314
f 885/1244/2 394/1247/316 395/1245/315
f 884/1246/2 393/1249/316 394/1247/316
f 883/1248/2 392/1251/317 393/1249/316
f 882/1250/2 391/1253/318 392/1251/317
f 881/1252/2 390/1255/319 391/1253/318
f 880/1254/2 389/1257/320 390/1255/319
f 879/1256/2 388/1259/321 389/1257/320
f 878/1258/2 387/1422/321 388/1259/321
f 877/1260/2 386/1264/322 387/1261/321
f 877/1260/2 876/1265/2 385/1263/322
f 876/1265/2 875/1267/2 383/1266/302
f 875/1267/2 906/1202/2 384/1204/302
s 79
f 844/1268/1 438/1275/323 437/1269/323
f 845/1271/1 846/1276/1 425/1272/324
f 847/1274/1 439/1279/327 438/1275/323
f 846/1276/1 848/1280/1 426/1277/326
f 849/1278/1 440/1283/329 439/1279/327
f 848/1280/1 850/1284/1 427/1281/328
f 851/1282/1 441/1287/330 440/1283/329
f 850/1284/1 852/1288/1 428/1285/328
f 853/1286/1 442/1294/333 441/1287/330
f 852/1288/1 854/1295/1 429/1289/331
f 856/1290/1 416/1298/334 415/1291/332
f 857/1293/1 443/1300/335 442/1294/333
f 854/1295/1 858/1302/1 430/1296/331
f 859/1297/1 417/1304/336 416/1298/334
f 860/1299/1 444/1306/337 443/1300/335
f 861/1301/1 431/1308/338 430/1296/331
f 862/1303/1 418/1310/336 417/1304/336
f 863/1305/1 445/1312/339 444/1306/337
f 864/1307/1 432/1314/340 431/1308/338
f 865/1309/1 419/1533/341 418/1310/336
f 866/1311/1 446/1318/342 445/1312/339
f 867/1313/1 433/1320/343 432/1314/340
f 865/1315/1 868/1321/1 420/1316/341
f 855/1292/1 415/1291/332 446/1318/342
f 869/1319/1 434/1324/343 433/1320/343
f 868/1321/1 870/1325/1 421/1322/344
f 871/1323/1 435/1354/345 434/1324/343
f 870/1325/1 872/1330/1 422/1326/344
f 873/1327/1 436/1332/346 435/1328/345
f 872/1330/1 874/1333/1 423/1331/325
f 843/1270/1 437/1269/323 436/1332/346
f 874/1333/1 845/1271/1 424/1273/325
s 101
f 532/1334/347 440/1283/348 441/1287/348
s 102
f 536/1336/350 444/1306/351 445/1312/351
s 103
f 538/1337/353 698/1492/679 730/1338/354
s 104
f 542/1340/356 442/1294/357 443/1300/357
s 105
f 589/1342/359 414/1203/764 632/1343/360
s 103
f 537/1339/355 730/1338/354 631/1345/362
s 80
f 404/1224/310 403/1226/310 641/1346/364
s 106
f 588/1348/366 587/1362/367 755/1349/367
s 79
f 445/1312/339 446/1318/342 693/1351/368
s 107
f 556/1353/369 434/1324/370 435/1354/370
s 108
f 552/1356/372 436/1332/373 437/1269/373
s 109
f 548/1358/375 438/1275/376 439/1279/376
s 110
f 536/1336/378 535/1368/387 729/1360/379
s 106
f 587/1362/367 386/1264/380 660/1363/380
s 111
f 430/1296/381 431/1308/381 558/1364/382
s 112
f 432/1314/384 433/1320/384 554/1366/385
s 110
f 535/1368/387 412/1208/765 634/1369/388
s 80
f 406/1220/309 405/1222/309 639/1370/389
s 113
f 426/1277/390 427/1281/390 566/1372/391
s 114
f 428/1285/393 429/1289/393 562/1374/394
s 115
f 586/1376/396 722/1450/396 754/1377/397
s 79
f 443/1300/335 444/1306/337 691/1379/399
s 116
f 534/1335/401 696/1469/401 728/1381/402
s 115
f 585/1378/398 754/1377/397 659/1383/404
s 117
f 418/1310/405 419/1533/405 582/1384/406
s 118
f 420/1316/408 421/1322/408 578/1385/409
s 119
f 422/1326/411 423/1331/411 574/1387/412
s 120
f 424/1273/414 425/1272/414 570/1389/415
s 121
f 590/1391/417 446/1318/418 415/1291/418
s 116
f 533/1382/403 728/1381/402 635/1393/420
s 122
f 594/1394/422 416/1298/423 417/1304/423
s 80
f 408/1216/307 407/1218/308 637/1395/425
s 123
f 584/1386/426 583/1404/434 753/1397/427
s 79
f 441/1287/330 442/1294/333 689/1399/428
s 122
f 383/1266/429 593/1401/431 585/1378/430
f 593/1401/431 594/1394/422 586/1376/424
s 124
f 532/1334/432 531/1413/451 727/1402/433
s 123
f 583/1404/434 388/1259/766 658/1405/435
s 121
f 414/1203/436 589/1342/438 591/1406/437
f 589/1342/438 590/1391/417 592/1392/419
s 120
f 575/1407/439 569/1408/441 393/1249/440
f 576/1390/416 570/1389/415 569/1408/441
s 119
f 579/1409/442 573/1410/444 391/1253/443
f 580/1388/413 574/1387/412 573/1410/444
s 118
f 583/1404/445 577/1411/447 389/1257/446
f 584/1386/410 578/1385/409 577/1411/447
s 117
f 587/1362/448 581/1412/450 387/1261/449
f 588/1348/407 582/1384/406 581/1412/450
s 124
f 531/1413/451 408/1216/767 638/1396/452
s 80
f 410/1212/306 409/1214/306 635/1393/453
s 125
f 582/1415/454 720/1458/454 752/1416/455
s 79
f 439/1279/327 440/1283/329 687/1418/457
s 126
f 594/1394/458 726/1491/458 663/1420/459
s 125
f 581/1417/456 752/1416/455 657/1421/461
s 127
f 592/1392/463 415/1291/768 664/1423/464
s 80
f 412/1208/304 411/1210/305 633/1425/465
s 114
f 567/1426/466 561/1427/469 397/1241/467
f 568/1375/395 562/1374/394 561/1427/469
s 113
f 571/1428/470 565/1429/472 395/1245/471
f 572/1373/392 566/1372/391 565/1429/472
s 128
f 580/1388/473 579/1409/480 751/1430/474
s 79
f 437/1269/323 438/1275/323 685/1432/476
s 105
f 590/1391/477 724/1493/477 693/1351/478
s 128
f 579/1409/480 390/1255/769 656/1434/481
s 112
f 559/1435/482 553/1436/484 401/1233/483
f 560/1367/386 554/1366/385 553/1436/484
s 111
f 563/1437/485 557/1438/487 399/1237/486
f 564/1365/383 558/1364/382 557/1438/487
s 106
f 588/1348/366 723/1350/366 665/1439/488
s 80
f 414/1203/301 413/1206/303 631/1345/489
s 129
f 578/1385/491 718/1466/491 750/1440/492
s 79
f 435/1328/345 436/1332/346 683/1441/494
s 109
f 406/1220/495 547/1444/497 543/1443/496
f 547/1444/497 548/1358/375 544/1359/377
s 108
f 404/1224/498 551/1446/500 545/1445/499
f 551/1446/500 552/1356/372 546/1357/374
s 107
f 402/1228/501 555/1448/503 549/1447/502
f 555/1448/503 556/1353/369 550/1355/371
s 115
f 586/1376/396 417/1304/504 666/1449/504
s 129
f 577/1411/493 750/1440/492 655/1451/505
s 123
f 584/1386/426 721/1398/426 667/1452/507
s 130
f 576/1390/509 575/1407/513 749/1453/510
s 79
f 433/1320/343 434/1324/343 681/1455/511
s 125
f 582/1415/454 419/1317/512 668/1457/512
s 130
f 575/1407/513 392/1251/770 654/1459/514
s 128
f 580/1388/473 719/1431/475 669/1460/515
s 131
f 574/1387/517 716/1490/517 748/1461/518
s 79
f 432/1314/340 679/1527/520 680/1462/520
s 104
f 410/1212/521 541/1464/523 539/1463/522
f 541/1464/523 542/1340/356 540/1341/358
s 129
f 578/1385/491 421/1322/771 670/1465/524
s 131
f 573/1410/519 748/1461/518 653/1467/525
s 102
f 412/1208/527 535/1368/529 537/1339/528
f 535/1368/529 536/1336/350 538/1337/352
s 101
f 408/1216/530 531/1413/532 533/1382/531
f 531/1413/532 532/1334/347 534/1335/349
s 132
f 699/1468/533 692/1380/534 691/1379/534
s 133
f 696/1469/536 690/1400/537 689/1399/537
s 134
f 701/1471/539 688/1419/540 687/1418/540
s 135
f 702/1472/542 686/1433/543 685/1432/543
s 136
f 704/1474/545 684/1442/546 683/1441/546
s 137
f 706/1476/548 682/1456/549 681/1455/549
s 138
f 680/1462/550 679/1527/550 709/1478/551
s 139
f 678/1480/553 677/1528/553 711/1481/554
s 140
f 676/1483/556 675/1529/556 713/1484/557
s 141
f 674/1486/559 673/1530/559 715/1487/560
s 142
f 672/1489/562 671/1531/562 717/1454/563
s 143
f 670/1465/565 669/1460/565 719/1431/566
s 144
f 668/1457/568 667/1452/568 721/1398/569
s 145
f 666/1449/571 665/1439/571 723/1350/572
s 146
f 725/1424/573 664/1423/574 663/1420/574
s 147
f 698/1492/576 694/1352/577 693/1351/577
f 631/1345/579 730/1338/581 756/1344/580
f 730/1338/581 698/1492/576 724/1493/578
s 146
f 661/1494/582 757/1497/584 758/1495/583
f 757/1497/584 725/1424/573 726/1491/575
s 145
f 754/1377/585 755/1349/585 660/1363/586
f 722/1450/572 723/1350/572 755/1349/585
s 144
f 752/1416/587 753/1397/589 658/1405/588
f 720/1458/570 721/1398/569 753/1397/589
s 143
f 750/1440/590 751/1430/592 656/1434/591
f 718/1466/567 719/1431/566 751/1430/592
s 142
f 748/1461/593 749/1453/595 654/1459/594
f 716/1490/564 717/1454/563 749/1453/595
s 141
f 746/1498/596 747/1501/598 652/1499/597
f 714/1488/561 715/1487/560 747/1501/598
s 140
f 744/1502/599 745/1505/601 650/1503/600
f 712/1485/558 713/1484/557 745/1505/601
s 139
f 742/1506/602 743/1509/604 648/1507/603
f 710/1482/555 711/1481/554 743/1509/604
s 138
f 740/1510/605 741/1513/607 646/1511/606
f 708/1479/552 709/1478/551 741/1513/607
s 137
f 643/1514/608 738/1517/609 739/1515/609
f 706/1476/548 707/1477/548 739/1515/609
s 136
f 641/1346/610 736/1519/612 737/1518/611
f 736/1519/612 704/1474/545 705/1475/547
s 135
f 639/1370/613 734/1521/616 735/1520/614
f 734/1521/616 702/1472/542 703/1473/544
s 134
f 637/1395/617 733/1522/619 727/1402/618
f 733/1522/619 701/1471/539 695/1403/541
s 133
f 635/1393/620 728/1381/622 732/1523/621
f 728/1381/622 696/1469/536 700/1470/538
s 132
f 633/1425/623 731/1524/625 729/1360/624
f 731/1524/625 699/1468/533 697/1361/535
s 105
f 590/1391/477 589/1342/359 756/1344/361
s 80
f 401/1233/311 643/1514/626 644/1516/626
s 148
f 539/1463/627 731/1524/634 633/1425/628
s 127
f 591/1406/630 757/1497/635 661/1494/631
s 148
f 540/1341/633 699/1468/682 731/1524/634
s 127
f 592/1392/463 725/1424/463 757/1497/635
s 80
f 399/1237/312 645/1512/636 646/1511/636
s 149
f 541/1464/637 410/1212/772 636/1414/638
s 126
f 593/1401/640 383/1266/773 662/1496/641
s 149
f 542/1340/643 541/1464/637 732/1523/639
s 126
f 594/1394/458 593/1401/640 758/1495/642
s 80
f 397/1241/313 647/1508/644 648/1507/644
s 150
f 543/1443/645 733/1522/649 637/1395/646
f 544/1359/648 701/1471/648 733/1522/649
s 80
f 395/1245/315 649/1504/650 650/1503/650
s 151
f 545/1445/651 734/1521/655 639/1370/652
f 546/1357/654 702/1472/654 734/1521/655
s 80
f 393/1249/316 651/1500/656 652/1499/656
s 152
f 547/1444/657 406/1220/774 640/1371/658
f 548/1358/660 547/1444/657 735/1520/659
s 80
f 391/1253/318 653/1467/661 654/1459/661
s 153
f 549/1525/662 736/1519/662 641/1346/663
f 550/1526/664 704/1474/705 736/1519/662
s 124
f 532/1334/432 695/1403/432 687/1418/665
s 80
f 389/1257/320 655/1451/667 656/1434/667
s 154
f 551/1446/668 404/1224/775 642/1347/669
s 116
f 534/1335/401 441/1287/776 690/1400/671
s 154
f 552/1356/672 551/1446/668 737/1518/670
s 110
f 536/1336/378 697/1361/378 691/1379/673
s 80
f 387/1422/321 657/1421/675 658/1405/675
s 155
f 553/1436/676 738/1517/676 643/1514/677
s 103
f 538/1337/353 445/1312/777 694/1352/678
s 155
f 554/1366/680 706/1476/680 738/1517/676
s 148
f 540/1341/633 443/1300/778 692/1380/681
s 80
f 386/1264/322 385/1263/322 659/1383/683
s 156
f 555/1448/684 402/1228/685 644/1516/685
s 149
f 542/1340/643 700/1470/643 689/1399/687
s 156
f 556/1353/689 555/1448/684 739/1515/686
s 150
f 544/1359/648 439/1279/779 688/1419/690
s 80
f 383/1266/302 384/1204/302 661/1494/691
s 157
f 557/1438/692 740/1510/698 645/1512/693
s 151
f 546/1357/654 437/1269/780 686/1433/695
s 79
f 415/1291/332 416/1298/334 663/1420/696
s 157
f 558/1364/697 708/1479/697 740/1510/698
s 152
f 548/1358/660 703/1473/660 685/1432/699
s 158
f 559/1435/701 400/1235/781 646/1511/702
s 153
f 550/1526/664 435/1328/782 684/1442/704
s 79
f 418/1310/336 665/1439/783 666/1449/706
s 158
f 560/1367/707 559/1435/701 741/1513/703
s 154
f 552/1356/672 705/1475/672 683/1441/709
s 159
f 561/1427/711 742/1506/717 647/1508/712
s 155
f 554/1366/680 433/1320/714 682/1456/714
s 79
f 420/1316/341 667/1452/715 668/1457/715
s 159
f 562/1374/716 710/1482/716 742/1506/717
s 156
f 556/1353/689 707/1477/689 681/1455/718
s 160
f 563/1437/720 398/1239/784 648/1507/721
s 157
f 558/1364/697 431/1308/785 680/1462/723
s 79
f 422/1326/344 669/1460/724 670/1465/724
s 160
f 564/1365/725 563/1437/720 743/1509/722
s 158
f 560/1367/707 709/1478/708 679/1527/726
s 161
f 565/1429/728 744/1502/734 649/1504/729
s 159
f 562/1374/716 429/1289/786 678/1480/731
s 79
f 424/1273/325 671/1531/732 672/1489/732
s 161
f 566/1372/733 712/1485/733 744/1502/734
s 160
f 564/1365/725 711/1481/725 677/1528/735
s 162
f 567/1426/737 396/1243/787 650/1503/738
s 161
f 566/1372/733 427/1281/788 676/1483/740
s 79
f 426/1277/326 673/1530/741 674/1486/741
s 162
f 568/1375/742 567/1426/737 745/1505/739
f 568/1375/742 713/1484/743 675/1529/744
s 163
f 569/1408/746 746/1498/752 651/1500/747
f 570/1389/749 425/1272/789 674/1486/750
s 79
f 428/1285/328 675/1529/751 676/1483/751
s 163
f 570/1389/749 714/1488/749 746/1498/752
s 164
f 572/1373/753 715/1487/761 673/1530/754
f 571/1428/756 394/1247/790 652/1499/757
s 131
f 574/1387/517 423/1331/791 672/1489/759
s 79
f 430/1296/331 677/1528/760 678/1480/760
s 164
f 572/1373/753 571/1428/756 747/1501/758
s 130
f 576/1390/509 717/1454/509 671/1531/762
l 382 381
