# Blender 5.2.0 LTS
# www.blender.org
mtllib avion_mordecai.mtl
g Object_2_Object_0
v -0.306506 2.553348 -2.389847
v -0.396170 2.802903 -2.375573
v -0.321488 2.548690 -2.366140
v -0.178471 2.871023 -2.459040
v -0.107261 2.611356 -2.445915
v -0.154253 2.251284 -2.414035
v -0.166728 2.246528 -2.394066
v -0.411875 2.798021 -2.349589
v -0.476624 3.117870 -2.372185
v -0.487222 3.114573 -2.346366
v -0.293246 3.174885 -2.460925
v -0.385097 2.806345 -2.339879
v -0.298239 2.555919 -2.353279
v -0.151447 2.252156 -2.376823
v -0.090512 2.088782 -2.400524
v -0.080442 2.091793 -2.435671
v -0.051029 2.282499 -2.424175
v -0.078526 2.620289 -2.434574
v -0.035157 2.287434 -2.406990
v -0.263358 3.184176 -2.454697
v -0.146082 2.881093 -2.451484
v -0.412480 3.411425 -2.443909
v -0.512342 3.379743 -2.389022
v -0.462598 3.122229 -2.337592
v -0.496226 3.384755 -2.355430
v -0.524949 3.405248 -2.365009
v -0.164681 2.875310 -2.424387
v -0.096568 2.614680 -2.410031
v -0.080727 2.091703 -2.365382
v -0.046899 2.283783 -2.387094
v -0.017693 2.111423 -2.365386
v -0.096568 2.614680 -2.410031
v -0.164681 2.875310 -2.424387
v -0.046899 2.283783 -2.387094
v -0.276937 3.179954 -2.427436
v -0.397101 3.444998 -2.436056
v -0.395051 3.416844 -2.411036
v -0.395051 3.416844 -2.411036
v -0.276937 3.179954 -2.427436
v -0.395051 3.416844 -2.411036
v -0.008490 2.114284 -2.400530
v -0.018248 2.111249 -2.435673
v -0.017693 2.111423 -2.365386
v 0.457644 2.080163 -1.530694
v 0.478975 2.130965 -1.536128
v 0.486490 2.130965 -1.438248
v 0.478975 2.029363 -1.536128
v 0.448045 2.080163 -1.551010
v 0.457644 2.080163 -1.530694
v 0.464989 2.080163 -1.438248
v 0.486490 2.029363 -1.438248
v 0.464989 2.080163 -1.438248
v 0.448045 2.080163 -1.551010
v 0.538396 2.152009 -1.438248
v 0.530480 2.152009 -1.549248
v 0.464712 2.130965 -1.565116
v 0.486490 2.130965 -1.438248
v 0.538396 2.008319 -1.438248
v 0.464989 2.080163 -1.438248
v 0.538396 2.152009 -1.438248
v 0.486490 2.029363 -1.438248
v 0.538396 2.008319 -1.438248
v 0.530480 2.008319 -1.549248
v 0.464712 2.029363 -1.565118
v 0.435960 2.130965 -1.581666
v 0.427838 2.080163 -1.562802
v 0.435960 2.029363 -1.581666
v 0.427838 2.080163 -1.562802
v 0.455577 2.152009 -1.627208
v 0.504948 2.152009 -1.599175
v 0.590302 2.130965 -1.438248
v 0.581983 2.130965 -1.562368
v 0.545183 2.130965 -1.633232
v 0.590302 2.130965 -1.438248
v 0.590302 2.029363 -1.438248
v 0.611801 2.080163 -1.438248
v 0.590302 2.029363 -1.438248
v 0.581983 2.029363 -1.562368
v 0.545183 2.029363 -1.633232
v 0.504948 2.008319 -1.599175
v 0.455577 2.008319 -1.627208
v 0.393525 2.008319 -1.635797
v 0.392328 2.029363 -1.586924
v 0.392328 2.130965 -1.586924
v 0.391832 2.080163 -1.566682
v 0.391832 2.080163 -1.566682
v 0.393525 2.152009 -1.635797
v 0.475192 2.130965 -1.672749
v 0.394720 2.130965 -1.684668
v 0.483318 2.080163 -1.691614
v 0.561849 2.080163 -1.647338
v 0.611801 2.080163 -1.438248
v 0.603316 2.080163 -1.567802
v 0.475192 2.029363 -1.672749
v 0.394720 2.029363 -1.684668
v 0.395216 2.080163 -1.704911
v -0.329631 1.331749 -2.353279
v -0.666966 1.253940 -2.424387
v -0.494993 1.461286 -2.410030
v -0.168516 1.628163 -2.376824
v -0.155033 1.619034 -2.394066
v -0.310199 1.317080 -2.366140
v -0.482384 1.115127 -2.339879
v -0.666966 1.253940 -2.424387
v -0.860295 0.993632 -2.454697
v -0.682512 1.265675 -2.451484
v -0.510075 1.472670 -2.434574
v -0.494993 1.461286 -2.410030
v -0.693763 0.867926 -2.337592
v -0.848945 0.985065 -2.427436
v -0.848945 0.985065 -2.427436
v -0.265002 1.702046 -2.406990
v -0.255187 1.694636 -2.387094
v -0.255187 1.694636 -2.387094
v -0.071354 1.772952 -2.400524
v -0.079435 1.779196 -2.365382
v -0.132219 1.818895 -2.365386
v -0.322725 1.326534 -2.389847
v -0.166172 1.626392 -2.414035
v -0.460004 1.098234 -2.349589
v -0.473131 1.108142 -2.375573
v -0.673185 0.852391 -2.346367
v -0.887390 0.687488 -2.355430
v -0.972471 0.750952 -2.411036
v -0.972471 0.750952 -2.411036
v -0.655442 1.245240 -2.459038
v -0.835314 0.974776 -2.460925
v -0.994143 0.732866 -2.436056
v -0.957902 0.739955 -2.443909
v -0.486057 1.454539 -2.445914
v -0.251735 1.692031 -2.424174
v -0.139910 1.824702 -2.400529
v -0.132219 1.818895 -2.365386
v -0.131755 1.818545 -2.435673
v -0.079675 1.779376 -2.435671
v -0.682041 0.859078 -2.372185
v -0.873919 0.677318 -2.389022
v -0.887283 0.652204 -2.365009
v -0.972471 0.750952 -2.411036
v 0.145605 1.832056 -2.400529
v 0.304071 1.761378 -2.424174
v 0.149261 1.841598 -2.435673
v 0.298124 1.745854 -2.406990
v 0.302524 1.757339 -2.387094
v 0.149053 1.841055 -2.365386
v 0.343426 1.861780 -2.414035
v 0.172462 1.902494 -2.435671
v 0.597197 1.602051 -2.445914
v 0.593193 1.591594 -2.410030
v 0.586435 1.573950 -2.434574
v 0.342376 1.859039 -2.376822
v 0.593193 1.591594 -2.410030
v 0.302524 1.757339 -2.387094
v 0.149053 1.841055 -2.365386
v 0.172569 1.902774 -2.365382
v 0.671828 1.786377 -2.353279
v 0.347408 1.874524 -2.394066
v 0.176330 1.912268 -2.400524
v 0.840077 1.483820 -2.424387
v 0.840077 1.483820 -2.424387
v 0.845241 1.497305 -2.459040
v 0.833110 1.465630 -2.451484
v 0.674926 1.794461 -2.389847
v 0.680536 1.809115 -2.366140
v 0.922298 1.699642 -2.339879
v 1.218395 1.565050 -2.337591
v 1.148853 1.383485 -2.427436
v 1.143766 1.370205 -2.454697
v 1.148853 1.383485 -2.427436
v 0.926445 1.710469 -2.375573
v 1.154961 1.399433 -2.460925
v 0.932328 1.725827 -2.349589
v 1.227619 1.589130 -2.346367
v 1.445429 1.429012 -2.355430
v 1.408028 1.329678 -2.411036
v 1.408028 1.329678 -2.411036
v 1.431412 1.313866 -2.436056
v 1.414557 1.346722 -2.443909
v 1.223651 1.578765 -2.372185
v 1.451465 1.444775 -2.389021
v 1.479301 1.438892 -2.365009
v 1.408028 1.329678 -2.411036
v -0.155038 2.009604 -2.562918
v -0.135733 2.113273 -2.475562
v -0.186775 2.064876 -2.475562
v -0.219547 2.003895 -2.475562
v -0.171847 1.911035 -2.562918
v -0.088351 1.976927 -2.635324
v -0.079055 2.080173 -2.562918
v -0.097925 1.921872 -2.635324
v -0.158237 2.143993 -2.379229
v -0.083248 2.180459 -2.379229
v -0.071418 2.144345 -2.475562
v -0.217746 2.087197 -2.379229
v -0.230836 1.936296 -2.475562
v -0.255954 2.015629 -2.379229
v -0.219547 1.868698 -2.475562
v -0.123065 1.822114 -2.562918
v -0.186775 1.807714 -2.475562
v -0.070142 1.872206 -2.635324
v 0.000062 1.935351 -2.678104
v -0.045077 2.016343 -2.635324
v 0.000062 2.099785 -2.562918
v 0.000062 2.193023 -2.379229
v 0.000062 2.155050 -2.475562
v -0.090883 2.203960 -2.303716
v 0.000062 2.217733 -2.303716
v -0.172760 2.163983 -2.303716
v -0.237738 2.101721 -2.303716
v -0.279455 2.023265 -2.303716
v -0.269120 1.936296 -2.379229
v -0.255954 1.856963 -2.379229
v -0.217746 1.785395 -2.379229
v -0.135733 1.759319 -2.475562
v -0.158237 1.728599 -2.379229
v -0.054520 1.780809 -2.562918
v -0.031102 1.849133 -2.635324
v -0.071418 1.728247 -2.475562
v 0.000062 1.772807 -2.562918
v 0.000062 1.717540 -2.475562
v -0.083248 1.692134 -2.379229
v -0.090883 1.668633 -2.303716
v -0.172760 1.708609 -2.303716
v -0.237738 1.770872 -2.303716
v -0.279455 1.849327 -2.303716
v -0.293830 1.936296 -2.303716
v -0.279455 2.023265 -2.303716
v 0.000062 1.936296 -2.303716
v -0.293830 1.936296 -2.303716
v -0.237738 2.101721 -2.303716
v -0.172760 2.163983 -2.303716
v -0.090883 2.203960 -2.303716
v 0.000062 2.217733 -2.303716
v 0.083374 2.180459 -2.379229
v 0.091011 2.203960 -2.303716
v 0.091011 2.203960 -2.303716
v 0.071545 2.144345 -2.475562
v 0.079184 2.080173 -2.562918
v 0.135861 2.113273 -2.475562
v 0.158363 2.143993 -2.379229
v 0.172886 2.163983 -2.303716
v 0.172886 2.163983 -2.303716
v 0.217875 2.087197 -2.379229
v 0.186901 2.064876 -2.475562
v 0.155164 2.009604 -2.562918
v 0.045203 2.016343 -2.635324
v 0.088477 1.976927 -2.635324
v 0.171973 1.911035 -2.562918
v 0.098051 1.921872 -2.635324
v 0.219673 2.003895 -2.475562
v 0.256083 2.015629 -2.379229
v 0.237866 2.101721 -2.303716
v 0.237866 2.101721 -2.303716
v 0.279581 2.023265 -2.303716
v 0.279581 2.023265 -2.303716
v 0.230963 1.936296 -2.475562
v 0.269248 1.936296 -2.379229
v 0.123191 1.822114 -2.562918
v 0.186901 1.807714 -2.475562
v 0.219673 1.868698 -2.475562
v 0.070268 1.872206 -2.635324
v 0.000062 2.027297 -2.635324
v 0.000062 1.844665 -2.635324
v 0.031230 1.849133 -2.635324
v 0.000062 1.844665 -2.635324
v 0.054647 1.780809 -2.562918
v 0.135861 1.759319 -2.475562
v 0.158363 1.728599 -2.379229
v 0.217875 1.785395 -2.379229
v 0.256083 1.856963 -2.379229
v 0.279581 1.849327 -2.303716
v 0.293958 1.936296 -2.303716
v 0.293958 1.936296 -2.303716
v 0.279581 1.849327 -2.303716
v 0.237866 1.770872 -2.303716
v 0.237866 1.770872 -2.303716
v 0.172886 1.708609 -2.303716
v 0.083374 1.692134 -2.379229
v 0.091011 1.668633 -2.303716
v 0.071545 1.728247 -2.475562
v 0.000062 1.772807 -2.562918
v 0.000062 1.717540 -2.475562
v 0.000062 1.679569 -2.379229
v 0.000062 1.679569 -2.379229
v 0.000062 1.654859 -2.303716
v 0.172886 1.708609 -2.303716
v 0.091011 1.668633 -2.303716
v 0.000062 1.654859 -2.303716
v -0.172760 1.708609 -2.303716
v -0.090883 1.668633 -2.303716
v -0.237738 1.770872 -2.303716
v -0.279455 1.849327 -2.303716
v 0.000062 1.654859 -2.303716
v -0.065115 3.246028 2.966821
v -0.049982 3.286428 3.208895
v -0.065115 3.207952 2.939302
v -0.049982 3.288422 3.058644
v -0.054269 3.277591 3.004081
v 0.000062 3.306708 2.991949
v 0.000062 3.256060 2.930774
v -0.048857 3.207821 3.207379
v 0.000062 3.316812 3.209467
v 0.000062 3.267571 3.430617
v -0.049982 3.239924 3.425173
v 0.000062 3.207952 2.897071
v 0.000799 3.207821 3.207379
v -0.065115 3.207952 2.939302
v 0.000799 3.207952 2.897071
v -0.048857 3.207821 3.207379
v 0.000062 3.207821 3.207379
v -0.048359 3.172186 3.206699
v -0.065115 3.180234 2.924544
v 0.000799 3.207952 2.897071
v 0.065243 3.207952 2.939302
v 0.065243 3.246028 2.966821
v 0.054395 3.277591 3.004081
v 0.050110 3.288422 3.058644
v 0.000062 3.318783 3.058530
v 0.050110 3.286428 3.208895
v 0.050110 3.239924 3.425173
v -0.034849 3.189487 3.564478
v 0.034977 3.189487 3.564478
v 0.000062 3.211128 3.605673
v -0.034849 2.206654 3.188258
v 0.000799 3.207821 3.207379
v 0.066714 3.207952 2.939302
v 0.050456 3.207821 3.207379
v 0.036449 2.206654 3.188258
v 0.000799 2.179790 3.187752
v -0.034849 2.206654 3.188258
v -0.036197 2.302966 3.190098
v 0.066714 2.367626 2.491910
v 0.000799 2.384975 2.448525
v -0.065115 2.367626 2.491910
v -0.036197 2.302966 3.190098
v -0.065115 3.180234 2.924544
v -0.048359 3.172186 3.206699
v -0.065115 2.367626 2.491910
v -0.058098 2.152926 3.187246
v -0.121062 2.278620 2.313327
v -0.058098 2.152926 3.187246
v -0.034849 2.181443 3.548064
v -0.065115 2.308307 2.447845
v 0.000062 2.179790 3.187752
v 0.000062 2.181462 3.589260
v 0.048983 3.207821 3.207379
v 0.034977 2.206654 3.188258
v 0.034977 2.181443 3.548064
v 0.065243 3.207952 2.939302
v 0.058225 2.152926 3.187246
v -0.058098 1.699592 3.178706
v 0.000062 1.637945 3.177546
v 0.058225 1.699592 3.178706
v -0.058098 1.699592 3.178706
v -0.213409 1.978838 2.312977
v -0.038960 1.993333 3.485413
v -0.171048 2.192285 2.313213
v 0.059698 2.152926 3.187246
v 0.000799 1.637945 3.177546
v 0.059698 1.699592 3.178706
v 0.000799 1.637945 3.177546
v -0.034849 1.659982 3.177961
v -0.171472 1.586458 2.313187
v -0.034849 1.659982 3.177961
v -0.034849 1.707394 3.485413
v -0.206458 1.722114 2.313011
v 0.034977 1.659982 3.177961
v 0.000212 1.684939 3.485413
v -0.000086 1.684939 3.485413
v 0.039086 1.993333 3.485413
v 0.034977 1.707394 3.485413
v 0.034977 1.993685 3.548064
v 0.000212 1.993679 3.589260
v -0.000086 1.993679 3.589260
v -0.000194 1.993333 3.485413
v -0.034849 1.993685 3.548064
v -0.038960 1.993333 3.485413
v -0.034849 1.707394 3.485413
v -0.000119 1.993333 3.485413
v -0.038960 1.993333 3.485413
v -0.000119 1.993333 3.485413
v -0.034849 1.993685 3.548064
v -0.038960 1.993333 3.485413
v -0.034849 1.717055 3.548064
v -0.034849 1.707394 3.485413
v -0.034849 1.993685 3.548064
v 0.000000 1.684939 3.485413
v 0.000000 1.684939 3.485413
v -0.121749 1.523620 2.313285
v -0.068315 1.489127 2.313323
v 0.000799 1.488387 2.313331
v 0.069913 1.489127 2.313323
v 0.036449 1.659982 3.177961
v 0.173070 1.586458 2.313187
v 0.208058 1.722114 2.313011
v 0.215009 1.978838 2.312977
v 0.123347 1.523620 2.313285
v 0.000799 1.404114 1.869633
v 0.087571 1.404165 1.869276
v 0.160580 1.438913 1.867617
v -0.158982 1.438913 1.867617
v -0.085973 1.404165 1.869276
v -0.233330 1.519998 1.862950
v -0.186929 1.341057 1.289346
v -0.307478 1.436410 1.289620
v 0.000799 1.404114 1.869633
v 0.000799 1.316572 1.289241
v -0.103146 1.316461 1.289261
v 0.188527 1.341057 1.289346
v 0.104746 1.316461 1.289261
v 0.234929 1.519998 1.862950
v 0.309078 1.436410 1.289620
v 0.296749 1.682536 1.857181
v 0.303929 1.895614 1.851798
v 0.292955 2.095248 1.855018
v 0.172647 2.192285 2.313213
v 0.382183 1.901005 1.449131
v 0.373370 1.635897 1.337348
v 0.374502 1.752013 1.403770
v 0.361459 1.579739 1.289574
v 0.339505 1.385305 0.883145
v 0.350283 1.490847 1.129146
v 0.211298 1.277283 0.883134
v 0.000799 1.254034 0.883146
v 0.114599 1.254034 0.883145
v -0.209698 1.277283 0.883135
v -0.112999 1.254034 0.883146
v -0.337903 1.385296 0.883137
v -0.378817 1.631610 1.289557
v -0.429166 1.600291 0.882788
v -0.295149 1.682536 1.857181
v -0.411507 1.903136 1.290010
v -0.463903 1.893733 0.882749
v -0.482406 1.543525 0.201231
v -0.509824 1.881945 0.201161
v -0.365850 1.315905 0.201442
v -0.220924 1.186126 0.201434
v -0.112999 1.161360 0.201442
v 0.000799 1.161359 0.201442
v 0.000799 1.254034 0.883146
v 0.000799 1.161359 0.201442
v 0.114599 1.161360 0.201442
v 0.222522 1.186126 0.201434
v 0.367450 1.315905 0.201442
v 0.370438 1.458177 0.883027
v 0.430767 1.600300 0.882796
v 0.370438 1.458177 0.883027
v 0.350283 1.490847 1.129146
v 0.361459 1.579739 1.289574
v 0.380415 1.631609 1.289557
v 0.373370 1.635897 1.337348
v 0.449539 1.580282 0.642480
v 0.470591 1.723595 0.559570
v 0.465506 1.893747 0.882761
v 0.484005 1.543525 0.201231
v 0.449539 1.580282 0.642480
v 0.383608 1.303915 -0.393207
v 0.249608 1.149578 -0.393222
v 0.114599 1.124222 -0.393228
v -0.112999 1.124222 -0.393228
v 0.000799 1.124222 -0.393228
v -0.382010 1.303915 -0.393207
v -0.248009 1.149578 -0.393222
v -0.532438 1.871079 -0.393578
v -0.505511 1.536877 -0.393474
v -0.475203 2.137778 0.201319
v -0.495504 2.114700 -0.393627
v -0.450608 2.145154 0.882871
v -0.435478 2.294415 -0.393383
v -0.419215 2.335921 0.201500
v -0.497201 2.090027 -0.883122
v -0.436343 2.265936 -0.882884
v -0.520808 1.704241 -0.883029
v -0.534211 1.863075 -0.883065
v -0.387229 1.317570 -0.882722
v -0.507406 1.545407 -0.882993
v -0.263602 1.165658 -0.882737
v -0.112999 1.140908 -0.882743
v 0.000799 1.140908 -0.882743
v 0.000799 1.124222 -0.393228
v 0.114599 1.140908 -0.882743
v 0.265200 1.165658 -0.882737
v 0.507109 1.536876 -0.393474
v 0.388827 1.317570 -0.882722
v 0.279923 1.252846 -1.169385
v 0.168961 1.200941 -1.154112
v 0.081022 1.189651 -1.144836
v -0.081022 1.189651 -1.144836
v 0.000000 1.181536 -1.135051
v 0.000000 1.181536 -1.135051
v -0.168961 1.200941 -1.154112
v -0.279923 1.252846 -1.169385
v -0.364110 1.356261 -1.200902
v -0.470509 1.596319 -1.250466
v -0.490331 1.731986 -1.209645
v -0.510152 1.867654 -1.168823
v -0.420837 2.243408 -1.168065
v -0.473907 2.085056 -1.168607
v -0.347054 2.349501 -0.883000
v -0.345656 2.320027 -1.167950
v -0.344260 2.290550 -1.452900
v -0.405333 2.220881 -1.453246
v -0.450613 2.080085 -1.454091
v -0.470686 1.877090 -1.584350
v -0.448733 1.753432 -1.629866
v -0.319657 1.376539 -1.486442
v -0.383167 1.509421 -1.543946
v -0.425850 1.630428 -1.678052
v -0.246316 1.308369 -1.472014
v -0.154029 1.272889 -1.461305
v -0.073921 1.255925 -1.452374
v 0.000000 1.248229 -1.444779
v 0.073918 1.255925 -1.452374
v 0.154027 1.272889 -1.461305
v 0.127415 1.337870 -1.665205
v 0.000042 1.321190 -1.663511
v 0.060936 1.326488 -1.664589
v -0.124780 1.339293 -1.671566
v -0.059988 1.326943 -1.666721
v -0.194412 1.365535 -1.693833
v -0.271586 1.427081 -1.728027
v -0.314905 1.473244 -1.750153
v -0.326178 1.514390 -1.794766
v -0.271657 1.531433 -1.950342
v -0.383215 1.752855 -2.103072
v -0.409099 1.896505 -2.103072
v -0.381306 2.051823 -2.103072
v -0.329987 2.166327 -2.103072
v -0.284457 2.219979 -2.077224
v -0.273834 2.215542 -2.103072
v -0.237738 2.101721 -2.298871
v -0.279455 2.023265 -2.298871
v -0.293830 1.936296 -2.298871
v -0.279455 1.849327 -2.298871
v -0.316433 1.644743 -2.103072
v -0.237737 1.770872 -2.298871
v -0.228277 1.464886 -1.881807
v -0.155889 1.442870 -1.922578
v -0.186494 1.505570 -2.001280
v -0.213001 1.567769 -2.103071
v -0.270036 1.457159 -1.808907
v -0.262155 1.445694 -1.783948
v -0.241600 1.423698 -1.774424
v -0.176490 1.373715 -1.740156
v -0.117289 1.351495 -1.724781
v -0.056256 1.337160 -1.717545
v -0.171805 1.373446 -1.752295
v -0.115911 1.351711 -1.740770
v -0.232989 1.421176 -1.780990
v -0.234144 1.425336 -1.783242
v -0.237448 1.431858 -1.791622
v -0.188774 1.406854 -1.818956
v -0.127061 1.390507 -1.827648
v -0.070183 1.432433 -1.934494
v -0.085192 1.482371 -2.030378
v -0.093341 1.540461 -2.105225
v -0.090883 1.668633 -2.298871
v -0.172760 1.708609 -2.298871
v -0.237737 1.770872 -2.298871
v 0.000799 1.936296 -2.298871
v -0.279455 1.849327 -2.298871
v -0.172760 1.708609 -2.298871
v -0.293830 1.936296 -2.298871
v -0.279455 2.023265 -2.298871
v -0.237738 2.101721 -2.298871
v -0.172760 2.163983 -2.298871
v -0.090883 2.203960 -2.298871
v 0.000799 1.654859 -2.298871
v 0.092482 1.668633 -2.298871
v 0.174359 1.708609 -2.298871
v 0.174359 2.163983 -2.298871
v 0.092482 2.203960 -2.298871
v 0.000799 2.217733 -2.298871
v -0.090883 1.668633 -2.298871
v 0.239337 1.770872 -2.298871
v 0.281055 1.849327 -2.298871
v 0.295430 1.936296 -2.298871
v 0.281055 2.023265 -2.298871
v 0.239337 2.101721 -2.298871
v 0.000799 1.654859 -2.298871
v 0.000799 1.540279 -2.105225
v 0.000000 1.480991 -2.033690
v 0.000000 1.431003 -1.936566
v 0.000001 1.381003 -1.830916
v -0.059969 1.382423 -1.830801
v -0.117635 1.365531 -1.768317
v -0.056077 1.355296 -1.763384
v -0.172407 1.381559 -1.776761
v -0.116081 1.364852 -1.751230
v -0.055470 1.353420 -1.745392
v 0.000137 1.349242 -1.742875
v 0.000113 1.352058 -1.761326
v 0.060607 1.381986 -1.829002
v 0.070183 1.432433 -1.934494
v 0.085192 1.482371 -2.030378
v 0.094939 1.540461 -2.105225
v 0.092482 1.668633 -2.298871
v 0.214599 1.567769 -2.103071
v 0.174359 1.708609 -2.298871
v 0.318033 1.644743 -2.103072
v 0.239337 1.770872 -2.298871
v 0.384815 1.752855 -2.103072
v 0.281055 1.849327 -2.298871
v 0.410698 1.896505 -2.103072
v 0.295430 1.936296 -2.298871
v 0.382905 2.051823 -2.103072
v 0.281055 2.023265 -2.298871
v 0.331586 2.166327 -2.103072
v 0.239337 2.101721 -2.298871
v 0.174359 2.163983 -2.298871
v 0.275434 2.215542 -2.103072
v 0.452212 2.080085 -1.454091
v 0.406932 2.220881 -1.453246
v 0.286057 2.219979 -2.077224
v 0.472393 1.877057 -1.583445
v 0.449950 1.753470 -1.629680
v 0.427285 1.630357 -1.677442
v 0.273660 1.531098 -1.947596
v 0.186494 1.505570 -2.001280
v 0.155987 1.442789 -1.922262
v 0.129394 1.389093 -1.821586
v 0.057373 1.354540 -1.760098
v 0.000143 1.350103 -1.737481
v 0.056831 1.352646 -1.741997
v -0.055931 1.354632 -1.740194
v 0.000140 1.364063 -1.753575
v 0.057327 1.353844 -1.736728
v 0.119464 1.362930 -1.742797
v 0.120920 1.363648 -1.760082
v 0.195664 1.402983 -1.801899
v 0.235061 1.462108 -1.867907
v 0.344008 1.507506 -1.759407
v 0.471310 1.596319 -1.250466
v 0.383173 1.509413 -1.543916
v 0.491530 1.731986 -1.209645
v 0.511752 1.867654 -1.168823
v 0.475507 2.085056 -1.168607
v 0.422437 2.243408 -1.168065
v 0.345860 2.290550 -1.452900
v 0.275264 2.238974 -2.077232
v 0.347256 2.320027 -1.167950
v 0.264117 2.255839 -2.075101
v 0.247761 2.283171 -2.070071
v 0.324000 2.325671 -1.452874
v 0.498800 2.090027 -0.883122
v 0.437941 2.265936 -0.882884
v 0.522407 1.704241 -0.883029
v 0.535810 1.863075 -0.883065
v 0.509004 1.545407 -0.882993
v 0.364111 1.356261 -1.200902
v 0.319654 1.376539 -1.486442
v 0.331693 1.465779 -1.714104
v 0.286705 1.449552 -1.772571
v 0.251159 1.424932 -1.759856
v 0.178430 1.377911 -1.761114
v 0.177042 1.379675 -1.745868
v 0.247297 1.418527 -1.752309
v 0.278357 1.437902 -1.747514
v 0.245339 1.417523 -1.754144
v 0.284576 1.420316 -1.697369
v 0.246315 1.308369 -1.472014
v 0.534037 1.871079 -0.393578
v 0.497103 2.114700 -0.393627
v 0.437077 2.294415 -0.393383
v 0.348652 2.349501 -0.883000
v 0.326456 2.354862 -1.167939
v 0.276251 2.360792 -1.452847
v 0.221809 2.311904 -2.056458
v 0.279765 2.389698 -1.167929
v 0.328912 2.384053 -0.883006
v 0.343141 2.443362 -0.131867
v 0.315286 2.491719 -0.251713
v 0.476803 2.137778 0.201319
v 0.420815 2.335921 0.201500
v 0.511422 1.881945 0.201161
v 0.470591 1.723595 0.559570
v 0.490113 1.887422 0.517480
v 0.463582 2.141753 0.567755
v 0.357735 2.384576 0.883223
v 0.368112 2.358279 0.883185
v 0.416542 2.262039 0.652133
v 0.286886 2.591411 0.656526
v 0.337317 2.500113 0.201500
v 0.318176 2.594067 -0.121822
v 0.310768 2.553432 -0.206464
v 0.308268 2.530022 -0.239430
v 0.259543 2.528556 -0.295999
v 0.261541 2.513071 -0.302511
v 0.283279 2.418604 -0.883011
v 0.150452 2.403253 -1.452781
v 0.155595 2.434954 -1.167904
v 0.142202 2.348351 -2.015293
v 0.065097 2.424673 -1.452734
v 0.062313 2.372112 -2.000872
v 0.160740 2.466658 -0.883027
v 0.066423 2.456904 -1.167884
v 0.166106 2.537933 -0.342704
v 0.256765 2.528556 -0.280773
v 0.166103 2.546880 -0.322104
v 0.166103 2.546880 -0.339172
v 0.295548 2.530022 -0.236666
v 0.304880 2.599952 -0.184985
v 0.298049 2.553432 -0.203699
v 0.314752 2.602325 0.185554
v 0.235505 2.985095 -0.105149
v 0.240015 2.993874 -0.066321
v 0.238330 3.002054 0.038422
v 0.272619 2.668778 0.568694
v 0.245750 2.983860 0.325526
v 0.247095 3.005284 0.227130
v 0.242381 3.008994 0.148138
v 0.215580 3.050868 0.026391
v 0.219363 3.062925 0.145591
v 0.216360 3.028737 -0.069274
v 0.213976 3.008716 -0.129602
v 0.213976 3.007928 -0.173824
v 0.213419 2.998188 -0.173049
v 0.207468 2.992987 -0.130705
v 0.231560 2.981361 -0.106084
v 0.292161 2.599952 -0.182220
v 0.062899 2.561007 -0.341716
v 0.062899 2.561007 -0.358784
v 0.062899 2.554796 -0.360941
v 0.067750 2.489135 -0.883033
v 0.000799 2.495713 -0.883035
v 0.000799 2.558842 -0.360941
v 0.000799 2.566408 -0.341716
v 0.000799 2.566408 -0.358784
v 0.140170 2.998434 -0.157013
v 0.165929 3.009873 -0.225701
v 0.114412 3.017323 -0.257778
v 0.062895 3.001651 -0.180085
v 0.165922 3.023777 -0.150017
v 0.165922 3.021733 -0.225421
v 0.165243 3.057154 -0.077063
v 0.164345 3.084511 0.024897
v 0.062909 3.106978 -0.056179
v 0.062902 3.083371 -0.112566
v 0.114407 3.035378 -0.162554
v 0.114407 3.029590 -0.257958
v 0.062895 3.021914 -0.272724
v 0.000799 3.001712 -0.179734
v -0.061299 2.561007 -0.341716
v -0.061299 2.561007 -0.358784
v -0.061299 2.554796 -0.360941
v -0.066151 2.489135 -0.883033
v 0.000799 2.463380 -1.167871
v -0.064824 2.456904 -1.167884
v 0.000799 2.431047 -1.452708
v -0.159141 2.466657 -0.883027
v -0.164507 2.537933 -0.342704
v -0.164503 2.546880 -0.339172
v -0.164503 2.546880 -0.322104
v -0.061296 3.001651 -0.180085
v -0.061296 3.021914 -0.272724
v -0.112813 3.017323 -0.257778
v -0.138598 2.998421 -0.156985
v 0.000799 3.021929 -0.279112
v 0.062895 3.034587 -0.273365
v 0.062895 3.046979 -0.169884
v 0.000799 3.110559 -0.061387
v 0.000799 3.086813 -0.117280
v 0.000799 3.052381 -0.175750
v 0.000799 3.035873 -0.278475
v -0.061295 3.034587 -0.273365
v -0.112809 3.029590 -0.257958
v -0.164323 3.021733 -0.225421
v -0.164329 3.009873 -0.225701
v -0.212127 2.998047 -0.172735
v -0.206285 2.992793 -0.130280
v -0.255165 2.528556 -0.280773
v -0.257943 2.528556 -0.295999
v -0.259941 2.513071 -0.302511
v -0.281680 2.418604 -0.883011
v -0.153997 2.434954 -1.167904
v -0.063497 2.424673 -1.452734
v -0.148852 2.403253 -1.452781
v -0.278167 2.389698 -1.167929
v -0.327312 2.384053 -0.883006
v -0.313686 2.491719 -0.251713
v -0.306668 2.530022 -0.239430
v -0.293949 2.530022 -0.236666
v -0.234495 2.984822 -0.104548
v -0.230618 2.981056 -0.105414
v -0.212557 3.007844 -0.173639
v -0.112809 3.035378 -0.162554
v -0.164324 3.023777 -0.150016
v -0.061295 3.046979 -0.169884
v -0.061302 3.083371 -0.112566
v -0.163644 3.057154 -0.077063
v -0.212585 3.008619 -0.129389
v -0.316577 2.594067 -0.121822
v -0.303281 2.599952 -0.184985
v -0.238666 2.993758 -0.066067
v -0.290563 2.599952 -0.182220
v -0.225076 2.981062 -0.105431
v -0.309169 2.553432 -0.206464
v -0.296450 2.553432 -0.203699
v -0.341541 2.443362 -0.131867
v -0.324856 2.354862 -1.167939
v -0.274653 2.360792 -1.452847
v -0.060714 2.372112 -2.000872
v -0.140602 2.348351 -2.015293
v -0.060737 2.367331 -2.005634
v 0.000799 2.370976 -2.006735
v 0.000799 2.375520 -2.002023
v 0.000799 2.375520 -2.002023
v -0.139404 2.344952 -2.019959
v -0.220210 2.311902 -2.056458
v -0.322402 2.325671 -1.452874
v -0.335718 2.500113 0.201500
v -0.313153 2.602325 0.185554
v -0.236731 3.002054 0.038422
v -0.240781 3.008994 0.148138
v -0.217764 3.062925 0.145591
v -0.213981 3.050868 0.026391
v -0.214761 3.028737 -0.069274
v -0.162747 3.084511 0.024897
v -0.163018 3.094715 0.148055
v -0.163716 3.089255 0.225811
v -0.214210 3.059009 0.228257
v -0.245496 3.005284 0.227130
v -0.271021 2.668778 0.568694
v -0.244150 2.983860 0.325526
v -0.285286 2.591413 0.656526
v -0.356136 2.384579 0.883224
v -0.207040 2.707174 0.658509
v -0.198778 2.611503 0.771613
v -0.291589 2.347921 1.289910
v -0.225270 2.985928 0.365225
v -0.221781 3.031917 0.298982
v -0.155433 3.060792 0.299567
v -0.067982 3.089622 0.299389
v -0.061320 3.126124 0.227156
v -0.061321 3.134855 0.146663
v -0.061318 3.127669 0.024425
v -0.061309 3.106978 -0.056179
v 0.000799 3.133101 0.024526
v 0.000799 3.133834 0.226623
v 0.000799 3.141181 0.147189
v 0.000799 3.098998 0.299310
v 0.000799 3.029754 0.394107
v -0.113326 3.013269 0.388504
v -0.113068 2.733022 0.699686
v -0.112785 2.622138 0.833267
v -0.212122 2.462022 1.289679
v -0.158659 2.349421 1.861111
v -0.232066 2.255276 1.857125
v -0.386450 2.132547 1.289650
v -0.291356 2.095248 1.855018
v -0.068053 2.319766 2.313362
v -0.085778 2.403726 1.862894
v -0.103042 2.519301 1.289603
v 0.000799 2.741356 0.718388
v 0.000799 2.629754 0.865822
v 0.114925 3.013269 0.388504
v 0.114668 2.733022 0.699686
v 0.069581 3.089622 0.299389
v 0.062920 3.126124 0.227156
v 0.062921 3.134855 0.146663
v 0.164618 3.094715 0.148055
v 0.062917 3.127669 0.024425
v 0.165315 3.089255 0.225811
v 0.157032 3.060792 0.299567
v 0.208640 2.707175 0.658511
v 0.226870 2.985928 0.365225
v 0.200376 2.611490 0.771605
v 0.114385 2.622137 0.833265
v 0.104641 2.519301 1.289603
v 0.000799 2.531568 1.289563
v 0.000799 2.531568 1.289563
v 0.000799 2.412491 1.863346
v 0.000799 2.412491 1.863346
v 0.000799 2.326110 2.313371
v 0.000799 2.315608 2.397921
v 0.087377 2.403726 1.862894
v 0.069653 2.319766 2.313362
v 0.213722 2.462022 1.289679
v 0.293189 2.347921 1.289909
v 0.223380 3.031917 0.298982
v 0.215810 3.059009 0.228257
v 0.336605 2.372578 1.016351
v 0.233664 2.255276 1.857125
v 0.340618 2.240234 1.289780
v 0.332570 2.311927 1.171267
v 0.160258 2.349421 1.861111
v 0.122662 2.278620 2.313327
v 0.066714 2.308307 2.447845
v 0.371589 2.126091 1.387512
v 0.388049 2.132547 1.289650
v 0.371589 2.126091 1.387512
v 0.340618 2.240234 1.289780
v 0.332570 2.311927 1.171267
v 0.336605 2.372578 1.016351
v 0.368112 2.358279 0.883185
v 0.452211 2.145172 0.882883
v 0.413107 1.903136 1.290010
v 0.382183 1.901005 1.449131
v 0.374502 1.752013 1.403770
v 0.463582 2.141753 0.567755
v 0.416542 2.262039 0.652133
v 0.490113 1.887422 0.517480
v -0.302331 1.895614 1.851798
v -0.246163 2.283171 -2.070071
v -0.262519 2.255839 -2.075101
v -0.273664 2.238974 -2.077232
v -0.256108 2.255088 -2.078449
v -0.240911 2.282022 -2.073993
v -0.256556 2.241710 -2.079568
v -0.209438 2.256417 -2.103072
v -0.241133 2.255184 -2.077667
v -0.252079 2.255733 -2.073785
v -0.237507 2.280808 -2.069955
v -0.215207 2.310101 -2.061125
v -0.210204 2.308300 -2.056462
v -0.259998 2.276929 -1.961678
v -0.237507 2.280808 -2.069955
v -0.267207 2.258454 -1.968534
v -0.210204 2.308300 -2.056462
v -0.252079 2.255733 -2.073785
v -0.241133 2.255184 -2.077667
v -0.209438 2.278322 -2.000974
v -0.209438 2.278322 -2.000974
v -0.172760 2.163983 -2.298871
v -0.121052 2.267763 -2.121676
v -0.132325 2.290095 -2.019580
v -0.090883 2.203960 -2.298871
v -0.053404 2.301525 -2.029904
v -0.064676 2.273363 -2.132001
v -0.209438 2.278322 -2.000974
v -0.132325 2.290095 -2.019580
v -0.214535 2.314693 -1.944575
v -0.053404 2.301525 -2.029904
v -0.139288 2.349458 -1.924038
v -0.138206 2.341552 -2.015295
v -0.138206 2.341552 -2.015295
v -0.060759 2.362549 -2.001067
v -0.060759 2.362549 -2.001067
v -0.060832 2.371823 -1.905845
v 0.000799 2.302379 -2.031499
v 0.000799 2.274217 -2.133595
v 0.000799 2.302379 -2.031499
v 0.000799 2.217733 -2.298871
v 0.055002 2.301525 -2.029904
v 0.066274 2.273363 -2.132001
v 0.000799 2.375435 -1.903081
v 0.055002 2.301525 -2.029904
v 0.062431 2.371823 -1.905845
v 0.000799 2.366433 -2.002119
v 0.000799 2.366433 -2.002119
v 0.062359 2.362549 -2.001067
v 0.062359 2.362549 -2.001067
v 0.062335 2.367331 -2.005634
v 0.140888 2.349458 -1.924038
v 0.133924 2.290095 -2.019578
v 0.122651 2.267763 -2.121676
v 0.133924 2.290095 -2.019578
v 0.092482 2.203960 -2.298871
v 0.211036 2.256417 -2.103072
v 0.216134 2.314695 -1.944575
v 0.211036 2.278322 -2.000974
v 0.211036 2.278322 -2.000974
v 0.139804 2.341552 -2.015295
v 0.139804 2.341552 -2.015295
v 0.141003 2.344952 -2.019959
v 0.216806 2.310101 -2.061125
v 0.211804 2.308300 -2.056462
v 0.211804 2.308300 -2.056462
v 0.261598 2.276929 -1.961678
v 0.268807 2.258454 -1.968534
v 0.253677 2.255733 -2.073785
v 0.211036 2.278322 -2.000974
v 0.242732 2.255184 -2.077667
v 0.242732 2.255184 -2.077667
v 0.258155 2.241710 -2.079568
v 0.253677 2.255733 -2.073785
v 0.257708 2.255088 -2.078449
v 0.239105 2.280808 -2.069955
v 0.242510 2.282022 -2.073993
v 0.239105 2.280808 -2.069955
v 0.226036 2.981359 -0.106084
v 0.199685 1.362385 -1.680256
v 0.255147 1.416678 -1.742545
v 0.182549 1.370041 -1.724399
v 0.245793 1.414472 -1.750666
v 0.177690 1.369877 -1.736993
v 0.120571 1.349648 -1.716648
v 0.119174 1.349856 -1.732633
v 0.057537 1.336468 -1.714451
v 0.118887 1.363573 -1.735243
v 0.175937 1.381430 -1.740138
v 0.244347 1.419280 -1.751985
v 0.244781 1.417070 -1.754426
v 0.198967 1.398492 -1.754855
v 0.176982 1.381928 -1.741533
v 0.123112 1.362461 -1.712291
v 0.192966 1.382550 -1.725631
v 0.056669 1.352451 -1.733201
v 0.063374 1.350400 -1.713014
v 0.056843 1.337240 -1.730881
v 0.000110 1.331720 -1.713821
v 0.000114 1.333016 -1.730926
v 0.000143 1.348350 -1.733288
v 0.000136 1.345320 -1.712843
v 0.074594 1.378450 -1.604962
v 0.000000 1.373931 -1.599857
v 0.188100 1.409851 -1.656213
v 0.275436 1.455234 -1.748648
v 0.200441 1.462417 -1.766672
v 0.122144 1.378042 -1.751006
v 0.119043 1.364268 -1.737691
v 0.086312 1.448946 -1.786151
v 0.073563 1.367987 -1.753202
v 0.271589 1.663384 -1.672421
v 0.090191 1.727612 -1.900931
v 0.116057 1.560101 -1.475111
v -0.061831 1.351246 -1.716775
v -0.074013 1.378693 -1.606164
v -0.116057 1.560101 -1.475111
v 0.000000 1.522546 -1.409424
v -0.055294 1.353224 -1.736605
v -0.055562 1.337949 -1.734022
v -0.115488 1.365497 -1.743698
v -0.119629 1.364405 -1.720875
v -0.183479 1.412664 -1.668257
v -0.271227 1.663474 -1.672999
v 0.000000 1.822417 -1.420932
v 0.000000 1.822417 -1.420932
v 0.000005 1.445727 -1.793940
v 0.000000 1.720410 -1.926944
v -0.071704 1.369076 -1.757926
v -0.084966 1.449795 -1.789744
v -0.090191 1.727612 -1.900931
v -0.115640 1.366196 -1.746160
v -0.118610 1.380055 -1.759829
v -0.170870 1.383415 -1.761907
v -0.170722 1.385719 -1.757794
v -0.190590 1.403330 -1.775959
v -0.190604 1.467398 -1.789493
v -0.258663 1.463073 -1.785724
v -0.185825 1.386865 -1.744153
v -0.231909 1.423764 -1.784779
v -0.169757 1.385176 -1.756203
v -0.231355 1.426027 -1.782597
v -0.232400 1.424244 -1.784636
v 0.034849 1.707394 3.485413
v 0.000119 1.993333 3.485413
v 0.000000 1.700792 3.589260
v 0.034849 1.717055 3.548064
v 0.034849 1.707394 3.485413
v 0.000000 1.684939 3.485413
v 0.038960 1.993333 3.485413
v 0.038960 1.993333 3.485413
v 0.000119 1.993333 3.485413
v 0.034849 1.993685 3.548064
v 0.000000 1.993679 3.589260
v 0.038960 1.993333 3.485413
v 0.034849 1.993685 3.548064
v 0.000000 1.993679 3.589260
v 0.000000 1.993679 3.589260
v 0.000000 1.993679 3.589260
v 0.000320 1.993333 3.485413
v 4.170170 1.812924 -0.687522
v 4.170170 1.888597 -0.770972
v 0.867789 1.394383 -0.955678
v 0.867663 1.271051 -0.872229
v 0.867693 1.247566 -0.535628
v 4.178539 1.836013 -0.401239
v 4.198973 1.888597 -0.489890
v 4.191322 1.888597 -0.687522
v 0.867915 1.517714 -0.872229
v 4.170170 1.964270 -0.687522
v 4.191322 1.888597 -0.687522
v 0.269061 1.585276 -0.983884
v 0.269061 1.412231 -1.067335
v 0.269061 1.239185 -0.983884
v 0.269059 1.230335 -0.559926
v 0.867789 1.387334 0.508787
v 0.991545 1.348166 0.075182
v 3.646940 1.775584 -0.022429
v 4.178539 1.836013 -0.401239
v 4.198973 1.888597 -0.270998
v 4.228492 1.874687 -0.369555
v 4.225598 1.874688 -0.420556
v 4.185947 1.864959 -0.042343
v 4.224813 1.903061 -0.419244
v 4.178539 1.941180 -0.401239
v 4.198973 1.888597 -0.489890
v 4.178539 1.941180 -0.401239
v 3.534671 1.870307 -0.645060
v 3.642222 1.885255 -0.610425
v 3.738837 1.900468 -0.550270
v 3.815399 1.906223 -0.466417
v 4.228052 1.902586 -0.371420
v 4.198973 1.888597 -0.270998
v 4.185947 1.912235 -0.042343
v 3.862657 1.905208 -0.378104
v 3.868264 1.906390 -0.367979
v 3.897430 1.897455 -0.256782
v 3.892945 1.890476 -0.197711
v 3.842648 1.904549 -0.414874
v 4.195891 1.888597 -0.042343
v 4.195891 1.888597 -0.042343
v 4.188904 1.901219 0.251241
v 4.188997 1.881549 0.251241
v 4.188997 1.881549 0.251241
v 3.646940 1.818970 0.295061
v 3.646940 1.798880 0.295059
v 3.646940 1.798880 0.295059
v 3.797171 1.857484 0.064049
v 3.855390 1.872108 -0.030110
v 3.711494 1.840953 0.144258
v 3.888316 1.884689 -0.134647
v 3.029727 1.792800 -0.185689
v 3.897430 1.897455 -0.256782
v 3.892945 1.890476 -0.197711
v 3.053424 1.776282 -0.069022
v 3.647695 1.847554 -0.023338
v 3.888316 1.884689 -0.134647
v 3.868264 1.906390 -0.367979
v 3.862657 1.905208 -0.378104
v 3.033371 1.811424 -0.296885
v 3.842648 1.904549 -0.414874
v 3.039998 1.811521 -0.317854
v 3.068007 1.818292 -0.404438
v 3.815399 1.906223 -0.466417
v 3.738837 1.900468 -0.550270
v 3.094048 1.822906 -0.445259
v 3.122695 1.830301 -0.497406
v 3.212017 1.836009 -0.577614
v 3.642222 1.885255 -0.610425
v 3.308631 1.844270 -0.630477
v 3.534671 1.870307 -0.645060
v 3.122695 1.830301 -0.497406
v 3.212017 1.836009 -0.577614
v 3.308631 1.844270 -0.630477
v 0.867884 1.580117 -0.535620
v 3.094048 1.822906 -0.445259
v 3.068007 1.818292 -0.404438
v 3.039998 1.811521 -0.317854
v 0.867850 1.564151 -0.158771
v 3.033371 1.811424 -0.296885
v 0.991545 1.513333 0.075227
v 3.029727 1.792800 -0.185689
v 3.053424 1.776282 -0.069022
v 3.091756 1.777082 -0.001986
v 3.091756 1.777082 -0.001986
v 3.855390 1.872108 -0.030110
v 3.797171 1.857484 0.064049
v 3.711494 1.840953 0.144258
v 3.646940 1.829156 0.178893
v 3.646940 1.829156 0.178893
v 3.646940 1.829156 0.178893
v 3.646940 1.818970 0.295061
v 3.646940 1.798880 0.295059
v 3.646940 1.775584 -0.022429
v 3.646940 1.846802 -0.022398
v 3.646940 1.775584 -0.022429
v 3.646940 1.846802 -0.022398
v 3.646940 1.829341 0.177070
v 3.646940 1.819012 0.295061
v 3.646940 1.798880 0.295059
v 3.646940 1.775584 -0.022429
v 3.646940 1.846802 -0.022398
v 3.086295 1.776396 -0.001785
v 2.070883 1.648602 0.036047
v 2.071024 1.521564 0.036085
v 3.646940 1.798880 0.295059
v 3.646940 1.775584 -0.022429
v 2.071024 1.521564 0.036085
v 3.091756 1.777082 -0.001986
v 0.991545 1.348166 0.075182
v 0.991545 1.513333 0.075227
v 0.993038 1.427811 0.500818
v 0.867790 1.410614 0.508747
v 0.993038 1.427811 0.500818
v 0.269061 1.633045 -0.559926
v 0.269061 1.602978 -0.112890
v 3.414359 1.855523 -0.652351
v 3.414359 1.855523 -0.652351
v 0.269061 1.429705 0.654143
v 0.269061 1.405183 0.653970
v 0.867789 1.387334 0.508787
v 0.991545 1.405657 0.500821
v 0.991545 1.405657 0.500821
v 0.991545 1.405657 0.500821
v 0.269061 1.405183 0.653970
v 3.186497 1.775698 0.118736
v 3.106288 1.776383 0.033060
v 3.646940 1.846802 -0.022398
v 3.279464 1.779952 0.178893
v 3.607588 1.819986 0.197121
v 3.494566 1.802332 0.220820
v 3.385192 1.789144 0.213527
v 3.086295 1.776396 -0.001785
v 3.646940 1.829341 0.177070
v 3.607588 1.819986 0.197121
v 3.646940 1.829341 0.177070
v 3.646940 1.819012 0.295061
v 2.070047 1.586332 0.417937
v 3.385192 1.789144 0.213527
v 3.494566 1.802332 0.220820
v 3.279464 1.779952 0.178893
v 3.186497 1.775698 0.118736
v 2.070883 1.648602 0.036047
v 3.106288 1.776383 0.033060
v 2.071024 1.521564 0.036085
v 3.086295 1.776396 -0.001785
v 2.070762 1.565366 0.417939
v 1.379832 2.001906 3.363548
v 1.500323 2.030638 2.983444
v 1.476182 2.001901 3.368104
v 1.379832 1.995417 3.363548
v 0.423907 1.992837 3.339599
v 1.379832 2.030638 2.980009
v 0.423907 2.004485 3.339599
v 1.558624 1.998662 2.983444
v 1.534492 1.998662 3.368000
v 1.475055 2.041848 2.748655
v 1.476182 1.995420 3.368104
v 1.476182 1.995420 3.368104
v 1.500323 1.966684 2.983444
v 1.379832 1.995417 3.363548
v 1.379832 1.966684 2.980009
v 0.423907 1.992837 3.339599
v 0.181609 1.992902 3.336596
v 0.426153 1.940522 2.954091
v 0.181609 1.992902 3.336596
v 0.181609 2.004420 3.336596
v 0.426153 2.056800 2.954091
v 0.426153 2.056800 2.954091
v 1.379832 1.966684 2.980009
v 1.379832 2.030638 2.980009
v 1.379832 2.030638 2.980009
v 1.379832 1.955474 2.701109
v 1.379832 2.041848 2.701109
v 1.379832 2.041848 2.701109
v 1.533358 1.998662 2.657286
v 1.475055 1.955474 2.748655
v 1.533358 1.998662 2.657286
v 0.426153 1.940522 2.954091
v 0.134472 1.940522 2.948563
v 0.134472 2.056800 2.948563
v 0.134472 1.940522 2.948563
v 0.181609 2.004420 3.336596
v 0.134472 2.056800 2.948563
v 0.134472 2.056800 2.948563
v 1.379832 1.955474 2.701109
v 1.379832 1.998662 2.609737
v 0.429316 1.920141 2.565982
v 0.426152 1.940522 2.953854
v 1.379832 1.966684 2.979771
v 1.379832 1.998662 2.609737
v 1.379832 2.041848 2.701109
v 1.379832 1.955474 2.701109
v 1.379832 1.966684 2.979771
v 1.379832 2.030638 2.979771
v 0.426152 2.056800 2.953854
v 1.379832 1.998662 2.609737
v 0.429316 2.077181 2.565981
v 0.429316 1.998662 2.474611
v 0.116879 1.920141 2.482782
v 0.134473 1.940522 2.948563
v 0.426152 2.056800 2.953854
v 1.379832 2.030638 2.979771
v 0.134473 2.056800 2.948563
v 0.134473 2.056800 2.948563
v 0.116879 2.077181 2.482782
v 0.116879 1.998662 2.391411
v 0.084086 1.940522 2.855548
v 0.084086 1.940522 2.855548
v 0.084086 2.056800 2.855549
v 0.084086 2.056800 2.855549
v -0.429316 1.998662 2.474611
v -0.429316 1.920141 2.565982
v -0.116879 1.920141 2.482782
v -1.379832 1.998662 2.609737
v -0.429316 2.077181 2.565981
v -0.116879 1.998662 2.391411
v -0.116879 2.077181 2.482782
v -0.134473 1.940522 2.948563
v -0.426152 1.940522 2.952709
v -1.379832 1.955474 2.701109
v -0.084086 1.940522 2.855550
v -0.134473 1.940522 2.948563
v -0.426152 1.940522 2.952709
v -0.181607 1.992902 3.336596
v -0.134473 2.056800 2.948563
v -0.084086 1.940522 2.855550
v -0.134473 2.056800 2.948563
v -0.426152 1.940522 2.952709
v -0.134473 1.940522 2.948563
v -0.134473 2.056800 2.948563
v -0.426152 2.056800 2.952709
v -0.423905 1.992837 3.339599
v -1.379832 1.966684 2.978626
v -1.379832 1.966684 2.978626
v -1.379832 2.030638 2.978626
v -0.426152 2.056800 2.952709
v -1.379832 1.966684 2.978626
v -1.379832 1.955474 2.701109
v -1.475055 1.955474 2.748655
v -1.379832 1.955474 2.701109
v -1.379832 2.041848 2.701109
v -1.379832 1.966684 2.978626
v -1.533358 1.998662 2.657286
v -1.379832 1.998662 2.609737
v -1.379832 2.030638 2.978626
v -1.379832 2.041848 2.701109
v -1.533358 1.998662 2.657286
v -1.379832 1.998662 2.609737
v -1.379832 2.041848 2.701109
v -0.134473 2.056800 2.948563
v -0.426152 2.056800 2.952709
v -0.084086 2.056800 2.855549
v -0.181607 2.004420 3.336596
v -0.084086 2.056800 2.855549
v -0.426152 2.056800 2.952709
v -0.134473 2.056800 2.948563
v -0.181607 2.004420 3.336596
v -0.181607 1.992902 3.336596
v -0.423905 1.992837 3.339599
v -1.379832 1.995417 3.363548
v -1.379832 1.995417 3.363548
v -0.423905 2.004485 3.339599
v -1.500322 1.966684 2.983444
v -1.379832 2.030638 2.978626
v -1.379832 2.030638 2.978626
v -1.379832 2.030638 2.978626
v -1.475055 2.041848 2.748655
v -1.500322 2.030638 2.983444
v -1.379832 2.001906 3.363548
v -1.558624 1.998662 2.983444
v -1.534491 1.998662 3.368000
v -1.476181 1.995420 3.368104
v -1.476181 1.995420 3.368104
v -1.476181 2.001901 3.368104
v -4.229028 1.874687 -0.369555
v -4.179075 1.836013 -0.401239
v -4.226135 1.874688 -0.420556
v -4.199510 1.888597 -0.270998
v -4.228588 1.902586 -0.371420
v -4.199510 1.888597 -0.489890
v -4.186484 1.864959 -0.042343
v -3.648291 1.775584 -0.022429
v -4.179075 1.836013 -0.401239
v -0.868229 1.247566 -0.535628
v -4.170706 1.812924 -0.687522
v -4.225350 1.903061 -0.419244
v -4.179075 1.941180 -0.401239
v -4.186484 1.912235 -0.042343
v -4.199510 1.888597 -0.270998
v -4.179075 1.941180 -0.401239
v -4.196428 1.888597 -0.042343
v -4.196428 1.888597 -0.042343
v -4.189533 1.881549 0.251241
v -3.647476 1.846802 -0.022398
v -0.992081 1.513333 0.075227
v -3.648291 1.775584 -0.022429
v -3.647476 1.818970 0.295061
v -0.992081 1.348166 0.075182
v -0.992081 1.348166 0.075182
v -3.647476 1.798880 0.295059
v -3.647476 1.798880 0.295059
v -0.868325 1.387334 0.508787
v -0.868199 1.271051 -0.872229
v -0.269595 1.230335 -0.559926
v -0.868325 1.394383 -0.955678
v -4.170706 1.888597 -0.770972
v -4.191860 1.888597 -0.687522
v -4.170706 1.964270 -0.687522
v -4.199510 1.888597 -0.489890
v -4.191860 1.888597 -0.687522
v -0.868386 1.564151 -0.158771
v -3.647476 1.846802 -0.022398
v -0.868420 1.580117 -0.535620
v -4.189440 1.901219 0.251241
v -4.189533 1.881549 0.251241
v -3.647476 1.818970 0.295061
v -3.647476 1.798880 0.295059
v -0.992081 1.513333 0.075227
v -0.991448 1.427811 0.500818
v -0.868326 1.410614 0.508747
v -0.991448 1.427811 0.500818
v -0.991804 1.405657 0.500821
v -0.991804 1.405657 0.500821
v -0.269595 1.405183 0.653970
v -0.269595 1.405183 0.653970
v -0.868325 1.387334 0.508787
v -0.991804 1.405657 0.500821
v -0.269595 1.239185 -0.983884
v -0.868451 1.517714 -0.872229
v -0.269595 1.585276 -0.983884
v -0.269595 1.412231 -1.067335
v -0.269595 1.633045 -0.559926
v -0.269595 1.602978 -0.112890
v -0.269595 1.429705 0.654143
v -0.603316 2.080163 -1.567802
v -0.561851 2.080163 -1.647338
v -0.581983 2.130965 -1.562368
v -0.611803 2.080163 -1.438248
v -0.581983 2.029363 -1.562368
v -0.545183 2.130965 -1.633232
v -0.483318 2.080163 -1.691614
v -0.545183 2.029363 -1.633232
v -0.530480 2.152009 -1.549248
v -0.590301 2.130965 -1.438248
v -0.590301 2.029363 -1.438248
v -0.538396 2.008319 -1.438248
v -0.590301 2.029363 -1.438248
v -0.611803 2.080163 -1.438248
v -0.590301 2.130965 -1.438248
v -0.530480 2.008319 -1.549248
v -0.475192 2.029363 -1.672749
v -0.504948 2.008319 -1.599175
v -0.475192 2.130965 -1.672749
v -0.395216 2.080163 -1.704911
v -0.504948 2.152009 -1.599175
v -0.464709 2.130965 -1.565118
v -0.478975 2.130965 -1.536128
v -0.538396 2.152009 -1.438247
v -0.538396 2.152009 -1.438247
v -0.538396 2.008319 -1.438248
v -0.478975 2.029361 -1.536128
v -0.486490 2.029363 -1.438248
v -0.486490 2.130965 -1.438248
v -0.464989 2.080163 -1.438248
v -0.486490 2.029363 -1.438248
v -0.464709 2.029363 -1.565118
v -0.455577 2.008319 -1.627208
v -0.394721 2.029363 -1.684668
v -0.394721 2.130965 -1.684668
v -0.455577 2.152009 -1.627208
v -0.448044 2.080163 -1.551010
v -0.435963 2.130965 -1.581666
v -0.457641 2.080163 -1.530694
v -0.486490 2.130965 -1.438248
v -0.464989 2.080163 -1.438248
v -0.464989 2.080163 -1.438248
v -0.457641 2.080163 -1.530694
v -0.448044 2.080163 -1.551010
v -0.435963 2.029363 -1.581666
v -0.393524 2.008319 -1.635797
v -0.427838 2.080163 -1.562802
v -0.392328 2.029363 -1.586924
v -0.427838 2.080163 -1.562802
v -0.393524 2.152009 -1.635797
v -0.392328 2.130965 -1.586924
v -0.391833 2.080163 -1.566682
v -0.391833 2.080163 -1.566682
v 0.000000 2.572232 1.213138
v -0.030379 2.563039 1.256113
v -0.061410 2.570563 1.225127
v 0.000000 2.563817 1.198215
v 0.061411 2.570563 1.225127
v 0.030379 2.563039 1.256113
v 0.000000 2.566896 1.239190
v -0.028569 2.648573 1.282100
v -0.039484 2.550787 1.312982
v -0.021958 2.648805 1.256654
v -0.084379 2.549942 1.313774
v -0.071412 2.560364 1.215138
v 0.071412 2.560364 1.215138
v 0.000000 2.523243 1.197249
v 0.084377 2.549944 1.313774
v 0.021958 2.648805 1.256654
v 0.028569 2.648573 1.282100
v 0.039484 2.550787 1.312982
v 0.000000 2.648805 1.243146
v -0.019047 2.753330 1.268943
v -0.013850 2.753330 1.256431
v -0.020827 2.648366 1.312148
v -0.013850 2.753330 1.283616
v -0.028822 2.538752 1.366154
v -0.097622 2.537867 1.314001
v -0.061449 2.530910 1.399115
v -0.072850 2.520105 1.214220
v 0.072848 2.520110 1.214224
v 0.097622 2.537876 1.314008
v 0.061449 2.530910 1.399115
v 0.028822 2.538752 1.366154
v 0.020826 2.648366 1.312148
v 0.013849 2.753330 1.283616
v 0.019046 2.753330 1.268943
v 0.013849 2.753330 1.256431
v 0.000000 2.753330 1.248360
v -0.009498 3.160655 1.261551
v -0.006854 3.160652 1.255434
v -0.006854 3.160655 1.268542
v 0.000000 3.160657 1.271552
v 0.000000 2.753330 1.289527
v 0.000000 2.648276 1.323800
v 0.000000 2.527023 1.414998
v 0.000000 2.533677 1.386773
v -0.071412 2.516089 1.409169
v 0.000000 2.512190 1.429797
v -0.099586 2.501827 1.313401
v -0.072850 2.484216 1.408871
v 0.071412 2.516105 1.409181
v 0.000000 2.480398 1.429553
v 0.072848 2.484204 1.408862
v 0.099585 2.501827 1.313401
v 0.006854 3.160663 1.268547
v 0.009497 3.160663 1.261555
v 0.006854 3.160663 1.255440
v 0.000000 3.160659 1.251722
v 0.055184 1.473805 -1.596116
v -0.059917 1.510802 -1.561931
v 0.061551 1.510813 -1.561965
v -0.054919 1.473806 -1.596133
v 0.040897 1.426981 -1.623437
v 0.067655 1.444538 -1.640885
v 0.089988 1.492757 -1.614447
v -0.061644 1.531232 -1.520706
v -0.113220 1.532981 -1.577460
v -0.102980 1.493209 -1.616029
v 0.063755 1.531232 -1.520706
v 0.099946 1.532888 -1.577174
v 0.055185 1.510640 -1.629515
v 0.061556 1.554467 -1.590861
v 0.040898 1.461165 -1.655499
v -0.006575 1.423004 -1.653179
v -0.043533 1.427122 -1.624057
v -0.080031 1.445385 -1.644146
v -0.074826 1.554543 -1.591093
v -0.068418 1.510855 -1.630195
v -0.116653 1.561085 -1.529530
v -0.069855 1.530175 -1.353963
v 0.074263 1.530175 -1.353963
v 0.103380 1.561085 -1.529530
v 0.061556 1.554467 -1.590861
v 0.055185 1.510640 -1.629515
v 0.063755 1.590936 -1.538355
v 0.063755 1.590936 -1.538355
v -0.053743 1.461635 -1.657248
v 0.040898 1.461165 -1.655499
v -0.077026 1.590936 -1.538355
v 0.074263 1.616141 -1.338940
v 0.074263 1.616141 -1.338940
v -0.133074 1.573158 -1.346452
v -0.087534 1.616141 -1.338940
v 0.119803 1.573158 -1.346452
v -0.201777 2.469161 -0.271133
v -0.242902 2.469513 -0.251936
v -0.249468 2.469513 -0.262183
v -0.201775 2.469143 -0.287259
v -0.162625 2.468873 -0.293104
v -0.290238 2.469807 -0.213858
v -0.276489 2.469812 -0.206710
v -0.258960 2.376840 -0.291079
v -0.281408 2.377387 -0.265256
v -0.162624 2.468848 -0.307490
v -0.166683 2.395341 -0.333327
v -0.111021 2.468492 -0.305895
v -0.111019 2.468478 -0.320280
v -0.062127 2.409541 -0.353265
v -0.062127 2.468133 -0.318317
v -0.062127 2.468118 -0.332703
v -0.015186 2.467762 -0.334173
v 0.000000 2.413580 -0.353348
v -0.015186 2.467787 -0.319787
v 0.000000 2.467672 -0.320238
v 0.000000 2.467672 -0.334622
v 0.062127 2.409541 -0.353265
v 0.015187 2.467787 -0.334170
v 0.015187 2.467787 -0.319787
v 0.062127 2.468133 -0.332702
v 0.166683 2.395341 -0.333327
v 0.111019 2.468492 -0.320278
v 0.062127 2.468133 -0.318317
v 0.111019 2.468492 -0.305895
v 0.162624 2.468873 -0.307488
v 0.201778 2.469161 -0.287257
v 0.258957 2.376819 -0.291082
v 0.162624 2.468873 -0.293104
v 0.249469 2.469513 -0.262183
v 0.201778 2.469161 -0.271133
v 0.281405 2.377379 -0.265256
v 0.290240 2.469812 -0.213856
v 0.242902 2.469513 -0.251936
v 0.303852 2.377926 -0.239432
v 0.307128 2.403292 -0.203445
v 0.276489 2.469812 -0.206710
v 0.296821 2.469870 -0.175436
v 0.301241 2.449812 -0.181967
v 0.297142 2.467924 -0.175806
v 0.285519 2.469870 -0.171024
v -0.303855 2.377933 -0.239432
v -0.307128 2.403292 -0.203445
v -0.296819 2.469870 -0.175436
v -0.297144 2.467924 -0.175806
v -0.301239 2.449812 -0.181967
v -0.285519 2.469870 -0.171024
v -0.171146 1.488163 -1.610960
v -0.203746 1.569166 -1.495919
v -0.220913 1.494166 -1.641182
v -0.149910 1.433195 -1.680306
v -0.126349 1.436080 -1.660287
v -0.122864 1.436403 -1.571492
v -0.161330 1.477656 -1.518931
v -0.276235 1.570698 -1.493422
v -0.225888 1.658999 -1.362743
v -0.200531 1.588187 -1.318063
v -0.238804 1.398283 -1.532639
v -0.151728 1.352475 -1.588620
v -0.087226 1.413649 -1.679917
v -0.088528 1.337546 -1.601872
v -0.073720 1.420735 -1.668040
v -0.074648 1.428676 -1.581074
v 0.000103 1.400166 -1.683223
v 0.000001 1.325597 -1.610715
v 0.000072 1.408912 -1.673689
v 0.000001 1.417513 -1.590870
v 0.089126 1.412595 -1.675258
v 0.075054 1.420016 -1.664827
v 0.089157 1.337295 -1.600607
v 0.153689 1.430971 -1.670674
v 0.128663 1.434827 -1.654697
v 0.074808 1.428630 -1.580806
v 0.172051 1.487662 -1.608745
v 0.123214 1.436271 -1.570806
v 0.152834 1.351975 -1.586225
v 0.224564 1.491941 -1.631659
v 0.203749 1.569166 -1.495919
v 0.161332 1.477656 -1.518931
v 0.238896 1.398264 -1.532507
v 0.276238 1.570698 -1.493422
v 0.225891 1.658999 -1.362744
v 0.200534 1.588187 -1.318063
v 0.295695 1.468621 -1.416274
v 0.319665 1.529718 -1.317963
v 0.306251 1.661206 -1.363924
v -0.295691 1.468621 -1.416274
v -0.319852 1.529751 -1.317980
v -0.306534 1.661257 -1.363949
v -0.299742 1.541306 -1.545471
v -0.245550 1.629534 -1.428991
v -0.225368 1.545198 -1.528379
v -0.322431 1.630269 -1.429863
v -0.299100 1.620956 -1.618448
v -0.227745 1.485755 -1.703622
v -0.148577 1.671277 -1.609130
v -0.172802 1.774287 -1.496772
v -0.182806 1.484913 -1.637481
v -0.222032 1.554546 -1.750826
v -0.142296 1.419266 -1.698636
v -0.322363 1.728840 -1.465849
v -0.110506 1.429040 -1.672824
v 0.000135 1.384660 -1.692765
v -0.142107 1.491076 -1.776509
v -0.088158 1.603558 -1.683405
v 0.000000 1.588946 -1.705231
v 0.000084 1.404846 -1.677754
v 0.112758 1.427806 -1.667341
v 0.146440 1.416854 -1.688148
v 0.145925 1.488970 -1.767167
v 0.000003 1.460163 -1.778936
v 0.088160 1.603559 -1.683405
v 0.184982 1.483517 -1.631612
v 0.230977 1.550807 -1.732290
v 0.237676 1.480645 -1.680359
v 0.148581 1.671278 -1.609130
v 0.225370 1.545197 -1.528379
v 0.299633 1.541270 -1.545403
v 0.299292 1.620728 -1.617579
v 0.245553 1.629535 -1.428991
v 0.172804 1.774287 -1.496772
v 0.321921 1.630178 -1.429819
v 0.321921 1.728759 -1.465810
v -0.441626 1.261132 -0.467072
v -0.431899 1.276241 -0.770943
v -0.654669 0.928182 -0.764170
v -0.662576 0.915965 -0.518196
v -0.690237 0.931441 -0.485072
v -0.469516 1.276250 -0.426757
v -0.457253 1.295300 -0.809855
v -0.680389 0.946987 -0.796141
v -0.680389 0.946987 -0.796141
v -0.690237 0.931441 -0.485072
v -0.715777 0.950211 -0.518196
v -0.494826 1.295377 -0.467072
v -0.715777 0.950211 -0.518196
v -0.494826 1.295377 -0.467072
v -0.485099 1.310488 -0.770943
v -0.485099 1.310488 -0.770943
v -0.708158 0.962613 -0.764170
v -0.708158 0.962613 -0.764170
v -0.715777 0.950211 -0.518196
v -0.494826 1.295377 -0.467072
v 0.795285 0.806538 -0.758610
v 1.127383 0.287984 -0.761480
v 0.796992 0.803890 -0.681778
v 1.111884 0.278844 -0.773378
v 0.776993 0.795954 -0.775566
v 1.128529 0.286204 -0.725683
v 1.127383 0.287984 -0.761480
v 1.111884 0.278844 -0.773378
v 1.128529 0.286204 -0.725683
v 1.113810 0.275851 -0.713175
v 0.779802 0.791590 -0.664211
v 1.113810 0.275851 -0.713175
v 0.759786 0.783686 -0.758610
v 1.097148 0.268522 -0.761480
v 1.097148 0.268522 -0.761480
v 1.098294 0.266742 -0.725683
v 0.761489 0.781038 -0.681778
v 0.759786 0.783686 -0.758610
v 0.526156 1.137835 -0.745571
v 0.933131 0.508704 -0.678991
v 0.930430 0.512902 -0.763414
v 0.950173 0.530057 -0.789099
v 0.547229 1.155209 -0.777542
v 0.531197 1.129938 -0.566049
v 0.954550 0.523259 -0.652380
v 0.973615 0.544656 -0.763416
v 0.976316 0.540457 -0.678992
v 0.973615 0.544656 -0.763416
v 0.570698 1.169347 -0.745573
v 0.976316 0.540457 -0.678992
v 0.576000 1.161619 -0.566050
v 0.976316 0.540457 -0.678992
v 0.576000 1.161619 -0.566050
v 0.554498 1.144168 -0.532925
v -0.570701 1.169347 -0.745573
v -0.576002 1.161619 -0.566050
v -0.976318 0.540457 -0.678992
v -0.973615 0.544656 -0.763416
v -0.547229 1.155209 -0.777542
v -0.954552 0.523260 -0.652380
v -0.976318 0.540457 -0.678992
v -0.576002 1.161619 -0.566050
v -0.554498 1.144168 -0.532925
v -0.976318 0.540457 -0.678992
v -0.950177 0.530059 -0.789100
v -0.973615 0.544656 -0.763416
v -0.526156 1.137835 -0.745571
v -0.930431 0.512903 -0.763415
v -0.933132 0.508705 -0.678991
v -0.531197 1.129938 -0.566049
v 0.431899 1.276241 -0.770943
v 0.654669 0.928182 -0.764170
v 0.680389 0.946987 -0.796141
v 0.457254 1.295300 -0.809855
v 0.441626 1.261132 -0.467072
v 0.662577 0.915965 -0.518196
v 0.680389 0.946987 -0.796141
v 0.485099 1.310488 -0.770943
v 0.708157 0.962613 -0.764170
v 0.690237 0.931441 -0.485072
v 0.715777 0.950211 -0.518196
v 0.708157 0.962613 -0.764170
v 0.469516 1.276250 -0.426757
v 0.494826 1.295377 -0.467072
v 0.485099 1.310488 -0.770943
v 0.690237 0.931441 -0.485072
v 0.494826 1.295377 -0.467072
v 0.715777 0.950211 -0.518196
v 0.715777 0.950211 -0.518196
v 0.494826 1.295377 -0.467072
v 1.074189 0.416279 -1.002559
v 1.074189 0.246679 -1.002559
v 1.120484 0.440387 -1.076755
v 1.120484 0.616605 -0.948726
v 1.074189 0.553489 -0.902870
v 1.074189 0.331479 -0.741571
v 1.074189 0.416279 -1.002559
v 1.074189 0.553489 -0.902870
v 1.074189 0.246679 -1.002559
v 1.074189 0.109469 -0.902870
v 1.120484 0.222571 -1.076755
v 1.074189 0.109469 -0.902870
v 1.200336 0.217954 -1.090966
v 1.200336 0.445004 -1.090966
v 1.120484 0.683914 -0.741571
v 1.200336 0.628693 -0.957509
v 1.074189 0.605898 -0.741571
v 1.074189 0.605898 -0.741571
v 1.074189 0.057060 -0.741571
v 1.074189 0.109469 -0.580273
v 1.074189 0.553489 -0.580273
v 1.074189 0.416279 -0.480584
v 1.074189 0.246679 -0.480584
v 1.120484 0.046353 -0.948726
v 1.074189 0.057060 -0.741571
v 1.200336 0.034265 -0.957509
v 1.280186 0.440387 -1.076755
v 1.280186 0.222571 -1.076755
v 1.280186 0.616605 -0.948726
v 1.200336 0.698856 -0.741571
v 1.280186 0.683914 -0.741571
v 1.120484 0.616605 -0.534416
v 1.074189 0.553489 -0.580273
v 1.120484 0.440387 -0.406387
v 1.074189 0.416279 -0.480584
v 1.120484 0.222571 -0.406387
v 1.074189 0.246679 -0.480584
v 1.120484 0.046353 -0.534416
v 1.074189 0.109469 -0.580273
v 1.120484 -0.020955 -0.741571
v 1.074189 0.057060 -0.741571
v 1.120484 -0.020955 -0.741571
v 1.200336 -0.035896 -0.741571
v 1.280186 0.046353 -0.948726
v 1.326482 0.109469 -0.902870
v 1.326482 0.246679 -1.002559
v 1.326482 0.416279 -1.002559
v 1.326482 0.553489 -0.902870
v 1.280186 0.616605 -0.534416
v 1.326482 0.605898 -0.741571
v 1.200336 0.628693 -0.525634
v 1.200336 0.445004 -0.392176
v 1.200336 0.217954 -0.392176
v 1.200336 0.034265 -0.525634
v 1.200336 -0.035896 -0.741571
v 1.280186 -0.020955 -0.741571
v 1.280186 -0.020955 -0.741571
v 1.326482 0.057060 -0.741571
v 1.326482 0.246679 -1.002559
v 1.326482 0.109469 -0.902870
v 1.326482 0.331479 -0.741571
v 1.326482 0.057060 -0.741571
v 1.326482 0.416279 -1.002559
v 1.326482 0.553489 -0.902870
v 1.326482 0.605898 -0.741571
v 1.326482 0.553489 -0.580273
v 1.326482 0.553489 -0.580273
v 1.280186 0.440387 -0.406387
v 1.280186 0.222571 -0.406387
v 1.280186 0.046353 -0.534416
v 1.326482 0.109469 -0.580273
v 1.326482 0.057060 -0.741571
v 1.326482 0.109469 -0.580273
v 1.326482 0.246679 -0.480584
v 1.326482 0.416279 -0.480584
v 1.326482 0.416279 -0.480584
v 1.326482 0.246679 -0.480584
v -1.200336 0.217954 -0.392176
v -1.120484 0.046353 -0.534416
v -1.200336 0.034265 -0.525634
v -1.120484 0.222571 -0.406387
v -1.200336 0.445004 -0.392176
v -1.280190 0.046353 -0.534416
v -1.280190 0.222571 -0.406387
v -1.120484 -0.020955 -0.741571
v -1.074187 0.246679 -0.480584
v -1.074187 0.109469 -0.580273
v -1.200336 -0.035896 -0.741571
v -1.280190 -0.020955 -0.741571
v -1.326482 0.246679 -0.480584
v -1.326482 0.109469 -0.580273
v -1.326482 0.416279 -0.480584
v -1.280190 0.440387 -0.406387
v -1.120484 0.440387 -0.406387
v -1.200336 0.628693 -0.525634
v -1.074187 0.416279 -0.480584
v -1.074187 0.246679 -0.480584
v -1.074187 0.331479 -0.741571
v -1.074187 0.109469 -0.580273
v -1.074187 0.416279 -0.480584
v -1.074187 0.057060 -0.741571
v -1.074187 0.057060 -0.741571
v -1.120484 -0.020955 -0.741571
v -1.120484 0.046353 -0.948726
v -1.200336 -0.035896 -0.741571
v -1.074187 0.057060 -0.741571
v -1.200336 0.034265 -0.957509
v -1.280190 0.046353 -0.948726
v -1.280190 -0.020955 -0.741571
v -1.326482 0.057060 -0.741571
v -1.326482 0.057060 -0.741571
v -1.326482 0.057060 -0.741571
v -1.326482 0.331479 -0.741571
v -1.326482 0.109469 -0.580273
v -1.326482 0.246679 -0.480584
v -1.326482 0.416279 -0.480584
v -1.326482 0.553489 -0.580273
v -1.326482 0.553489 -0.580273
v -1.280190 0.616605 -0.534416
v -1.120484 0.616605 -0.534416
v -1.200336 0.698856 -0.741571
v -1.074187 0.553489 -0.580273
v -1.074187 0.553489 -0.580273
v -1.074187 0.246679 -1.002559
v -1.074187 0.109469 -0.902870
v -1.074187 0.605898 -0.741571
v -1.074187 0.553489 -0.902870
v -1.074187 0.416279 -1.002559
v -1.074187 0.109469 -0.902870
v -1.120484 0.222571 -1.076755
v -1.200336 0.217954 -1.090966
v -1.280190 0.222571 -1.076755
v -1.326482 0.109469 -0.902870
v -1.326482 0.109469 -0.902870
v -1.326482 0.416279 -1.002559
v -1.326482 0.553489 -0.902870
v -1.326482 0.605898 -0.741571
v -1.326482 0.246679 -1.002559
v -1.326482 0.605898 -0.741571
v -1.280190 0.683914 -0.741571
v -1.120484 0.683914 -0.741571
v -1.200336 0.628693 -0.957509
v -1.074187 0.605898 -0.741571
v -1.074187 0.553489 -0.902870
v -1.120484 0.616605 -0.948726
v -1.074187 0.416279 -1.002559
v -1.120484 0.440387 -1.076755
v -1.074187 0.246679 -1.002559
v -1.200336 0.445004 -1.090966
v -1.280190 0.440387 -1.076755
v -1.326482 0.246679 -1.002559
v -1.326482 0.416279 -1.002559
v -1.280190 0.616605 -0.948726
v -1.326482 0.553489 -0.902870
v -0.055037 2.749357 0.065791
v -0.072559 2.715346 0.065240
v -0.065807 2.718837 0.054696
v -0.060642 2.749117 0.077516
v -0.029475 2.770881 0.073146
v -0.055037 2.749357 0.065791
v -0.000604 2.715774 0.048947
v -0.029475 2.770881 0.073146
v -0.065807 2.718837 0.054696
v -0.064920 2.680670 0.052118
v -0.058903 2.687497 0.042835
v -0.058903 2.687497 0.042835
v 0.055352 2.682192 0.037882
v 0.029793 2.660670 0.030526
v -0.003709 2.653912 0.028881
v 0.036489 2.767819 0.070286
v 0.004025 2.777639 0.074791
v 0.059219 2.744056 0.060837
v -0.036174 2.663732 0.033386
v 0.066122 2.712714 0.048976
v -0.032361 2.772927 0.085654
v 0.036489 2.767819 0.070286
v 0.004701 2.780403 0.087474
v 0.059219 2.744056 0.060837
v 0.040621 2.769541 0.082489
v 0.066122 2.712714 0.048976
v 0.065770 2.743247 0.072034
v 0.055352 2.682192 0.037882
v 0.073409 2.708572 0.058912
v 0.029793 2.660670 0.030526
v 0.061492 2.674804 0.046637
v 0.033211 2.650988 0.038500
v -0.036174 2.663732 0.033386
v -0.003853 2.643515 0.036679
v -0.039770 2.654376 0.041663
v 0.094637 1.683583 2.786456
v 0.597978 1.949387 2.786456
v 0.084027 1.703673 2.783369
v 0.593111 1.958603 2.863157
v 0.089770 1.692800 2.863157
v 0.587370 1.969478 2.783369
v 0.079162 1.712889 2.860069
v 0.582503 1.978694 2.860069
v 0.089770 1.692800 2.863157
v 0.593111 1.958603 2.863157
v 0.992999 1.347868 0.075997
v 0.991545 1.427750 0.500818
v 0.992815 1.513073 0.075941
v 0.992376 1.405657 0.500821
v 2.070047 1.521764 0.036643
v 0.992815 1.513073 0.075941
v 0.992999 1.347868 0.075997
v 2.070047 1.565366 0.417939
v 2.069595 1.586374 0.417934
v 2.070047 1.648774 0.036631
v 2.070047 1.648774 0.036631
v 2.070047 1.521764 0.036643
v -1.111888 0.278844 -0.773378
v -0.759786 0.783686 -0.758610
v -0.776994 0.795956 -0.775566
v -1.097152 0.268523 -0.761480
v -1.111888 0.278844 -0.773378
v -1.127383 0.287984 -0.761480
v -1.128529 0.286204 -0.725683
v -0.795285 0.806538 -0.758610
v -1.127383 0.287984 -0.761480
v -1.113814 0.275851 -0.713175
v -1.098295 0.266743 -0.725683
v -1.097152 0.268523 -0.761480
v -0.761490 0.781038 -0.681778
v -0.759786 0.783686 -0.758610
v -1.113814 0.275851 -0.713175
v -0.779803 0.791590 -0.664211
v -0.796990 0.803890 -0.681778
v -1.128529 0.286204 -0.725683
v -3.647476 1.775584 -0.021654
v -2.071248 1.648774 0.036421
v -3.645820 1.846802 -0.021344
v -2.070995 1.521764 0.036573
v -3.646756 1.819012 0.295061
v -3.647476 1.775584 -0.021654
v -3.646814 1.798880 0.295059
v -3.647476 1.775584 -0.021654
v -2.070995 1.521764 0.036573
v -2.070995 1.521764 0.036573
v -2.070582 1.586332 0.417937
v -2.070760 1.565366 0.417939
v -0.992081 1.427750 0.500818
v -0.992707 1.348166 0.075866
v -0.992450 1.513333 0.076740
v -0.992608 1.405657 0.500821
v -2.070088 1.586374 0.417934
v -2.070582 1.565366 0.417939
v -0.992707 1.348166 0.075866
v -0.992450 1.513333 0.076740
v -2.069850 1.521764 0.037022
v -2.070582 1.648774 0.036602
v -2.070582 1.648774 0.036602
v -2.069850 1.521764 0.037022
v -0.597979 1.949387 2.786456
v -0.084028 1.703673 2.783369
v -0.587370 1.969478 2.783369
v -0.094637 1.683583 2.786456
v -0.593111 1.958603 2.863157
v -0.079162 1.712889 2.860069
v -0.582502 1.978694 2.860069
v -0.089771 1.692800 2.863157
v -0.593111 1.958603 2.863157
v -0.089771 1.692800 2.863157
v 0.298049 2.553432 -0.203699
v 0.226036 2.981359 -0.106084
v 0.295548 2.530022 -0.236666
v 0.292161 2.599952 -0.182220
v 0.207468 2.992987 -0.130705
v 0.256765 2.528556 -0.280773
v 0.166103 2.546880 -0.322104
v 0.140170 2.998434 -0.157013
v 0.062899 2.561007 -0.341716
v 0.062895 3.001651 -0.180085
v 0.000799 2.566408 -0.341716
v 0.000799 3.001712 -0.179734
v -0.061299 2.561007 -0.341716
v -0.061296 3.001651 -0.180085
v -0.138598 2.998421 -0.156985
v -0.164503 2.546880 -0.322104
v -0.206285 2.992793 -0.130280
v -0.255165 2.528556 -0.280773
v -0.293949 2.530022 -0.236666
v -0.225076 2.981062 -0.105431
v -0.290563 2.599952 -0.182220
v -0.296450 2.553432 -0.203699
vn 0.3438 0.1059 0.9331
vn 0.4341 0.1202 0.8928
vn 0.8865 0.3874 -0.2532
vn 0.2184 0.0814 0.9725
vn 0.1179 0.0666 0.9908
vn 0.2775 0.0841 0.9570
vn 0.8818 0.4511 -0.1375
vn 0.9098 0.2773 -0.3090
vn 0.4781 0.1166 0.8706
vn 0.9100 0.1641 -0.3808
vn 0.3453 0.1032 0.9328
vn -0.2195 -0.0356 -0.9750
vn -0.2013 -0.0365 -0.9789
vn -0.0591 -0.0211 -0.9980
vn 0.9144 0.4041 -0.0243
vn 0.2488 0.0054 0.9685
vn -0.1253 -0.0213 0.9919
vn -0.9301 -0.1746 0.3231
vn -0.9738 -0.1301 0.1864
vn -0.8179 -0.3699 0.4407
vn -0.8811 -0.2751 0.3847
vn 0.2946 -0.0293 0.9552
vn 0.5150 0.1149 0.8494
vn -0.3288 -0.1033 -0.9387
vn -0.3160 -0.1386 -0.9386
vn 0.7887 -0.5358 -0.3015
vn -0.3939 -0.1258 -0.9105
vn -0.2990 -0.0960 -0.9494
vn 0.4032 0.1130 -0.9081
vn -0.2955 -0.1288 -0.9466
vn -0.2066 -0.1362 -0.9689
vn -0.2955 -0.1287 -0.9466
vn -0.4568 -0.1634 -0.8744
vn -0.5095 -0.7639 0.3961
vn -0.5448 -0.3219 -0.7743
vn -0.5449 -0.3219 -0.7742
vn -0.5447 -0.3218 -0.7744
vn -0.9818 -0.1842 0.0453
vn -0.3998 -0.1374 0.9062
vn -0.2069 -0.1363 -0.9688
vn 0.9933 -0.0000 -0.1153
vn 0.6143 -0.7815 -0.1093
vn 0.5803 -0.4551 -0.6754
vn 0.6143 0.7814 -0.1093
vn 0.7294 0.0002 -0.6841
vn 0.9933 -0.0000 -0.1154
vn 0.7530 0.0001 -0.6580
vn 0.7704 0.6043 -0.2033
vn 0.7531 -0.0002 -0.6579
vn 0.7294 -0.0002 -0.6841
vn 0.0913 -0.7383 -0.6682
vn -0.1169 -0.9929 0.0217
vn 0.3967 -0.8370 -0.3769
vn 0.5805 -0.4552 -0.6751
vn 0.0599 0.4848 -0.8726
vn 0.7533 0.0002 -0.6577
vn 0.0913 -0.7386 -0.6679
vn 0.7704 0.6042 -0.2035
vn 0.0599 0.4849 -0.8725
vn -0.1169 0.9929 0.0217
vn 0.3967 0.8370 -0.3769
vn 0.1986 -0.7442 -0.6377
vn 0.2052 -0.0002 -0.9787
vn 0.1986 0.7442 -0.6377
vn 0.2052 0.0002 -0.9787
vn 0.0057 -0.9980 0.0632
vn -0.0539 -0.9940 0.0954
vn -0.5068 -0.6726 -0.5392
vn -0.7676 -0.6151 0.1802
vn -0.4849 -0.6982 0.5267
vn -0.5069 -0.6726 -0.5391
vn -0.6002 0.7962 -0.0756
vn -0.9760 -0.0003 -0.2178
vn -0.6001 0.7963 -0.0756
vn -0.7675 0.6152 0.1801
vn -0.4849 0.6982 0.5267
vn -0.0539 0.9940 0.0954
vn 0.0056 0.9980 0.0632
vn 0.0134 0.9937 -0.1115
vn 0.0921 0.5988 -0.7956
vn 0.0921 -0.5988 -0.7956
vn 0.1071 0.0002 -0.9942
vn 0.1071 -0.0002 -0.9942
vn 0.0134 -0.9937 -0.1115
vn -0.2138 -0.6775 0.7037
vn -0.0928 -0.7674 0.6344
vn -0.3796 -0.0000 0.9252
vn -0.7787 -0.0000 0.6274
vn -0.9760 -0.0000 -0.2176
vn -0.9726 -0.0000 0.2324
vn -0.2138 0.6775 0.7037
vn -0.0928 0.7674 0.6344
vn -0.1475 -0.0000 0.9891
vn 0.1471 -0.1422 -0.9788
vn 0.3319 -0.2466 -0.9105
vn 0.2524 -0.1869 -0.9494
vn 0.0516 -0.0356 -0.9980
vn -0.8808 0.4531 -0.1374
vn -0.8317 0.4941 -0.2531
vn 0.1570 -0.1574 -0.9750
vn 0.7776 -0.4486 0.4406
vn 0.7374 -0.5553 0.3847
vn 0.6844 -0.6537 0.3231
vn 0.2757 -0.2068 -0.9387
vn 0.3992 -0.2758 -0.8744
vn 0.6737 -0.7152 0.1863
vn 0.2769 -0.1650 -0.9466
vn 0.2769 -0.1649 -0.9466
vn -0.8616 0.5071 -0.0243
vn -0.3270 0.2616 -0.9081
vn 0.2311 -0.0883 -0.9689
vn -0.2866 0.2174 0.9331
vn -0.2302 0.1763 0.9570
vn -0.7559 0.5773 -0.3089
vn -0.3509 0.2825 0.8928
vn -0.6640 0.6435 -0.3808
vn 0.2969 -0.1758 -0.9386
vn 0.5792 -0.2548 -0.7743
vn 0.5791 -0.2548 -0.7745
vn -0.1935 0.1300 0.9725
vn -0.2852 0.2203 0.9328
vn 0.9176 0.0317 0.3961
vn -0.1481 0.2564 0.9552
vn -0.1229 0.0569 0.9908
vn 0.0904 -0.0894 0.9919
vn 0.7223 -0.6901 0.0453
vn 0.2313 -0.0886 -0.9688
vn 0.3448 -0.2446 0.9062
vn -0.1495 0.1989 0.9685
vn -0.3735 0.3203 0.8705
vn -0.3937 0.3513 0.8495
vn -0.0248 0.9531 -0.3015
vn 0.5793 -0.2548 -0.7743
vn 0.4629 0.8852 0.0453
vn 0.0608 0.1116 0.9919
vn 0.1395 0.3991 0.9062
vn 0.5004 0.8455 0.1863
vn 0.0818 0.3118 -0.9466
vn 0.0209 0.2469 -0.9688
vn -0.1056 -0.2700 0.9570
vn -0.1497 -0.1988 0.9685
vn -0.0206 -0.1339 0.9908
vn 0.1097 0.2943 -0.9494
vn 0.4384 0.8387 0.3231
vn 0.0200 0.0594 -0.9980
vn 0.1096 0.2943 -0.9494
vn 0.0817 0.3118 -0.9466
vn 0.0208 0.2466 -0.9689
vn -0.1608 -0.3867 -0.9081
vn 0.0959 0.1808 -0.9788
vn -0.1913 -0.9719 -0.1374
vn -0.2484 -0.9683 -0.0242
vn 0.1450 0.3873 -0.9105
vn -0.0713 -0.2219 0.9725
vn 0.3292 0.8624 0.3846
vn -0.1295 -0.3356 0.9331
vn -0.2443 -0.9361 -0.2531
vn 0.1078 0.1944 -0.9750
vn 0.1223 0.3222 -0.9387
vn 0.1544 0.4600 -0.8744
vn 0.2155 0.8714 0.4406
vn 0.1544 0.4599 -0.8744
vn -0.1742 -0.4154 0.8928
vn -0.1326 -0.3351 0.9328
vn -0.3452 -0.8862 -0.3089
vn -0.4342 -0.8164 -0.3808
vn 0.0867 0.3340 -0.9386
vn 0.0843 0.6272 -0.7743
vn 0.0843 0.6270 -0.7744
vn -0.2847 0.8729 0.3961
vn -0.2053 -0.2134 0.9552
vn -0.2043 -0.4477 0.8705
vn -0.2284 -0.4757 0.8494
vn -0.9089 -0.2880 -0.3015
vn 0.0843 0.6272 -0.7742
vn 0.6668 -0.3754 0.6437
vn 0.4999 -0.7219 0.4785
vn 0.6904 -0.5706 0.4448
vn 0.8314 -0.2814 0.4792
vn 0.7629 0.1291 0.6335
vn 0.4919 -0.3564 0.7944
vn 0.3941 -0.6615 0.6380
vn 0.6133 0.1056 0.7827
vn 0.5353 -0.7724 0.3417
vn 0.2779 -0.8979 0.3414
vn 0.2282 -0.8585 0.4592
vn 0.7475 -0.5693 0.3423
vn 0.9017 -0.0000 0.4324
vn 0.8892 -0.3028 0.3429
vn 0.8353 0.3223 0.4453
vn 0.5768 0.5080 0.6398
vn 0.6984 0.5320 0.4787
vn 0.4068 0.4530 0.7933
vn -0.0000 -0.0000 1.0000
vn 0.2533 -0.5581 0.7901
vn -0.0000 -0.7783 0.6278
vn -0.0000 -0.9366 0.3503
vn -0.0000 -0.8917 0.4526
vn 0.1393 -0.3826 -0.9133
vn 0.0001 -0.5257 -0.8507
vn 0.2460 -0.3192 -0.9152
vn 0.3285 -0.2242 -0.9175
vn 0.3789 -0.1071 -0.9192
vn 0.9426 -0.0000 0.3339
vn 0.8892 0.3028 0.3429
vn 0.7474 0.5693 0.3424
vn 0.4743 0.7512 0.4591
vn 0.5353 0.7724 0.3418
vn 0.2837 0.7388 0.6113
vn 0.1822 0.5847 0.7905
vn 0.2345 0.8703 0.4331
vn 0.0002 0.7674 0.6412
vn 0.0002 0.8798 0.4753
vn 0.2779 0.8979 0.3414
vn 0.1393 0.3827 -0.9133
vn 0.2459 0.3192 -0.9152
vn 0.3284 0.2242 -0.9176
vn 0.3788 0.1072 -0.9192
vn 0.2702 0.0001 -0.9628
vn 0.3787 -0.1072 -0.9193
vn -0.0000 -0.0000 -1.0000
vn 0.2699 -0.0000 -0.9629
vn 0.3284 -0.2241 -0.9176
vn 0.2459 -0.3190 -0.9153
vn -0.0000 -0.5257 -0.8507
vn -0.2779 -0.8979 0.3413
vn -0.1393 -0.3826 -0.9133
vn -0.2282 -0.8585 0.4592
vn -0.3941 -0.6615 0.6380
vn -0.5000 -0.7219 0.4785
vn -0.5353 -0.7724 0.3418
vn -0.2459 -0.3192 -0.9152
vn -0.2459 -0.3190 -0.9153
vn -0.7475 -0.5693 0.3424
vn -0.6904 -0.5706 0.4447
vn -0.6668 -0.3754 0.6437
vn -0.2533 -0.5581 0.7901
vn -0.4919 -0.3564 0.7943
vn -0.7629 0.1291 0.6335
vn -0.6133 0.1056 0.7827
vn -0.8314 -0.2814 0.4792
vn -0.8892 -0.3028 0.3429
vn -0.3285 -0.2242 -0.9175
vn -0.3283 -0.2241 -0.9176
vn -0.3788 -0.1072 -0.9192
vn -0.3787 -0.1071 -0.9193
vn -0.9017 -0.0000 0.4324
vn -0.9427 -0.0000 0.3337
vn -0.5768 0.5080 0.6398
vn -0.6984 0.5320 0.4787
vn -0.8353 0.3223 0.4453
vn -0.4068 0.4529 0.7933
vn -0.0000 -0.5737 0.8190
vn 0.0001 0.5782 0.8159
vn -0.1822 0.5847 0.7905
vn -0.0001 0.5782 0.8159
vn -0.2837 0.7388 0.6113
vn -0.4743 0.7512 0.4591
vn -0.5352 0.7724 0.3419
vn -0.7475 0.5693 0.3424
vn -0.8892 0.3028 0.3429
vn -0.3788 0.1071 -0.9192
vn -0.2702 -0.0001 -0.9628
vn -0.2699 -0.0000 -0.9629
vn -0.3787 0.1072 -0.9193
vn -0.3285 0.2242 -0.9175
vn -0.3283 0.2241 -0.9176
vn -0.2460 0.3192 -0.9152
vn -0.2778 0.8979 0.3415
vn -0.1393 0.3827 -0.9133
vn -0.2345 0.8703 0.4331
vn -0.0002 0.7674 0.6412
vn -0.0002 0.8798 0.4753
vn 0.0002 0.9366 0.3503
vn -0.0002 0.9366 0.3503
vn -0.0002 0.5257 -0.8507
vn -0.2459 0.3190 -0.9153
vn -0.0000 0.5257 -0.8507
vn 0.2459 0.3190 -0.9153
vn 0.3283 0.2241 -0.9176
vn 0.3787 0.1072 -0.9193
vn 0.8709 -0.4136 0.2654
vn 0.9130 -0.3986 -0.0872
vn 0.5868 -0.8081 0.0513
vn 0.6522 -0.7576 0.0258
vn 0.6071 -0.7548 0.2484
vn -0.0000 -0.9079 0.4192
vn -0.0000 -0.6664 0.7456
vn 0.9870 -0.0375 -0.1564
vn -0.0000 -0.9948 -0.1014
vn -0.0000 -0.9634 -0.2680
vn 0.9431 -0.3084 -0.1242
vn -0.0001 -0.9904 0.1380
vn -0.0000 -0.3487 -0.9372
vn 0.5869 -0.8080 0.0516
vn -0.1986 -0.6064 0.7700
vn -0.0000 -0.3501 -0.9367
vn 0.5870 -0.8080 0.0516
vn -0.0000 -0.9904 0.1379
vn 0.9870 -0.0376 -0.1565
vn 0.9744 0.0184 -0.2239
vn 0.9960 -0.0456 0.0763
vn -0.1989 -0.6064 0.7699
vn -0.6662 -0.7419 0.0758
vn -0.8709 -0.4136 0.2654
vn -0.6071 -0.7548 0.2484
vn -0.6522 -0.7576 0.0258
vn -0.0000 -0.9989 0.0464
vn -0.9130 -0.3986 -0.0872
vn -0.9431 -0.3084 -0.1242
vn 0.9941 -0.0039 -0.1082
vn -0.9941 -0.0039 -0.1082
vn -0.0000 -0.1446 -0.9895
vn 0.9836 -0.0587 -0.1707
vn 0.9836 -0.0585 -0.1708
vn -0.0000 -0.3486 -0.9373
vn -0.9988 -0.0473 0.0141
vn -0.9707 -0.0299 -0.2385
vn -0.1987 -0.6065 0.7698
vn -0.9901 -0.0346 -0.1360
vn -0.0000 0.0189 -0.9998
vn 0.9836 -0.0585 -0.1707
vn 0.9951 0.0199 -0.0971
vn -0.9923 -0.0594 0.1089
vn 0.1648 -0.4815 0.8608
vn 0.9990 -0.0219 0.0389
vn 0.9745 0.0184 -0.2238
vn 0.9743 -0.1123 -0.1954
vn 0.8061 -0.5735 -0.1456
vn 0.9743 -0.1124 -0.1954
vn 0.9945 -0.0150 -0.1038
vn 0.8570 -0.5152 -0.0123
vn 0.9743 -0.1123 -0.1955
vn -0.0000 0.0147 -0.9999
vn -0.9880 -0.0069 -0.1545
vn -0.9907 -0.0021 -0.1360
vn -0.9945 -0.0151 -0.1038
vn -0.6661 -0.7420 0.0760
vn -0.6663 -0.7418 0.0760
vn -0.9907 -0.0019 -0.1359
vn -0.9817 -0.0341 -0.1873
vn -0.9817 -0.0340 -0.1875
vn 0.9638 0.0655 -0.2585
vn -0.0000 0.3165 -0.9486
vn -0.9521 0.0390 -0.3032
vn 0.9638 0.0658 -0.2584
vn 0.9838 -0.0448 -0.1734
vn 0.9638 0.0659 -0.2584
vn 0.9979 0.0050 -0.0638
vn 0.9407 -0.2983 -0.1613
vn -0.9707 -0.1366 -0.1977
vn 0.0001 0.8770 -0.4805
vn -0.9668 0.0742 -0.2444
vn -0.0000 0.8769 -0.4807
vn 0.6838 0.7075 -0.1785
vn 0.9035 0.3892 -0.1796
vn 0.6838 0.7075 -0.1786
vn 0.9829 0.1678 -0.0760
vn 0.9794 0.0924 -0.1797
vn 0.6837 0.7075 -0.1786
vn -0.6638 0.7356 -0.1352
vn -0.0002 0.3167 -0.9485
vn -0.4709 0.7385 -0.4826
vn 0.0002 0.3168 -0.9485
vn 0.4709 0.7385 -0.4826
vn -0.6638 0.7356 -0.1351
vn -0.9522 0.0392 -0.3029
vn -0.9945 0.0127 -0.1037
vn -0.9459 0.1692 -0.2768
vn -0.8992 0.2782 -0.3376
vn -0.7518 0.1749 -0.6358
vn 0.7518 0.1749 -0.6358
vn 0.0015 0.2665 -0.9638
vn 0.9364 -0.0004 -0.3509
vn 0.9980 0.0049 -0.0637
vn 0.9828 0.1681 -0.0760
vn -0.0006 -0.2663 0.9639
vn 0.9980 0.0048 -0.0637
vn 0.0007 -0.2666 0.9638
vn 0.9364 -0.0003 -0.3510
vn 0.9397 0.0913 -0.3297
vn 0.9828 0.1681 -0.0761
vn 0.9364 -0.0000 -0.3510
vn -0.0002 0.5074 0.8617
vn -0.0000 0.5076 0.8616
vn 0.6863 0.7028 -0.1872
vn 0.2891 0.9381 -0.1906
vn -0.0000 0.9844 -0.1760
vn -0.2891 0.9381 -0.1906
vn -0.6874 0.7019 -0.1869
vn -0.9035 0.3892 -0.1796
vn -0.9794 0.0924 -0.1797
vn -0.9838 -0.0448 -0.1734
vn -0.6863 0.7028 -0.1872
vn -0.0000 0.9852 -0.1714
vn -0.1785 0.9697 -0.1666
vn -0.6047 0.7756 -0.1809
vn 0.6047 0.7756 -0.1809
vn 0.1786 0.9697 -0.1666
vn 0.8747 0.4502 -0.1797
vn 0.5181 0.8404 -0.1591
vn 0.8321 0.5317 -0.1576
vn -0.0000 0.9887 -0.1502
vn 0.1216 0.9805 -0.1545
vn -0.5181 0.8404 -0.1591
vn -0.1216 0.9805 -0.1545
vn -0.8743 0.4508 -0.1798
vn -0.7836 0.5994 -0.1633
vn -0.9689 0.1697 -0.1801
vn -0.9818 -0.0010 -0.1901
vn -0.9675 -0.1719 -0.1856
vn -0.9407 -0.2983 -0.1613
vn -0.9837 -0.0134 -0.1796
vn -0.9551 0.2453 -0.1660
vn -0.9816 0.1010 -0.1621
vn -0.9260 0.3443 -0.1551
vn -0.7375 0.6642 -0.1219
vn -0.9207 0.3690 -0.1268
vn -0.5339 0.8356 -0.1294
vn -0.0000 0.9896 -0.1440
vn -0.1092 0.9843 -0.1386
vn 0.5338 0.8356 -0.1294
vn 0.1092 0.9843 -0.1386
vn 0.8243 0.5550 -0.1117
vn 0.9645 0.2174 -0.1502
vn 0.9729 0.2082 -0.1005
vn 0.9695 0.1665 -0.1798
vn 0.9868 -0.0003 -0.1619
vn 0.9963 0.0148 -0.0848
vn 0.9616 0.2673 -0.0620
vn 0.9984 -0.0068 -0.0563
vn 0.7807 0.6206 -0.0736
vn 0.5018 0.8605 -0.0883
vn 0.1105 0.9888 -0.1005
vn -0.0000 0.9949 -0.1012
vn -0.1105 0.9888 -0.1005
vn -0.5018 0.8605 -0.0877
vn -0.7927 0.6049 -0.0760
vn -0.9032 0.4179 -0.0978
vn -0.9715 0.2085 -0.1131
vn -0.9208 0.3690 -0.1268
vn -0.9814 0.1388 -0.1330
vn -0.9643 0.2469 -0.0959
vn -0.9922 0.0976 -0.0771
vn -0.9945 0.0403 -0.0964
vn -0.9624 0.2652 -0.0583
vn -0.9643 0.2470 -0.0959
vn -0.8187 0.5736 -0.0267
vn -0.4927 0.8699 -0.0254
vn -0.0919 0.9954 -0.0262
vn 0.0919 0.9954 -0.0261
vn -0.0000 0.9998 -0.0189
vn 0.8187 0.5736 -0.0267
vn 0.4926 0.8699 -0.0254
vn 0.9998 -0.0060 -0.0212
vn 0.9618 0.2733 -0.0165
vn 0.9824 -0.1837 -0.0337
vn 0.9760 -0.2176 -0.0119
vn 0.9738 -0.2115 -0.0839
vn 0.8919 -0.4519 0.0178
vn 0.9258 -0.3772 -0.0249
vn 0.9756 -0.2163 0.0366
vn 0.8799 -0.4732 0.0424
vn 0.9960 0.0857 0.0272
vn 0.9977 -0.0610 0.0290
vn 0.8459 0.5310 0.0488
vn 0.9433 0.3234 0.0749
vn 0.5901 0.8041 0.0718
vn 0.1154 0.9899 0.0822
vn -0.0000 0.9970 0.0779
vn -0.0000 0.9998 -0.0188
vn -0.1154 0.9899 0.0824
vn -0.5900 0.8041 0.0727
vn -0.9618 0.2733 -0.0165
vn -0.8459 0.5310 0.0503
vn -0.6032 0.7732 0.1956
vn -0.2345 0.9473 0.2184
vn -0.0707 0.9781 0.1960
vn 0.0707 0.9781 0.1958
vn -0.0000 0.9823 0.1876
vn 0.2345 0.9474 0.2177
vn 0.6035 0.7734 0.1937
vn 0.8429 0.5160 0.1524
vn 0.9364 0.3243 0.1339
vn 0.9883 0.1123 0.1036
vn 0.9937 -0.0684 0.0888
vn 0.8808 -0.4660 0.0836
vn 0.9667 -0.2426 0.0820
vn 0.7938 -0.6051 0.0610
vn 0.7458 -0.6618 0.0766
vn 0.7839 -0.6090 0.1207
vn 0.8775 -0.4641 0.1209
vn 0.9640 -0.2434 0.1074
vn 0.9925 -0.0580 0.1073
vn 0.9831 0.1382 0.1199
vn 0.8163 0.5480 0.1827
vn 0.8644 0.4775 0.1574
vn 0.9039 0.3840 0.1886
vn 0.5535 0.7973 0.2408
vn 0.2872 0.9224 0.2583
vn 0.1186 0.9571 0.2642
vn -0.0000 0.9711 0.2388
vn -0.1190 0.9571 0.2643
vn -0.2876 0.9225 0.2575
vn -0.1959 0.9308 0.3086
vn -0.0002 0.9542 0.2992
vn -0.1263 0.9475 0.2937
vn 0.1960 0.9309 0.3083
vn 0.1250 0.9478 0.2934
vn 0.3772 0.8713 0.3139
vn 0.5787 0.7595 0.2971
vn 0.7853 0.5722 0.2367
vn 0.8061 0.5222 0.2784
vn 0.7315 0.6152 0.2940
vn 0.8933 0.3487 0.2838
vn 0.9705 0.0297 0.2393
vn 0.9516 -0.2376 0.1950
vn 0.8720 -0.4398 0.2147
vn 0.7487 -0.6461 0.1483
vn 0.5577 -0.6828 0.4720
vn 0.4002 -0.3431 0.8498
vn 0.5367 -0.2059 0.8183
vn 0.5908 -0.0498 0.8053
vn 0.5463 0.1449 0.8249
vn 0.6366 0.5979 0.4870
vn 0.4403 0.3070 0.8438
vn 0.5316 0.7526 0.3886
vn 0.3495 0.8302 0.4343
vn 0.3600 0.8082 0.4660
vn 0.3841 0.7653 0.5166
vn 0.6152 0.6985 0.3655
vn 0.5790 0.7546 0.3088
vn 0.5108 0.8005 0.3134
vn 0.3680 0.8898 0.2700
vn 0.2344 0.9518 0.1979
vn 0.1377 0.9763 0.1671
vn 0.2079 0.7656 0.6088
vn 0.1306 0.7795 0.6127
vn 0.2919 0.7394 0.6066
vn 0.5147 0.7128 0.4764
vn 0.5515 0.8094 0.2018
vn 0.4069 0.8256 0.3910
vn 0.2377 0.8829 0.4049
vn 0.0877 0.8940 0.4394
vn 0.1649 0.8267 0.5379
vn 0.1409 0.8310 0.5382
vn 0.1472 0.5219 0.8402
vn 0.3118 0.4354 0.8445
vn 0.4402 0.3069 0.8438
vn 0.5463 0.1449 0.8250
vn 0.3117 0.4353 0.8446
vn 0.5908 -0.0499 0.8053
vn 0.5368 -0.2060 0.8182
vn 0.2964 -0.5360 0.7905
vn 0.1396 -0.4995 0.8550
vn -0.0000 0.5970 0.8023
vn -0.1471 0.5218 0.8403
vn -0.3117 0.4353 0.8446
vn -0.2964 -0.5361 0.7905
vn -0.1396 -0.4995 0.8550
vn -0.0000 -0.5927 0.8054
vn 0.1471 0.5218 0.8403
vn -0.4402 0.3068 0.8439
vn -0.5463 0.1447 0.8250
vn -0.5907 -0.0501 0.8053
vn -0.5368 -0.2060 0.8182
vn -0.4001 -0.3433 0.8498
vn -0.0000 0.8273 0.5618
vn -0.0000 0.8554 0.5180
vn -0.0000 0.8967 0.4426
vn -0.0017 0.9080 0.4189
vn 0.0727 0.9131 0.4012
vn 0.2049 0.9307 0.3030
vn 0.0986 0.9424 0.3197
vn 0.4268 0.8828 0.1960
vn 0.2632 0.9608 -0.0872
vn 0.1360 0.9906 0.0128
vn 0.0040 0.9959 0.0905
vn -0.0031 0.9354 0.3535
vn -0.0805 0.9137 0.3984
vn -0.0906 0.8948 0.4371
vn -0.1654 0.8273 0.5368
vn -0.1409 0.8315 0.5374
vn -0.1472 0.5219 0.8402
vn -0.3847 0.7662 0.5147
vn -0.3118 0.4354 0.8445
vn -0.6373 0.5985 0.4854
vn -0.4402 0.3069 0.8438
vn -0.8934 0.3487 0.2832
vn -0.5464 0.1449 0.8249
vn -0.9705 0.0303 0.2391
vn -0.5908 -0.0498 0.8053
vn -0.9516 -0.2376 0.1950
vn -0.5367 -0.2059 0.8183
vn -0.8720 -0.4398 0.2147
vn -0.4002 -0.3432 0.8497
vn -0.2963 -0.5359 0.7906
vn -0.5577 -0.6828 0.4720
vn -0.9640 -0.2434 0.1074
vn -0.8775 -0.4641 0.1209
vn -0.7487 -0.6461 0.1483
vn -0.9926 -0.0569 0.1073
vn -0.9830 0.1394 0.1194
vn -0.9075 0.3756 0.1881
vn -0.7329 0.6096 0.3021
vn -0.3605 0.8098 0.4629
vn -0.3551 0.8301 0.4300
vn -0.2495 0.8822 0.3994
vn -0.1032 0.9425 0.3179
vn 0.0265 -0.3256 -0.9451
vn -0.1176 0.9929 0.0155
vn -0.0059 -0.6335 -0.7737
vn 0.0229 -0.5491 -0.8354
vn 0.0490 -0.6294 -0.7755
vn -0.2209 0.9721 -0.0789
vn -0.2076 0.9300 0.3032
vn -0.4132 0.8246 0.3865
vn -0.5321 0.7512 0.3906
vn -0.8165 0.5024 0.2845
vn -0.9354 0.3270 0.1346
vn -0.8730 0.4688 0.1344
vn -0.9879 0.1147 0.1046
vn -0.9937 -0.0678 0.0889
vn -0.9666 -0.2427 0.0820
vn -0.8808 -0.4660 0.0836
vn -0.7840 -0.6090 0.1207
vn -0.8314 -0.5303 0.1659
vn -0.7458 -0.6618 0.0766
vn -0.8281 -0.5391 0.1539
vn -0.7947 -0.5893 0.1455
vn -0.7218 -0.6829 0.1124
vn -0.9756 -0.2163 0.0366
vn -0.8799 -0.4732 0.0424
vn -0.9959 0.0859 0.0274
vn -0.9977 -0.0610 0.0290
vn -0.9429 0.3242 0.0765
vn -0.8419 0.5171 0.1543
vn -0.8211 0.5449 0.1698
vn -0.7944 0.5730 0.2017
vn -0.6045 0.7055 0.3698
vn -0.5161 0.8282 0.2187
vn -0.4011 0.8927 0.2056
vn -0.4226 0.8990 -0.1151
vn -0.5235 0.7090 0.4726
vn -0.5692 0.7653 0.3004
vn -0.4938 0.8692 -0.0234
vn -0.5720 0.7693 0.2846
vn -0.5538 0.7986 0.2355
vn -0.9998 -0.0060 -0.0212
vn -0.9760 -0.2176 -0.0119
vn -0.8919 -0.4519 0.0178
vn -0.7938 -0.6051 0.0610
vn -0.7161 -0.6937 0.0772
vn -0.4132 -0.9048 0.1026
vn -0.5114 -0.8501 0.1258
vn -0.4175 -0.9032 0.0992
vn -0.6475 -0.7552 0.1021
vn -0.8797 -0.4727 0.0519
vn -0.8000 -0.5903 0.1069
vn -0.9785 -0.2042 -0.0290
vn -0.9248 -0.3796 -0.0234
vn -0.9984 -0.0293 -0.0475
vn -0.9973 -0.0450 -0.0589
vn -0.9838 -0.1738 -0.0446
vn -0.9159 -0.3939 -0.0769
vn -0.9268 -0.3597 -0.1083
vn -0.9394 -0.3390 -0.0516
vn -0.8679 -0.4787 -0.1325
vn -0.9455 -0.3257 -0.0061
vn -0.9810 -0.1914 0.0309
vn -0.9478 -0.2232 0.2278
vn -0.8912 -0.3571 0.2796
vn -0.5157 -0.6839 0.5162
vn -0.4404 -0.8856 0.1477
vn -0.3951 -0.9109 0.1190
vn -0.2921 -0.9511 0.1001
vn -0.3040 -0.9465 0.1084
vn -0.3185 -0.9420 0.1055
vn -0.1912 -0.9762 0.1024
vn -0.1803 -0.9783 0.1023
vn -0.2760 -0.9536 0.1206
vn -0.1793 -0.9774 0.1117
vn -0.2948 -0.9441 0.1478
vn -0.5469 -0.3441 0.7632
vn -0.3436 -0.3665 0.8646
vn -0.2422 -0.9015 0.3587
vn -0.8013 -0.2927 0.5218
vn -0.8676 -0.2541 0.4274
vn -0.9217 -0.2585 0.2892
vn -0.9839 -0.1766 -0.0293
vn -0.9530 -0.2082 0.2202
vn -0.9649 -0.2569 0.0552
vn -0.9788 -0.2044 0.0100
vn -0.9578 -0.2412 -0.1565
vn -0.9779 -0.1814 -0.1035
vn -0.9755 -0.2197 -0.0137
vn -0.9755 -0.2158 0.0430
vn -0.7218 -0.6810 0.1239
vn -0.7173 -0.6961 0.0315
vn -0.6493 -0.7325 0.2046
vn -0.5758 -0.7822 0.2378
vn -0.5688 -0.8041 0.1726
vn -0.0704 0.9716 0.2257
vn -0.5443 -0.2837 0.7895
vn 0.0982 -0.1687 0.9808
vn -0.3691 -0.2608 0.8920
vn -0.1962 -0.3759 0.9057
vn -0.1284 -0.9382 0.3214
vn -0.1594 -0.9780 0.1344
vn -0.1675 -0.9789 0.1171
vn -0.0000 -0.9928 0.1200
vn -0.0000 -0.9895 0.1445
vn -0.0000 -0.3783 0.9257
vn -0.0000 -0.9305 0.3663
vn -0.2835 -0.1869 0.9406
vn -0.1197 0.9332 0.3388
vn -0.0471 0.9539 0.2964
vn -0.1212 -0.1583 0.9799
vn -0.3168 -0.9283 0.1946
vn -0.3271 -0.9290 0.1729
vn -0.4149 -0.8566 0.3067
vn -0.4437 -0.8828 0.1542
vn -0.2771 -0.9206 0.2752
vn -0.2407 -0.8687 0.4328
vn -0.2766 -0.9238 0.2648
vn -0.2251 -0.9538 0.1989
vn -0.0253 0.9478 0.3180
vn -0.0000 0.0632 0.9980
vn 0.1963 -0.3759 0.9056
vn 0.1284 -0.9382 0.3214
vn 0.1594 -0.9780 0.1344
vn 0.1675 -0.9789 0.1171
vn -0.0000 -0.9936 0.1128
vn 0.1794 -0.9774 0.1118
vn -0.0000 -0.9946 0.1033
vn 0.2760 -0.9536 0.1206
vn 0.2948 -0.9441 0.1478
vn 0.2422 -0.9015 0.3587
vn 0.3445 -0.3666 0.8642
vn 0.1213 -0.1583 0.9799
vn 0.0253 0.9478 0.3180
vn 0.0470 0.9539 0.2964
vn 0.2846 -0.1868 0.9403
vn -0.0000 0.9046 0.4263
vn -0.1011 -0.9625 0.2518
vn -0.1522 -0.9473 0.2819
vn -0.0000 -0.9431 0.3326
vn -0.0000 -0.8759 0.4825
vn -0.0000 -0.9725 0.2327
vn -0.0000 -0.9592 0.2826
vn 0.1011 -0.9625 0.2518
vn 0.2252 -0.9538 0.1988
vn 0.3274 -0.9290 0.1728
vn 0.1194 0.9331 0.3391
vn 0.0696 0.9715 0.2266
vn 0.5449 -0.2836 0.7891
vn 0.5468 -0.3444 0.7631
vn 0.5157 -0.6839 0.5162
vn 0.4404 -0.8856 0.1477
vn 0.3951 -0.9109 0.1190
vn 0.3040 -0.9464 0.1086
vn 0.1912 -0.9762 0.1024
vn 0.2921 -0.9511 0.1001
vn 0.4175 -0.9032 0.0992
vn 0.6475 -0.7552 0.1021
vn 0.8001 -0.5903 0.1069
vn 0.8912 -0.3570 0.2797
vn 0.8011 -0.2923 0.5223
vn 0.9536 -0.2078 0.2180
vn -0.1009 -0.1699 0.9803
vn 0.5688 -0.8042 0.1726
vn 0.2766 -0.9238 0.2648
vn 0.3174 -0.9281 0.1945
vn 0.1522 -0.9473 0.2819
vn 0.2407 -0.8687 0.4328
vn 0.4149 -0.8566 0.3067
vn 0.5755 -0.7826 0.2372
vn 0.9811 -0.1911 0.0302
vn 0.8678 -0.2538 0.4272
vn 0.9650 -0.2570 0.0523
vn 0.3673 -0.2617 0.8925
vn 0.8814 -0.2465 0.4028
vn 0.9478 -0.2232 0.2278
vn 0.9223 -0.2576 0.2880
vn 0.8797 -0.4727 0.0519
vn 0.7161 -0.6937 0.0771
vn 0.4132 -0.9048 0.1026
vn 0.1803 -0.9783 0.1023
vn 0.3185 -0.9420 0.1055
vn -0.0982 0.0948 0.9906
vn -0.0000 -0.3304 0.9438
vn -0.0000 -0.9942 0.1079
vn -0.0000 -0.9942 0.1078
vn -0.2594 -0.2952 0.9196
vn 0.5114 -0.8501 0.1258
vn 0.7218 -0.6830 0.1124
vn 0.9454 -0.3257 -0.0061
vn 0.9839 -0.1765 -0.0293
vn 0.9789 -0.2042 0.0096
vn 0.9755 -0.2159 0.0430
vn 0.7173 -0.6961 0.0315
vn 0.7215 -0.6813 0.1237
vn 0.6491 -0.7327 0.2045
vn 0.4437 -0.8828 0.1542
vn 0.3997 -0.9166 0.0114
vn 0.3888 -0.8905 -0.2363
vn 0.6990 -0.6990 -0.1511
vn 0.9755 -0.2197 -0.0137
vn 0.9578 -0.2412 -0.1565
vn 0.9779 -0.1814 -0.1035
vn 0.8679 -0.4787 -0.1325
vn 0.9132 -0.3922 -0.1109
vn 0.5739 -0.5963 -0.5613
vn 0.6078 -0.7341 -0.3029
vn 0.8300 -0.5254 -0.1871
vn 0.5942 -0.5833 -0.5538
vn 0.6515 -0.6978 -0.2977
vn 0.3265 -0.8189 -0.4721
vn 0.2075 -0.8334 -0.5122
vn 0.2610 -0.9332 -0.2470
vn 0.2275 -0.9738 -0.0044
vn 0.3065 -0.9448 0.1159
vn 0.2770 -0.9206 0.2752
vn -0.0000 -0.9900 0.1408
vn -0.0000 -0.9769 -0.2138
vn -0.0000 -1.0000 0.0036
vn -0.0000 -0.8628 -0.5055
vn -0.0000 -0.7553 -0.6554
vn 0.2821 -0.7190 -0.6352
vn 0.2739 -0.7206 -0.6370
vn 0.3002 -0.8934 -0.3341
vn 0.6130 -0.7645 -0.1995
vn 0.7223 -0.6671 -0.1825
vn 0.8809 -0.4412 -0.1714
vn 0.9432 -0.2864 -0.1683
vn 0.9679 -0.1698 -0.1854
vn 0.3500 -0.9206 -0.1732
vn 0.3899 -0.8996 -0.1969
vn 0.2480 -0.9461 -0.2084
vn -0.0000 -0.7643 -0.6449
vn -0.0000 -0.9555 -0.2949
vn -0.2821 -0.7190 -0.6352
vn -0.2739 -0.7206 -0.6370
vn -0.2075 -0.8334 -0.5122
vn -0.2610 -0.9332 -0.2470
vn -0.2275 -0.9738 -0.0044
vn -0.3997 -0.9166 0.0114
vn -0.3064 -0.9448 0.1160
vn -0.3888 -0.8905 -0.2363
vn -0.3265 -0.8189 -0.4721
vn -0.5739 -0.5963 -0.5613
vn -0.5942 -0.5833 -0.5538
vn -0.6077 -0.7341 -0.3029
vn -0.3003 -0.8934 -0.3341
vn -0.2479 -0.9461 -0.2084
vn -0.0000 -0.9771 -0.2128
vn 0.0002 -0.9771 -0.2128
vn 0.0002 -0.9805 -0.1964
vn -0.0000 -0.9805 -0.1964
vn -0.0000 -0.9840 -0.1784
vn -0.0000 -0.9860 0.1668
vn -0.3898 -0.8996 -0.1969
vn -0.3500 -0.9206 -0.1732
vn -0.6130 -0.7645 -0.1995
vn -0.8025 -0.5648 -0.1921
vn -0.6515 -0.6978 -0.2977
vn -0.6990 -0.6990 -0.1511
vn -0.8785 -0.4434 -0.1779
vn -0.8804 -0.4422 -0.1713
vn -0.9050 -0.3923 -0.1646
vn -0.9005 -0.3964 -0.1787
vn -0.7223 -0.6671 -0.1825
vn -0.8061 -0.5736 -0.1456
vn -0.8570 -0.5152 -0.0123
vn -0.9568 -0.2324 -0.1747
vn -0.9474 -0.2741 -0.1653
vn -0.9051 -0.3922 -0.1645
vn -0.9269 -0.3594 -0.1082
vn -0.9760 -0.1899 -0.1068
vn -0.9886 -0.0034 -0.1502
vn -0.9838 -0.1737 -0.0447
vn 0.9817 -0.0021 -0.1902
vn 0.7947 -0.5893 0.1454
vn 0.8281 -0.5390 0.1539
vn 0.8314 -0.5303 0.1658
vn 0.1277 -0.2692 0.9546
vn -0.0579 -0.3125 0.9481
vn 0.4042 -0.6682 0.6246
vn 0.2941 -0.8785 0.3765
vn 0.2086 -0.9275 0.3102
vn -0.1262 -0.9865 0.1042
vn -0.8016 0.5911 -0.0898
vn -0.2552 -0.3781 0.8899
vn -0.5494 0.8347 -0.0384
vn -0.7433 0.6515 0.1519
vn -0.8016 0.5911 -0.0896
vn -0.4223 -0.8957 0.1395
vn -0.1262 -0.9865 0.1041
vn 0.2084 -0.9276 0.3101
vn 0.2907 -0.9040 0.3136
vn 0.2906 -0.9040 0.3137
vn 0.2964 -0.5359 0.7906
vn 0.2361 -0.9074 0.3476
vn 0.2016 -0.9055 0.3733
vn 0.1396 -0.4994 0.8551
vn 0.1087 -0.9166 0.3848
vn 0.1005 -0.9397 0.3268
vn 0.2907 -0.9038 0.3139
vn 0.2017 -0.9054 0.3737
vn -0.4978 0.5344 0.6831
vn 0.1087 -0.9165 0.3850
vn -0.1080 -0.2366 0.9656
vn -0.3574 0.9332 -0.0371
vn -0.3573 0.9332 -0.0373
vn -0.2007 0.9779 -0.0591
vn -0.2007 0.9779 -0.0592
vn -0.0528 -0.3842 0.9217
vn -0.0000 -0.8986 0.4389
vn -0.0000 -0.9562 0.2929
vn -0.0000 -0.8986 0.4387
vn -0.0000 -0.5926 0.8055
vn -0.1087 -0.9166 0.3848
vn -0.1005 -0.9397 0.3268
vn -0.0000 -0.4172 0.9088
vn -0.1087 -0.9165 0.3850
vn 0.0529 -0.3841 0.9218
vn -0.0000 0.9990 -0.0440
vn -0.0000 0.9990 -0.0442
vn 0.2007 0.9779 -0.0591
vn 0.2007 0.9779 -0.0592
vn 0.0982 0.0947 0.9906
vn 0.1080 -0.2367 0.9656
vn -0.2017 -0.9054 0.3737
vn -0.2362 -0.9074 0.3476
vn -0.2016 -0.9055 0.3733
vn -0.1395 -0.4994 0.8550
vn -0.2941 -0.8785 0.3765
vn 0.4978 0.5344 0.6831
vn -0.2907 -0.9038 0.3140
vn -0.2906 -0.9040 0.3137
vn 0.3574 0.9332 -0.0372
vn 0.3573 0.9332 -0.0373
vn 0.2595 -0.2951 0.9196
vn 0.2552 -0.3780 0.8899
vn 0.5494 0.8347 -0.0384
vn 0.7432 0.6516 0.1519
vn 0.4222 -0.8957 0.1395
vn 0.1262 -0.9865 0.1042
vn -0.2907 -0.9040 0.3136
vn -0.2084 -0.9276 0.3101
vn -0.2086 -0.9275 0.3102
vn -0.4042 -0.6682 0.6246
vn 0.1262 -0.9865 0.1041
vn -0.1276 -0.2692 0.9546
vn 0.8016 0.5910 -0.0898
vn 0.0580 -0.3125 0.9481
vn 0.8016 0.5911 -0.0897
vn -0.8817 -0.2468 0.4021
vn -0.3725 0.8743 0.3111
vn -0.4998 0.8103 0.3059
vn -0.3582 0.8951 0.2654
vn -0.3424 0.7113 0.6138
vn -0.2547 0.7453 0.6162
vn -0.2245 0.9549 0.1946
vn -0.1640 0.7711 0.6152
vn -0.1309 0.9775 0.1654
vn 0.2244 -0.8546 0.4683
vn 0.3357 -0.9096 0.2447
vn 0.3895 -0.8778 -0.2789
vn 0.6757 -0.6952 -0.2452
vn 0.0875 -0.3374 -0.9373
vn 0.1213 -0.5859 -0.8012
vn 0.3050 -0.9227 0.2360
vn 0.4625 -0.8580 0.2233
vn 0.1001 -0.8331 0.5440
vn 0.1178 -0.9753 0.1866
vn -0.0860 0.7578 0.6468
vn 0.0020 0.9888 0.1495
vn -0.0134 0.7603 0.6495
vn -0.0284 -0.4920 0.8701
vn -0.0113 -0.9883 0.1520
vn 0.3093 -0.7513 0.5831
vn -0.0045 -0.8092 0.5875
vn 0.7086 -0.4253 0.5630
vn 0.9908 -0.1249 0.0512
vn 0.5203 -0.0900 -0.8492
vn 0.1367 -0.3846 -0.9129
vn 0.0962 -0.5436 -0.8338
vn 0.1534 -0.3769 -0.9135
vn 0.0838 -0.4776 -0.8746
vn 0.9017 0.4126 0.1290
vn 0.6264 0.3767 -0.6824
vn 0.6678 -0.2002 0.7169
vn -0.1405 -0.9738 0.1788
vn -0.3580 -0.7494 0.5570
vn -0.6786 -0.2106 0.7037
vn -0.0000 -0.3706 0.9288
vn -0.1561 -0.8239 0.5448
vn 0.0568 0.7622 0.6448
vn -0.3013 -0.8323 0.4654
vn -0.3542 -0.9109 0.2115
vn -0.7532 -0.4450 0.4844
vn -0.9097 0.3982 0.1176
vn -0.0002 0.8510 0.5251
vn -0.0000 0.8510 0.5251
vn -0.0004 0.8511 0.5250
vn 0.0114 -0.4085 -0.9127
vn -0.0000 -0.4358 -0.9000
vn -0.0370 -0.4715 -0.8811
vn -0.0628 -0.3717 -0.9262
vn -0.6108 0.4041 -0.6809
vn -0.0240 -0.5515 -0.8338
vn -0.0196 -0.3971 -0.9175
vn 0.4957 0.8587 -0.1304
vn -0.0306 -0.6197 -0.7843
vn 0.0573 -0.3635 -0.9298
vn -0.4759 -0.0541 -0.8778
vn -0.9877 -0.1561 -0.0125
vn -0.5360 -0.8260 0.1743
vn -0.6976 -0.6711 -0.2510
vn -0.4233 -0.8735 0.2405
vn -0.4080 -0.8718 -0.2711
vn 0.5698 0.8209 -0.0382
vn -0.0000 0.5074 0.8617
vn -0.6666 0.0841 0.7406
vn -0.0001 -0.2663 0.9639
vn -0.0001 0.3188 -0.9478
vn -0.9397 0.0913 -0.3297
vn -0.6665 0.0842 0.7407
vn 0.0001 0.3186 -0.9479
vn -0.9607 -0.0593 0.2712
vn -0.9608 -0.0593 0.2709
vn 0.0006 -0.2666 0.9638
vn -0.9189 -0.1935 -0.3438
vn 0.0019 -0.1792 -0.9838
vn -0.9607 -0.0591 0.2712
vn -0.9188 -0.1933 -0.3441
vn 0.0002 -0.1791 -0.9838
vn -0.0002 -0.1793 -0.9838
vn -0.0000 -0.1793 -0.9838
vn -0.0007 0.2665 -0.9638
vn -0.1866 0.9523 0.2416
vn -0.0274 -0.2896 0.9567
vn -0.1230 0.1890 0.9742
vn -0.1460 0.9461 0.2892
vn -0.1478 0.9867 -0.0674
vn -0.1846 0.9797 -0.0785
vn -0.9974 -0.0005 0.0728
vn -0.9948 0.0002 0.1020
vn 0.0533 -0.9349 0.3508
vn 0.0615 -0.9608 0.2703
vn -0.9948 -0.0002 0.1020
vn -0.1783 -0.8502 0.4954
vn -0.1833 -0.0000 0.9831
vn -0.1216 0.8818 0.4557
vn -0.0216 0.9954 -0.0931
vn -0.0321 0.9885 -0.1479
vn -0.1995 0.9183 -0.3420
vn -0.1529 0.9727 -0.1745
vn -0.9951 -0.0015 -0.0988
vn -0.7444 0.6395 -0.1920
vn -0.8085 0.5374 0.2397
vn -0.9973 -0.0006 0.0729
vn -0.2316 0.9707 -0.0640
vn -0.9951 -0.0014 -0.0986
vn -0.7524 -0.6068 0.2563
vn -0.0230 -0.9966 -0.0790
vn -0.9974 -0.0008 0.0727
vn -0.0232 -0.9966 -0.0790
vn 0.1377 -0.9876 -0.0756
vn 0.1339 -0.9906 0.0269
vn 0.1219 -0.9925 -0.0120
vn 0.1145 -0.9911 -0.0675
vn -0.7838 -0.5972 -0.1704
vn -0.9951 -0.0017 -0.0986
vn 0.0628 -0.9958 -0.0672
vn 0.1030 -0.9887 -0.1088
vn 0.1100 -0.9894 -0.0947
vn 0.1074 -0.9883 -0.1079
vn 0.1154 -0.9881 -0.1020
vn 0.1105 -0.9926 -0.0503
vn -0.9999 -0.0007 -0.0136
vn -0.9999 -0.0011 -0.0136
vn 0.0618 -0.9926 -0.1043
vn -0.1992 0.9719 -0.1256
vn -0.1991 0.9719 -0.1256
vn 0.1382 -0.9793 -0.1481
vn -0.1448 0.9782 -0.1491
vn -0.1449 0.9781 -0.1491
vn 0.1161 -0.9899 -0.0811
vn 0.1162 -0.9898 -0.0822
vn 0.1162 -0.9892 -0.0896
vn 0.1161 -0.9898 -0.0825
vn 0.1108 -0.9825 -0.1494
vn 0.1076 -0.9883 -0.1080
vn 0.1173 -0.9863 -0.1163
vn 0.1214 -0.9899 -0.0728
vn 0.1160 -0.9898 -0.0825
vn 0.1008 -0.9746 -0.2001
vn 0.1103 -0.9932 -0.0381
vn 0.1106 -0.9928 -0.0451
vn 0.1144 -0.9911 -0.0676
vn 0.1218 -0.9925 -0.0120
vn 0.1104 -0.9919 -0.0632
vn 0.1106 -0.9862 0.1235
vn 0.1239 -0.9899 0.0692
vn 0.1338 -0.9906 0.0269
vn 0.1237 -0.9893 0.0767
vn 0.1377 -0.9876 -0.0754
vn 0.1106 -0.9861 0.1236
vn 0.1239 -0.9899 0.0693
vn 0.0739 -0.9962 0.0464
vn 0.1104 -0.9932 -0.0381
vn 0.0325 -0.9908 -0.1310
vn 0.0261 -0.8333 -0.5522
vn 0.1174 -0.9863 -0.1162
vn 0.0574 -0.6716 -0.7387
vn 0.0573 -0.6716 -0.7387
vn 0.1158 -0.9898 -0.0824
vn 0.1161 -0.9899 -0.0810
vn 0.1162 -0.9892 -0.0897
vn 0.8389 -0.5421 -0.0485
vn 0.8388 -0.5423 -0.0485
vn 0.1380 -0.9793 -0.1481
vn -0.1449 0.9782 -0.1489
vn -0.1530 0.9727 -0.1744
vn 0.2549 -0.9618 -0.0998
vn -0.1528 0.9727 -0.1745
vn 0.2550 -0.9618 -0.0997
vn 0.8940 -0.4463 -0.0391
vn 0.1979 -0.9500 -0.2417
vn -0.1527 0.9727 -0.1746
vn 0.2550 -0.9618 -0.0998
vn 0.0902 -0.4561 0.8853
vn 0.2139 -0.9234 0.3186
vn -0.1013 0.9912 0.0848
vn -0.1449 0.9782 -0.1490
vn -0.1529 0.9727 -0.1743
vn 0.0574 -0.6719 -0.7384
vn -0.1995 0.9181 -0.3425
vn 0.0259 -0.8331 -0.5525
vn -0.8031 -0.5776 -0.1461
vn -0.0694 -0.9653 -0.2518
vn -0.8032 -0.5775 -0.1462
vn -0.0961 -0.9946 0.0403
vn -0.0796 -0.9794 -0.1858
vn 0.1208 -0.9863 0.1124
vn 0.1208 -0.9863 0.1122
vn -0.0911 -0.9643 -0.2486
vn -0.0145 0.9835 -0.1803
vn -0.0320 0.9885 -0.1478
vn -0.3126 0.9235 -0.2223
vn -0.3128 0.9235 -0.2221
vn -0.3125 0.9236 -0.2222
vn -0.0144 0.9835 -0.1804
vn 0.1234 -0.9817 -0.1453
vn 0.1202 -0.9871 -0.1056
vn 0.2548 -0.9618 -0.0998
vn 0.1271 -0.9838 -0.1268
vn 0.1498 -0.9849 -0.0862
vn 0.1306 -0.9877 -0.0865
vn 0.1333 -0.9861 -0.0994
vn 0.0902 -0.4563 0.8852
vn 0.8940 -0.4463 -0.0390
vn 0.1979 -0.9499 -0.2418
vn 0.1908 -0.9572 -0.2175
vn 0.1333 -0.9861 -0.0993
vn 0.1271 -0.9837 -0.1269
vn 0.2140 -0.9235 0.3185
vn 0.1202 -0.9871 -0.1057
vn -0.1012 0.9912 0.0849
vn 0.0902 -0.4563 0.8853
vn -0.1444 0.9755 -0.1657
vn 0.0008 -0.9935 -0.1139
vn -0.1212 -0.9909 -0.0580
vn -0.0178 -0.9946 -0.1025
vn 0.0003 0.9959 -0.0909
vn -0.0101 0.9912 -0.1318
vn 0.0381 -0.9989 -0.0267
vn -0.0102 -0.9917 -0.1278
vn -0.9999 -0.0000 0.0140
vn -0.9805 -0.0000 -0.1964
vn -0.2221 -0.9746 0.0283
vn -0.0182 0.9956 -0.0921
vn -0.0182 0.9956 -0.0923
vn -0.1213 0.9909 -0.0580
vn 0.0003 0.9958 -0.0910
vn 0.0059 0.9944 0.1054
vn -0.0100 0.9912 -0.1320
vn 0.0240 0.9863 -0.1630
vn -0.0215 0.9847 0.1728
vn 0.0238 0.9863 -0.1630
vn 0.2325 -0.9575 -0.1705
vn -0.0231 -0.9758 0.2172
vn -0.0231 -0.9758 0.2174
vn -0.0029 0.9945 0.1050
vn 0.0381 -0.9989 -0.0266
vn 0.0380 -0.9989 -0.0267
vn -0.0166 0.9995 0.0265
vn -0.0624 -0.9977 0.0262
vn -0.0624 -0.9977 0.0266
vn -0.8382 -0.0001 0.5454
vn -0.2221 0.9746 0.0283
vn -0.8382 0.0002 0.5453
vn -0.0216 0.9847 0.1729
vn 0.3976 0.9119 0.1019
vn 0.3391 -0.8683 0.3621
vn 0.3978 0.9118 0.1017
vn 0.3394 -0.8682 0.3619
vn 0.3393 -0.8682 0.3621
vn -0.0165 0.9995 0.0267
vn -0.1749 -0.0000 0.9846
vn -0.0423 0.9906 0.1298
vn -0.0160 0.9513 -0.3077
vn -0.1692 0.9516 -0.2566
vn -0.1750 0.0002 0.9846
vn -0.0623 -0.9977 0.0264
vn -0.0164 0.9995 0.0262
vn -0.1691 0.9516 -0.2565
vn -0.0623 -0.8226 -0.5653
vn -0.0174 -0.9610 -0.2759
vn -0.1749 -0.0002 0.9846
vn -0.0423 -0.9906 0.1298
vn -0.1880 -0.0000 0.9822
vn -0.0418 0.9821 0.1837
vn 0.0538 0.9533 -0.2972
vn -0.0175 -0.9609 -0.2762
vn -0.0624 -0.8226 -0.5652
vn 0.0906 -0.9744 -0.2059
vn 0.0905 -0.9744 -0.2058
vn -0.0418 -0.9821 0.1837
vn -0.2573 -0.0000 0.9663
vn 0.6814 0.6321 -0.3691
vn 0.6812 0.6323 -0.3690
vn 0.4854 -0.8338 -0.2630
vn 0.4855 -0.8338 -0.2630
vn 0.1880 -0.0000 0.9822
vn 0.0424 0.9906 0.1300
vn 0.0418 0.9821 0.1837
vn 0.1749 -0.0000 0.9846
vn 0.0424 -0.9906 0.1300
vn 0.2573 -0.0000 0.9663
vn 0.0418 -0.9821 0.1837
vn -0.1496 0.9716 -0.1831
vn 0.0187 0.9942 -0.1060
vn 0.0166 0.9995 0.0268
vn -0.6814 0.6321 -0.3691
vn -0.1495 0.9716 -0.1833
vn 0.0188 0.9942 -0.1062
vn -0.2317 0.9578 -0.1703
vn -0.1871 -0.9819 -0.0312
vn -0.6811 0.6324 -0.3690
vn -0.1881 -0.9819 -0.0228
vn -0.1494 0.9717 -0.1832
vn -0.1871 -0.9819 -0.0311
vn 0.0206 -0.9976 -0.0654
vn 0.0100 0.9918 -0.1275
vn 0.0382 0.9992 0.0153
vn 0.0383 0.9991 0.0155
vn -0.0104 -0.9831 -0.1827
vn 0.0206 -0.9976 -0.0656
vn 0.0383 0.9991 0.0153
vn 0.0167 0.9995 0.0266
vn 0.2223 0.9746 0.0284
vn 0.0165 0.9995 0.0263
vn 0.0623 -0.9977 0.0265
vn 0.0381 0.9992 0.0152
vn 0.8382 0.0001 0.5454
vn 0.1747 -0.0001 0.9846
vn -0.0104 -0.9832 -0.1825
vn 0.0624 -0.9977 0.0263
vn 0.8382 -0.0002 0.5453
vn 0.1749 -0.0002 0.9846
vn 0.0624 -0.9977 0.0268
vn -0.1869 -0.9819 -0.0312
vn -0.4854 -0.8338 -0.2630
vn -0.0234 -0.9864 -0.1626
vn 0.0206 -0.9976 -0.0657
vn -0.1869 -0.9819 -0.0313
vn -0.0236 -0.9864 -0.1626
vn 0.0102 0.9918 -0.1274
vn -0.0009 0.9935 -0.1137
vn -0.0010 0.9935 -0.1135
vn 0.0101 -0.9913 -0.1314
vn 0.1208 0.9910 -0.0579
vn -0.0105 -0.9831 -0.1826
vn -0.0050 -0.9831 -0.1828
vn 0.2223 -0.9746 0.0284
vn 0.1208 -0.9910 -0.0579
vn -0.0004 -0.9959 -0.0906
vn 0.9999 -0.0000 0.0140
vn 0.9805 -0.0000 -0.1964
vn 0.0177 0.9946 -0.1026
vn 0.0177 0.9946 -0.1025
vn 0.0182 -0.9956 -0.0921
vn 0.7445 0.6395 -0.1919
vn 0.1846 0.9797 -0.0781
vn 0.8085 0.5375 0.2397
vn 0.9951 -0.0016 -0.0988
vn 0.7837 -0.5973 -0.1704
vn 0.9973 -0.0006 0.0729
vn 0.2319 0.9706 -0.0640
vn 0.1588 0.9497 -0.2699
vn 0.1847 0.9797 -0.0783
vn 0.1477 0.9867 -0.0673
vn 0.9951 -0.0014 -0.0986
vn 0.1865 0.9523 0.2417
vn 0.9974 -0.0005 0.0726
vn 0.7524 -0.6068 0.2563
vn -0.0977 -0.9925 -0.0732
vn -0.0396 -0.9973 -0.0619
vn 0.9951 -0.0017 -0.0986
vn -0.0973 -0.9926 -0.0732
vn 0.9999 -0.0011 -0.0136
vn 0.9999 -0.0007 -0.0136
vn 0.1993 0.9718 -0.1258
vn -0.1169 -0.9688 -0.2185
vn 0.0103 -0.6775 -0.7354
vn 0.1589 0.9497 -0.2699
vn -0.2847 -0.9376 -0.1996
vn 0.1995 0.9182 -0.3423
vn 0.1995 0.9180 -0.3427
vn 0.1243 0.9831 -0.1345
vn 0.1244 0.9831 -0.1346
vn 0.0321 0.9885 -0.1480
vn 0.1460 0.9461 0.2892
vn 0.0216 0.9954 -0.0931
vn 0.1230 0.1890 0.9742
vn 0.0274 -0.2896 0.9567
vn 0.9948 0.0002 0.1020
vn -0.0965 -0.9826 0.1586
vn 0.9974 -0.0008 0.0727
vn 0.9948 -0.0002 0.1020
vn -0.0652 -0.9907 -0.1193
vn -0.1169 -0.9688 -0.2183
vn -0.0919 -0.9954 0.0271
vn -0.0902 -0.9913 -0.0953
vn 0.1993 0.9718 -0.1259
vn -0.2846 -0.9376 -0.1996
vn 0.1244 0.9831 -0.1345
vn 0.8037 -0.5767 -0.1463
vn 0.0694 -0.9653 -0.2518
vn 0.8037 -0.5767 -0.1465
vn 0.3173 0.9217 -0.2233
vn 0.3176 0.9216 -0.2231
vn 0.0144 0.9835 -0.1804
vn 0.0144 0.9835 -0.1803
vn 0.0321 0.9885 -0.1478
vn 0.3173 0.9217 -0.2234
vn 0.1216 0.8818 0.4557
vn -0.0450 -0.9066 0.4196
vn 0.1783 -0.8502 0.4954
vn 0.1833 -0.0000 0.9831
vn 0.0961 -0.9946 0.0403
vn 0.0796 -0.9794 -0.1858
vn 0.0911 -0.9643 -0.2486
vn 0.9726 -0.0000 0.2324
vn 0.7787 -0.0000 0.6274
vn 0.7676 -0.6152 0.1801
vn 0.9760 -0.0000 -0.2176
vn 0.7675 0.6152 0.1801
vn 0.4849 -0.6982 0.5267
vn 0.3796 -0.0000 0.9252
vn 0.4849 0.6982 0.5267
vn 0.1169 -0.9929 0.0217
vn 0.5068 -0.6726 -0.5392
vn 0.6002 0.7962 -0.0756
vn -0.0599 0.4848 -0.8726
vn 0.6001 0.7964 -0.0756
vn 0.9760 0.0003 -0.2178
vn 0.5070 -0.6726 -0.5391
vn 0.1169 0.9929 0.0217
vn 0.2139 0.6775 0.7037
vn 0.0539 0.9940 0.0954
vn 0.2139 -0.6775 0.7037
vn 0.1482 -0.0000 0.9890
vn 0.0539 -0.9940 0.0954
vn -0.3967 -0.8370 -0.3769
vn -0.6143 -0.7814 -0.1093
vn -0.0913 -0.7384 -0.6682
vn -0.0913 -0.7386 -0.6680
vn -0.0599 0.4849 -0.8725
vn -0.6144 0.7814 -0.1093
vn -0.7704 0.6043 -0.2034
vn -0.5805 -0.4552 -0.6751
vn -0.7533 -0.0002 -0.6577
vn -0.7704 0.6042 -0.2035
vn -0.3967 0.8370 -0.3769
vn -0.0056 0.9980 0.0632
vn 0.0928 0.7674 0.6344
vn 0.0928 -0.7674 0.6344
vn -0.0056 -0.9980 0.0632
vn -0.7294 -0.0002 -0.6840
vn -0.1987 -0.7442 -0.6377
vn -0.9933 -0.0000 -0.1154
vn -0.5803 -0.4550 -0.6754
vn -0.7531 0.0002 -0.6579
vn -0.7530 -0.0001 -0.6580
vn -0.7294 0.0002 -0.6841
vn -0.1986 0.7442 -0.6377
vn -0.0134 0.9937 -0.1114
vn -0.2052 0.0002 -0.9787
vn -0.0921 0.5989 -0.7955
vn -0.2052 -0.0002 -0.9787
vn -0.0134 -0.9937 -0.1115
vn -0.0921 -0.5988 -0.7956
vn -0.1071 -0.0002 -0.9942
vn -0.1071 0.0002 -0.9942
vn -0.0000 -0.9992 -0.0398
vn 0.6617 -0.7365 0.1402
vn 0.1572 -0.9875 -0.0099
vn -0.0000 -0.4141 0.9103
vn -0.1572 -0.9875 -0.0099
vn -0.6617 -0.7365 0.1401
vn -0.0001 -0.2392 0.9710
vn 0.9941 -0.1081 -0.0059
vn 0.8792 -0.4505 -0.1551
vn 0.7657 -0.0623 0.6402
vn 0.2110 -0.9575 -0.1969
vn 0.6838 -0.3149 0.6583
vn -0.6838 -0.3149 0.6583
vn -0.0000 -0.0273 0.9996
vn -0.2109 -0.9575 -0.1969
vn -0.7657 -0.0623 0.6402
vn -0.9941 -0.1081 -0.0060
vn -0.8792 -0.4505 -0.1552
vn -0.0000 -0.0471 0.9989
vn 0.9989 -0.0417 -0.0200
vn 0.7399 -0.0226 0.6723
vn 0.8264 -0.2511 -0.5040
vn 0.7424 -0.0811 -0.6651
vn 0.4698 -0.7316 -0.4941
vn 0.9601 -0.2794 -0.0102
vn 0.2340 -0.8887 -0.3943
vn 0.8602 -0.0487 0.5075
vn -0.8603 -0.0486 0.5075
vn -0.9601 -0.2794 -0.0102
vn -0.2337 -0.8888 -0.3942
vn -0.4698 -0.7316 -0.4940
vn -0.8264 -0.2511 -0.5040
vn -0.7423 -0.0811 -0.6651
vn -0.9989 -0.0418 -0.0199
vn -0.7399 -0.0226 0.6723
vn -0.0001 -0.0140 0.9999
vn 0.9798 -0.0226 0.1988
vn 0.6082 -0.0304 0.7932
vn 0.8583 -0.0440 -0.5112
vn 0.0002 -0.0707 -0.9975
vn -0.0000 -0.1490 -0.9888
vn -0.0000 -0.4341 -0.9008
vn -0.0000 -0.9280 -0.3725
vn -0.0000 -0.6011 -0.7992
vn 0.8051 -0.2287 -0.5472
vn -0.0000 -0.2661 -0.9639
vn 0.9944 -0.0505 -0.0925
vn 0.6234 -0.0171 -0.7817
vn -0.8051 -0.2285 -0.5473
vn -0.0001 0.0077 -1.0000
vn -0.6235 -0.0168 -0.7816
vn -0.9944 -0.0504 -0.0925
vn -0.8583 -0.0439 -0.5113
vn -0.9798 -0.0226 0.1987
vn -0.6083 -0.0304 0.7931
vn -0.0004 -0.0567 0.9984
vn -0.1757 0.6366 -0.7509
vn 0.1639 0.7627 -0.6256
vn -0.1726 0.8155 -0.5525
vn 0.1878 0.5973 -0.7798
vn -0.1285 0.7268 -0.6748
vn -0.7552 0.4447 0.4815
vn -0.9692 0.1312 0.2082
vn 0.1697 0.9736 -0.1529
vn 0.8609 0.4765 -0.1784
vn 0.9563 0.2925 0.0004
vn -0.1291 0.9898 -0.0603
vn -0.9608 0.2765 -0.0215
vn -0.1534 -0.5084 0.8473
vn -0.1833 -0.7136 0.6761
vn -0.1535 -0.1553 0.9759
vn -0.0103 0.6872 0.7264
vn 0.2164 0.8130 -0.5405
vn 0.7750 0.5475 0.3156
vn 0.1711 -0.7555 0.6325
vn 0.1248 -0.5694 0.8125
vn 0.9870 0.1004 0.1256
vn 0.1908 0.9816 0.0079
vn -0.3112 0.9502 0.0162
vn -0.9839 -0.1019 0.1470
vn -0.1830 -0.7137 0.6761
vn -0.1531 -0.5085 0.8473
vn -0.1450 -0.9441 0.2961
vn -0.1452 -0.9441 0.2960
vn 0.0714 -0.2848 0.9559
vn -0.1533 -0.1556 0.9759
vn 0.1015 -0.9754 0.1957
vn -0.1775 -0.9755 0.1298
vn -0.1777 -0.9755 0.1298
vn 0.9793 0.1881 0.0754
vn 0.2740 -0.9528 0.1305
vn -0.9958 -0.0159 0.0904
vn -0.0070 -1.0000 0.0014
vn -0.0042 -1.0000 0.0039
vn 0.6048 -0.4128 0.6810
vn 0.4244 -0.4076 0.8086
vn -0.0068 -1.0000 0.0017
vn 0.7968 -0.3921 0.4598
vn -0.0013 -1.0000 0.0032
vn 0.5018 -0.3058 0.8091
vn 0.7279 -0.2764 0.6276
vn 0.2847 -0.5381 0.7934
vn 0.3377 -0.3249 0.8834
vn -0.0070 -1.0000 0.0010
vn 0.2105 -0.4502 0.8677
vn 0.1480 -0.3304 0.9322
vn -0.0072 -1.0000 0.0010
vn 0.1127 -0.5789 0.8076
vn 0.0224 -0.4524 0.8916
vn -0.0000 -0.3278 0.9447
vn -0.0074 -1.0000 0.0013
vn 0.0004 -1.0000 0.0004
vn 0.0004 -0.5222 0.8528
vn -0.1480 -0.3303 0.9322
vn -0.0223 -0.4523 0.8916
vn 0.0075 -1.0000 -0.0000
vn -0.1128 -0.5790 0.8075
vn -0.3378 -0.3249 0.8834
vn -0.2105 -0.4502 0.8677
vn 0.0074 -1.0000 -0.0000
vn -0.2847 -0.5381 0.7933
vn -0.4245 -0.4075 0.8086
vn -0.5019 -0.3057 0.8091
vn -0.6049 -0.4128 0.6810
vn 0.0073 -1.0000 0.0003
vn -0.7279 -0.2763 0.6276
vn -0.7967 -0.3921 0.4599
vn 0.0041 -1.0000 0.0039
vn -0.8505 -0.2542 0.4605
vn -0.9537 -0.2082 0.2170
vn 0.0016 -1.0000 0.0030
vn -0.0715 -0.9973 0.0138
vn -0.9556 -0.2276 0.1869
vn -0.9518 -0.2617 0.1597
vn 0.0006 -1.0000 0.0015
vn 0.8505 -0.2542 0.4605
vn 0.9537 -0.2082 0.2170
vn 0.0717 -0.9973 0.0139
vn 0.9518 -0.2617 0.1598
vn 0.9556 -0.2276 0.1870
vn -0.0006 -1.0000 0.0015
vn -0.6660 -0.7072 0.2372
vn -0.6611 -0.6918 0.2903
vn 0.7326 -0.0632 0.6778
vn 0.3815 0.3975 0.8345
vn -0.4176 -0.8928 0.1686
vn -0.6100 -0.7923 0.0151
vn -0.8760 -0.4799 0.0472
vn 0.8378 -0.2844 0.4660
vn -0.4381 -0.7742 0.4568
vn -0.9240 -0.3781 0.0571
vn 0.8810 0.2450 0.4047
vn 0.5979 0.5740 0.5595
vn 0.1446 0.5939 0.7915
vn 0.2230 0.7069 0.6713
vn -0.1686 -0.9692 0.1797
vn -0.1819 -0.9811 0.0657
vn -0.0201 0.4982 0.8668
vn -0.0080 0.7033 0.7108
vn -0.0088 -0.9827 0.1847
vn -0.0050 -0.9950 0.0994
vn -0.1720 0.5854 0.7923
vn 0.1508 -0.9697 0.1923
vn -0.2353 0.6928 0.6817
vn -0.3977 0.3876 0.8316
vn 0.3960 -0.8948 0.2062
vn 0.1732 -0.9816 0.0806
vn 0.6409 -0.7140 0.2817
vn 0.6097 -0.7919 0.0346
vn -0.5967 0.5657 0.5692
vn -0.7236 -0.0688 0.6868
vn 0.6559 -0.6906 0.3048
vn 0.8754 -0.4805 0.0528
vn -0.8821 0.2412 0.4046
vn -0.8361 -0.2852 0.4686
vn 0.4384 -0.7742 0.4566
vn 0.9240 -0.3781 0.0571
vn -0.9458 0.0607 0.3189
vn -0.9713 -0.0111 0.2378
vn -0.7848 -0.4077 0.4668
vn 0.9456 0.0612 0.3195
vn 0.9710 -0.0100 0.2391
vn 0.7837 -0.4077 0.4686
vn 0.6686 0.7173 -0.1962
vn -0.6833 0.4821 -0.5484
vn -0.5370 0.6511 -0.5364
vn 0.9484 0.3086 -0.0726
vn 0.9589 0.1577 0.2358
vn 0.7202 0.6800 0.1372
vn -0.8323 0.2473 -0.4961
vn -0.8761 0.2462 -0.4146
vn -0.4699 0.4297 -0.7711
vn 0.7035 0.4242 0.5702
vn 0.4506 0.8198 0.3534
vn 0.9918 0.0433 0.1206
vn -0.1715 0.0804 -0.9819
vn -0.0100 0.8681 0.4962
vn 0.2865 0.7108 0.6424
vn -0.4632 0.0785 -0.8828
vn 0.0148 -0.1021 -0.9947
vn 0.0241 -0.0607 -0.9979
vn 0.2056 0.0561 -0.9770
vn -0.4520 0.8187 0.3541
vn -0.3127 0.7060 0.6355
vn -0.0158 0.7520 0.6590
vn 0.4752 0.0583 -0.8779
vn 0.5064 0.3822 -0.7730
vn -0.7045 0.4351 0.5607
vn -0.7197 0.6866 0.1034
vn 0.8326 0.2425 -0.4979
vn 0.5541 0.6179 -0.5579
vn -0.6748 0.7007 -0.2316
vn -0.9629 0.1508 0.2239
vn 0.6842 0.4812 -0.5479
vn 0.8761 0.2462 -0.4146
vn -0.9484 0.3079 -0.0753
vn -0.9922 0.0429 0.1174
vn -0.8734 0.4756 -0.1050
vn -0.8602 0.4831 0.1632
vn -0.8225 0.5659 0.0563
vn -0.7378 0.6673 -0.1018
vn 0.2515 0.3908 -0.8854
vn -0.3252 -0.5052 -0.7994
vn -0.4734 -0.7355 0.4847
vn 0.3018 0.4687 0.8302
vn 0.3018 0.4686 0.8302
vn 0.2516 0.3911 -0.8853
vn 0.9149 -0.3906 -0.1022
vn 0.7973 -0.5943 -0.1052
vn 0.9148 -0.3906 -0.1024
vn 0.7974 -0.5943 -0.1050
vn 0.7983 -0.5796 0.1637
vn 0.7984 -0.5795 0.1635
vn 0.8582 -0.5101 0.0563
vn 0.8582 -0.5103 0.0559
vn 0.9148 -0.3907 -0.1023
vn 0.7974 -0.5943 -0.1051
vn -0.7893 -0.5065 0.3471
vn -0.8375 -0.5273 0.1436
vn -0.8227 -0.5038 -0.2634
vn -0.0392 0.0610 0.9974
vn -0.0018 0.0031 1.0000
vn -0.8306 -0.4383 -0.3436
vn -0.8374 -0.5273 0.1436
vn -0.0391 0.0608 0.9974
vn -0.8305 -0.4383 -0.3437
vn -0.0660 0.1026 -0.9925
vn -0.0426 0.0671 -0.9968
vn -0.0660 0.1024 -0.9926
vn 0.7850 0.5131 0.3471
vn 0.8186 0.5562 0.1436
vn 0.8238 0.5485 0.1436
vn 0.7399 0.5787 -0.3429
vn 0.7956 0.5457 -0.2631
vn 0.7851 0.5131 0.3470
vn 0.8303 0.5331 0.1627
vn 0.8142 0.5741 -0.0864
vn 0.8058 0.5455 0.2305
vn 0.2071 0.3281 0.9217
vn -0.2408 -0.1762 0.9544
vn 0.8011 0.5584 -0.2154
vn -0.1426 0.1971 -0.9700
vn -0.7908 -0.4940 0.3615
vn -0.8590 -0.5038 -0.0909
vn -0.7908 -0.4942 0.3612
vn -0.8358 -0.5411 0.0930
vn -0.8591 -0.5037 -0.0909
vn -0.8381 -0.4987 -0.2211
vn -0.8568 -0.5074 -0.0915
vn -0.8381 -0.4986 -0.2213
vn -0.0923 0.1305 -0.9871
vn 0.8356 -0.5415 0.0930
vn 0.8381 -0.4987 -0.2211
vn 0.8591 -0.5037 -0.0909
vn 0.7908 -0.4940 0.3614
vn 0.2409 -0.1762 0.9544
vn 0.1427 0.1971 -0.9700
vn 0.8381 -0.4987 -0.2213
vn 0.0923 0.1305 -0.9871
vn 0.8590 -0.5038 -0.0912
vn -0.2071 0.3281 0.9217
vn 0.7906 -0.4941 0.3617
vn -0.8303 0.5331 0.1627
vn -0.8058 0.5455 0.2305
vn -0.8142 0.5741 -0.0865
vn -0.8011 0.5584 -0.2154
vn 0.8602 0.4830 0.1632
vn 0.8225 0.5659 0.0563
vn -0.3017 0.4688 0.8302
vn 0.4734 -0.7355 0.4847
vn 0.8734 0.4756 -0.1050
vn 0.7378 0.6673 -0.1018
vn -0.3016 0.4688 0.8302
vn -0.7983 -0.5795 0.1636
vn -0.8582 -0.5101 0.0563
vn -0.2519 0.3910 -0.8853
vn -0.9149 -0.3906 -0.1021
vn -0.8581 -0.5103 0.0564
vn 0.3252 -0.5052 -0.7994
vn -0.7974 -0.5942 -0.1052
vn -0.7984 -0.5795 0.1634
vn -0.2516 0.3908 -0.8854
vn -0.7973 -0.5944 -0.1052
vn -0.9148 -0.3907 -0.1022
vn -0.9148 -0.3908 -0.1023
vn -0.7973 -0.5943 -0.1051
vn 0.9823 -0.0798 0.1693
vn 0.9823 0.0350 0.1839
vn 0.5745 -0.1709 0.8005
vn 0.5745 -0.6088 0.5471
vn 0.9823 -0.1641 0.0901
vn 1.0000 -0.0000 -0.0000
vn 0.9824 -0.0797 0.1690
vn 0.9824 -0.1638 0.0899
vn 0.9824 0.0349 0.1835
vn 0.9823 0.1364 0.1282
vn 0.5745 0.3322 0.7481
vn 0.9824 0.1361 0.1280
vn -0.0000 0.2078 0.9782
vn -0.0000 -0.4068 0.9135
vn 0.5745 -0.8141 0.0848
vn -0.0000 -0.8661 0.4999
vn 0.9823 -0.1857 -0.0235
vn 0.9824 -0.1853 -0.0235
vn 0.9824 0.1853 0.0235
vn 0.9824 0.1638 -0.0899
vn 0.9824 -0.1361 -0.1280
vn 0.9824 -0.0349 -0.1836
vn 0.9824 0.0797 -0.1690
vn 0.5745 0.7085 0.4099
vn 0.9823 0.1856 0.0237
vn -0.0000 0.7431 0.6692
vn -0.5745 -0.1709 0.8005
vn -0.5745 0.3322 0.7481
vn -0.5745 -0.6088 0.5471
vn -0.0000 -0.9945 -0.1046
vn -0.5745 -0.8141 0.0848
vn 0.5745 -0.7085 -0.4099
vn 0.9823 -0.1364 -0.1282
vn 0.5745 -0.3322 -0.7481
vn 0.9823 -0.0350 -0.1839
vn 0.5745 0.1709 -0.8005
vn 0.9823 0.0798 -0.1693
vn 0.5745 0.6088 -0.5471
vn 0.9823 0.1641 -0.0901
vn 0.5745 0.8141 -0.0851
vn 0.9823 0.1857 0.0235
vn 0.5745 0.8141 -0.0847
vn -0.0000 0.9945 0.1049
vn -0.5745 0.7085 0.4099
vn -0.9823 0.1364 0.1282
vn -0.9823 0.0350 0.1839
vn -0.9823 -0.0798 0.1693
vn -0.9823 -0.1641 0.0901
vn -0.5745 -0.7085 -0.4099
vn -0.9823 -0.1857 -0.0236
vn -0.0000 -0.7431 -0.6692
vn -0.0000 -0.2078 -0.9782
vn -0.0000 0.4068 -0.9135
vn -0.0000 0.8661 -0.4999
vn -0.0000 0.9945 0.1046
vn -0.5745 0.8141 -0.0851
vn -0.5745 0.8141 -0.0848
vn -0.9823 0.1856 0.0237
vn -0.9824 0.0348 0.1836
vn -0.9824 0.1361 0.1280
vn -1.0000 -0.0000 -0.0000
vn -0.9824 0.1853 0.0236
vn -0.9824 -0.0797 0.1690
vn -0.9824 -0.1638 0.0898
vn -0.9824 -0.1854 -0.0236
vn -0.9823 -0.1364 -0.1282
vn -0.9824 -0.1361 -0.1280
vn -0.5745 -0.3322 -0.7481
vn -0.5745 0.1709 -0.8005
vn -0.5745 0.6088 -0.5471
vn -0.9823 0.1641 -0.0901
vn -0.9823 0.1857 0.0235
vn -0.9824 0.1638 -0.0899
vn -0.9824 0.0797 -0.1690
vn -0.9824 -0.0348 -0.1836
vn -0.9823 -0.0350 -0.1839
vn -0.9823 0.0798 -0.1693
vn -0.5745 0.8141 -0.0847
vn -0.9823 0.1857 0.0237
vn 0.9823 0.1857 0.0237
vn 0.9824 -0.0349 -0.1835
vn 0.9823 -0.1363 -0.1282
vn 0.5745 -0.7085 -0.4100
vn -0.5745 -0.7085 -0.4100
vn 0.2417 -0.4480 0.8608
vn 0.8463 -0.2928 0.4450
vn 0.2739 -0.3304 0.9032
vn 0.6752 -0.6698 0.3090
vn 0.1520 -0.5346 0.8313
vn 0.0246 -0.3489 0.9369
vn 0.7941 0.1122 0.5973
vn 0.2385 -0.2133 0.9474
vn -0.1943 -0.2285 0.9540
vn -0.1065 -0.1389 0.9846
vn 0.0177 -0.1022 0.9946
vn -0.0936 -0.5408 0.8359
vn 0.0294 -0.5682 0.8224
vn -0.1857 -0.4598 0.8684
vn 0.1445 -0.1294 0.9810
vn -0.2227 -0.3459 0.9115
vn 0.3268 -0.9178 0.2255
vn -0.1057 -0.9704 0.2172
vn -0.5064 -0.8135 0.2862
vn -0.2227 -0.3459 0.9114
vn -0.7678 -0.4891 0.4139
vn -0.8199 -0.0841 0.5662
vn -0.1066 -0.1389 0.9846
vn -0.6489 0.2929 0.7022
vn 0.0176 -0.1022 0.9946
vn -0.3005 0.5409 0.7856
vn 0.1320 0.5936 0.7939
vn 0.5327 0.4366 0.7250
vn -0.4671 0.8841 0.0118
vn -0.4301 0.8145 0.3893
vn 0.3660 -0.6931 0.6210
vn -0.4485 0.8494 -0.2782
vn -0.3661 0.6932 -0.6209
vn 0.4487 -0.8493 0.2782
vn 0.4668 -0.8843 -0.0119
vn 0.4301 -0.8145 -0.3893
vn -0.3660 0.6932 -0.6209
vn -0.2384 0.9682 0.0763
vn -0.0474 -0.9562 -0.2889
vn 0.0576 -0.9827 0.1759
vn -0.1771 0.9672 -0.1823
vn -0.2245 0.8161 0.5325
vn 0.0576 -0.9827 0.1761
vn -0.2384 0.9682 0.0762
vn -0.1700 0.9699 -0.1742
vn -0.1773 0.9671 -0.1823
vn -0.0476 -0.9562 -0.2889
vn 0.0579 -0.9772 -0.2042
vn 0.0141 -0.9859 0.1670
vn 0.0142 -0.9859 0.1669
vn -0.2246 0.8163 0.5322
vn 0.0392 0.0610 0.9974
vn -0.7850 0.5131 0.3471
vn 0.0018 0.0031 1.0000
vn -0.8237 0.5486 0.1434
vn 0.0392 0.0608 0.9974
vn 0.8375 -0.5273 0.1433
vn 0.8306 -0.4384 -0.3434
vn 0.7893 -0.5065 0.3471
vn 0.8387 -0.5254 0.1436
vn 0.0659 0.1024 -0.9926
vn -0.7399 0.5787 -0.3430
vn -0.8238 0.5484 0.1436
vn -0.7963 0.5447 -0.2631
vn -0.7851 0.5131 0.3470
vn 0.0660 0.1026 -0.9925
vn 0.0426 0.0670 -0.9968
vn 0.8238 -0.5021 -0.2632
vn 0.8306 -0.4383 -0.3435
vn 0.0723 0.8731 0.4821
vn -0.1757 -0.9723 0.1540
vn -0.1719 -0.9759 0.1341
vn 0.1012 0.9912 0.0850
vn -0.1496 -0.9766 -0.1544
vn 0.0721 0.8732 0.4819
vn 0.1551 0.9763 -0.1511
vn -0.1718 -0.9760 0.1340
vn 0.0722 0.8732 0.4819
vn 0.1012 0.9912 0.0852
vn -0.2078 -0.9441 -0.2559
vn -0.1498 -0.9766 -0.1544
vn 0.1445 0.9756 -0.1652
vn 0.0476 -0.9559 -0.2899
vn 0.2382 0.9681 0.0771
vn -0.0574 -0.9827 0.1758
vn 0.1770 0.9674 -0.1813
vn 0.0479 -0.9558 -0.2900
vn -0.0577 -0.9771 -0.2049
vn -0.0575 -0.9828 0.1755
vn 0.1698 0.9701 -0.1736
vn 0.1772 0.9673 -0.1813
vn 0.2382 0.9682 0.0770
vn -0.0577 -0.9828 0.1757
vn 0.2240 0.8157 0.5334
vn -0.0004 -0.9858 0.1677
vn -0.0140 -0.9858 0.1673
vn 0.2241 0.8157 0.5333
vn 0.4301 0.8145 0.3894
vn -0.3660 -0.6931 0.6210
vn -0.4485 -0.8494 0.2782
vn 0.4669 0.8842 0.0118
vn 0.4485 0.8494 -0.2782
vn -0.4669 -0.8842 -0.0118
vn -0.4301 -0.8145 -0.3893
vn 0.3661 0.6932 -0.6209
vn -0.8014 -0.2924 0.5218
vn -0.3690 -0.2608 0.8921
vn -0.5443 -0.2837 0.7894
vn -0.5469 -0.3439 0.7633
vn -0.3436 -0.3663 0.8647
vn -0.2835 -0.1871 0.9405
vn -0.1962 -0.3757 0.9057
vn -0.0000 -0.3781 0.9258
vn -0.0000 0.0628 0.9980
vn 0.1963 -0.3757 0.9057
vn 0.2846 -0.1870 0.9402
vn 0.3445 -0.3664 0.8643
vn 0.5451 -0.2837 0.7890
vn 0.5469 -0.3442 0.7632
vn 0.8013 -0.2922 0.5220
vn 0.8814 -0.2466 0.4028
vn 0.3674 -0.2617 0.8925
vt 0.133537 0.736978
vt 0.149888 0.745337
vt 0.134835 0.735982
vt 0.139584 0.754985
vt 0.123272 0.744768
vt 0.111054 0.726193
vt 0.112250 0.725184
vt 0.151183 0.744180
vt 0.170367 0.756067
vt 0.171467 0.754927
vt 0.162137 0.765207
vt 0.152386 0.743054
vt 0.135767 0.734834
vt 0.113203 0.724126
vt 0.100623 0.719628
vt 0.099084 0.720738
vt 0.105537 0.730365
vt 0.121651 0.745954
vt 0.104272 0.731219
vt 0.160850 0.766688
vt 0.138005 0.756352
vt 0.182820 0.770449
vt 0.186450 0.765284
vt 0.172803 0.753951
vt 0.201518 0.767420
vt 0.199812 0.769023
vt 0.162743 0.732915
vt 0.142920 0.725047
vt 0.101708 0.718281
vt 0.116709 0.718857
vt 0.103680 0.715441
vt 0.119753 0.746794
vt 0.136464 0.757740
vt 0.102787 0.731837
vt 0.160012 0.768245
vt 0.184308 0.772311
vt 0.181664 0.773518
vt 0.187483 0.772262
vt 0.183909 0.745484
vt 0.198692 0.758733
vt 0.093885 0.724557
vt 0.095871 0.723084
vt 0.091820 0.725829
vt 0.328606 0.528409
vt 0.331460 0.529066
vt 0.329693 0.533959
vt 0.346570 0.529066
vt 0.349289 0.527299
vt 0.349425 0.528409
vt 0.326997 0.532917
vt 0.348360 0.533959
vt 0.351056 0.532917
vt 0.328742 0.527299
vt 0.332547 0.535160
vt 0.334292 0.529791
vt 0.331732 0.527276
vt 0.349946 0.538354
vt 0.355315 0.540597
vt 0.352166 0.537425
vt 0.349017 0.540597
vt 0.354408 0.538354
vt 0.345483 0.535160
vt 0.343738 0.529791
vt 0.346321 0.527276
vt 0.331347 0.525441
vt 0.328560 0.526166
vt 0.346683 0.525441
vt 0.349493 0.526166
vt 0.334111 0.524717
vt 0.334654 0.527299
vt 0.335696 0.536089
vt 0.336784 0.530267
vt 0.337010 0.527344
vt 0.349946 0.542840
vt 0.342334 0.536089
vt 0.352166 0.543768
vt 0.354408 0.542840
vt 0.341247 0.530244
vt 0.341020 0.527344
vt 0.343399 0.527276
vt 0.343920 0.524717
vt 0.345279 0.521704
vt 0.347748 0.523312
vt 0.330305 0.523335
vt 0.350195 0.524513
vt 0.327858 0.524535
vt 0.332751 0.521704
vt 0.336625 0.524309
vt 0.335674 0.520390
vt 0.339026 0.524173
vt 0.339026 0.527367
vt 0.339026 0.536429
vt 0.339026 0.530403
vt 0.341405 0.524309
vt 0.342357 0.520390
vt 0.339026 0.519891
vt 0.139340 0.734602
vt 0.164629 0.730805
vt 0.145576 0.722690
vt 0.117564 0.723305
vt 0.116721 0.724602
vt 0.138521 0.736005
vt 0.155394 0.743314
vt 0.141152 0.761486
vt 0.164552 0.770610
vt 0.142533 0.759767
vt 0.126618 0.748478
vt 0.124873 0.749574
vt 0.175158 0.754957
vt 0.185181 0.744371
vt 0.163842 0.772489
vt 0.109518 0.732152
vt 0.108152 0.732962
vt 0.120598 0.716911
vt 0.105499 0.718737
vt 0.106452 0.717091
vt 0.108165 0.713641
vt 0.137349 0.737249
vt 0.115647 0.725857
vt 0.154319 0.744706
vt 0.153159 0.746141
vt 0.173950 0.756180
vt 0.191804 0.766120
vt 0.184484 0.777449
vt 0.199762 0.759099
vt 0.143949 0.758069
vt 0.165689 0.768796
vt 0.186912 0.775879
vt 0.185417 0.773776
vt 0.128083 0.746992
vt 0.110666 0.731076
vt 0.099407 0.724915
vt 0.097528 0.726528
vt 0.101202 0.723070
vt 0.104107 0.720128
vt 0.172972 0.757583
vt 0.188573 0.767498
vt 0.191193 0.767323
vt 0.189898 0.775641
vt 0.096058 0.726704
vt 0.107527 0.732548
vt 0.097655 0.724523
vt 0.106489 0.733841
vt 0.105237 0.734827
vt 0.094379 0.728602
vt 0.111893 0.726487
vt 0.100190 0.721136
vt 0.125778 0.748640
vt 0.122896 0.751694
vt 0.124510 0.750334
vt 0.113526 0.723562
vt 0.140587 0.720847
vt 0.115882 0.716402
vt 0.103550 0.713762
vt 0.102195 0.717650
vt 0.135631 0.734316
vt 0.112840 0.725096
vt 0.101437 0.719479
vt 0.139735 0.763434
vt 0.159778 0.728241
vt 0.142143 0.759501
vt 0.140937 0.761514
vt 0.133897 0.737330
vt 0.134982 0.735871
vt 0.151911 0.742601
vt 0.172102 0.753789
vt 0.180860 0.741539
vt 0.163205 0.771643
vt 0.162699 0.773800
vt 0.150032 0.745869
vt 0.164126 0.769616
vt 0.150993 0.744199
vt 0.171039 0.755212
vt 0.189189 0.764758
vt 0.183094 0.777653
vt 0.196301 0.756476
vt 0.185329 0.775725
vt 0.183675 0.773579
vt 0.170195 0.756850
vt 0.186201 0.766465
vt 0.188723 0.766078
vt 0.188179 0.775279
vt 0.536834 0.394639
vt 0.593386 0.379926
vt 0.581193 0.407354
vt 0.119376 0.164366
vt 0.111937 0.156196
vt 0.122486 0.158208
vt 0.105840 0.164305
vt 0.101938 0.150099
vt 0.114803 0.146318
vt 0.097670 0.155098
vt 0.554566 0.354096
vt 0.124498 0.151867
vt 0.135107 0.154915
vt 0.136875 0.146257
vt 0.125839 0.144794
vt 0.600785 0.350357
vt 0.132180 0.163025
vt 0.115535 0.169731
vt 0.128339 0.170097
vt 0.110779 0.174365
vt 0.096451 0.170707
vt 0.105352 0.178328
vt 0.090719 0.158391
vt 0.089073 0.139002
vt 0.104255 0.143940
vt 0.115474 0.138148
vt 0.559116 0.319611
vt 0.137241 0.137355
vt 0.125961 0.137843
vt 0.603228 0.319611
vt 0.145655 0.147599
vt 0.146204 0.137051
vt 0.143338 0.157537
vt 0.139802 0.166622
vt 0.135107 0.174853
vt 0.123339 0.176560
vt 0.117730 0.182048
vt 0.111694 0.186621
vt 0.099377 0.182658
vt 0.105352 0.191315
vt 0.087122 0.174792
vt 0.083707 0.159427
vt 0.092609 0.186743
vt 0.079135 0.177475
vt 0.085049 0.190889
vt 0.098341 0.195766
vt 0.102792 0.201985
vt 0.109803 0.197291
vt 0.116449 0.192779
vt 0.122912 0.187596
vt 0.129314 0.181743
vt 0.243405 0.534095
vt 0.238761 0.535613
vt 0.243654 0.535613
vt 0.242702 0.532713
vt 0.241638 0.531649
vt 0.240278 0.530946
vt 0.238761 0.530697
vt 0.136143 0.128210
vt 0.144984 0.126320
vt 0.237243 0.530946
vt 0.125229 0.130588
vt 0.600785 0.288863
vt 0.554566 0.285124
vt 0.593386 0.259294
vt 0.123339 0.124003
vt 0.133643 0.119796
vt 0.141753 0.116259
vt 0.235884 0.531649
vt 0.129741 0.112235
vt 0.120656 0.117662
vt 0.536834 0.244581
vt 0.581193 0.231867
vt 0.114315 0.130222
vt 0.103828 0.133209
vt 0.101206 0.127234
vt 0.110474 0.120710
vt 0.104072 0.113272
vt 0.096512 0.122600
vt 0.116998 0.112296
vt 0.124985 0.105711
vt 0.136875 0.107479
vt 0.234819 0.532713
vt 0.130717 0.100529
vt 0.234117 0.534095
vt 0.112913 0.107479
vt 0.119559 0.100407
vt 0.094682 0.107357
vt 0.102914 0.099614
vt 0.108218 0.103333
vt 0.089561 0.119674
vt 0.104499 0.138453
vt 0.078037 0.158818
vt 0.082488 0.118942
vt 0.076879 0.119857
vt 0.085354 0.103394
vt 0.097243 0.095773
vt 0.102670 0.087724
vt 0.108401 0.091810
vt 0.114071 0.095773
vt 0.118278 0.090407
vt 0.124498 0.094980
vt 0.233890 0.535613
vt 0.234117 0.537131
vt 0.112303 0.086322
vt 0.234819 0.538490
vt 0.106511 0.082481
vt 0.096512 0.083700
vt 0.100597 0.078213
vt 0.091024 0.091871
vt 0.077549 0.100894
vt 0.084012 0.087785
vt 0.090841 0.200339
vt 0.090049 0.079310
vt 0.094195 0.073701
vt 0.235884 0.539577
vt 0.237243 0.540280
vt 0.238761 0.540506
vt 0.241638 0.539577
vt 0.240278 0.540280
vt 0.242702 0.538490
vt 0.243405 0.537131
vt 0.095231 0.206741
vt 0.147278 0.948243
vt 0.121041 0.943736
vt 0.151677 0.945414
vt 0.136167 0.949158
vt 0.142111 0.950005
vt 0.142114 0.953284
vt 0.150481 0.950486
vt 0.124551 0.936050
vt 0.119681 0.946678
vt 0.099380 0.934118
vt 0.101174 0.931594
vt 0.155970 0.946895
vt 0.397780 0.532725
vt 0.399071 0.550289
vt 0.397089 0.554164
vt 0.398583 0.534544
vt 0.400817 0.534504
vt 0.400740 0.551274
vt 0.397829 0.554828
vt 0.153391 0.948547
vt 0.148225 0.951246
vt 0.143084 0.952950
vt 0.135429 0.952248
vt 0.134867 0.952121
vt 0.119136 0.946356
vt 0.099133 0.933899
vt 0.086779 0.924350
vt 0.086847 0.924507
vt 0.084095 0.922487
vt 0.169655 0.838430
vt 0.397790 0.532145
vt 0.461940 0.533400
vt 0.463580 0.530826
vt 0.461897 0.533361
vt 0.455777 0.533488
vt 0.450220 0.580280
vt 0.447885 0.584506
vt 0.449677 0.580186
vt 0.202875 0.701487
vt 0.239075 0.691887
vt 0.238475 0.702787
vt 0.208475 0.671487
vt 0.465778 0.533935
vt 0.458520 0.593529
vt 0.172009 0.833222
vt 0.134298 0.823416
vt 0.453918 0.583555
vt 0.171983 0.833280
vt 0.130125 0.821976
vt 0.171915 0.833123
vt 0.192432 0.789029
vt 0.195203 0.783028
vt 0.192228 0.789025
vt 0.496563 0.532915
vt 0.481184 0.593905
vt 0.148708 0.807318
vt 0.465623 0.593969
vt 0.465822 0.533974
vt 0.501642 0.530403
vt 0.501685 0.530441
vt 0.499318 0.531813
vt 0.509631 0.591771
vt 0.194200 0.785157
vt 0.160988 0.779179
vt 0.499590 0.592858
vt 0.194845 0.782905
vt 0.161014 0.779121
vt 0.142380 0.805000
vt 0.138207 0.803559
vt 0.148759 0.806733
vt 0.228475 0.664287
vt 0.245075 0.664287
vt 0.228475 0.661987
vt 0.235575 0.669787
vt 0.235675 0.664987
vt 0.243275 0.669387
vt 0.331475 0.668687
vt 0.270775 0.681387
vt 0.269075 0.667387
vt 0.331175 0.682387
vt 0.246375 0.662287
vt 0.263875 0.668287
vt 0.515326 0.590673
vt 0.519818 0.589558
vt 0.524541 0.588100
vt 0.519694 0.589565
vt 0.499279 0.531856
vt 0.509592 0.591815
vt 0.499551 0.592901
vt 0.481187 0.593946
vt 0.515245 0.590719
vt 0.535408 0.618802
vt 0.529482 0.620947
vt 0.523892 0.622453
vt 0.523975 0.622449
vt 0.529562 0.620901
vt 0.516286 0.624152
vt 0.534756 0.662925
vt 0.524095 0.664791
vt 0.535561 0.619332
vt 0.547856 0.659477
vt 0.540762 0.661479
vt 0.534673 0.662929
vt 0.540680 0.661483
vt 0.516244 0.624154
vt 0.524056 0.664834
vt 0.504047 0.625938
vt 0.488922 0.627179
vt 0.474745 0.627581
vt 0.465664 0.593966
vt 0.490171 0.656088
vt 0.509168 0.662833
vt 0.500782 0.658613
vt 0.513471 0.665827
vt 0.529152 0.692954
vt 0.520551 0.676451
vt 0.540618 0.691417
vt 0.555300 0.688130
vt 0.547415 0.690052
vt 0.540698 0.691371
vt 0.547539 0.690045
vt 0.529194 0.692952
vt 0.509642 0.666201
vt 0.513211 0.694404
vt 0.504045 0.625897
vt 0.490672 0.667528
vt 0.493081 0.695711
vt 0.519174 0.740650
vt 0.496471 0.741849
vt 0.536371 0.739462
vt 0.549595 0.738284
vt 0.557197 0.737247
vt 0.564873 0.735296
vt 0.555409 0.688621
vt 0.565035 0.735991
vt 0.557073 0.737254
vt 0.549515 0.738329
vt 0.536330 0.739464
vt 0.523757 0.693456
vt 0.369360 0.333970
vt 0.368977 0.312717
vt 0.336500 0.316731
vt 0.315532 0.329405
vt 0.315728 0.337127
vt 0.309316 0.337599
vt 0.400399 0.332090
vt 0.410804 0.351853
vt 0.369143 0.374467
vt 0.519176 0.740691
vt 0.515303 0.710725
vt 0.538685 0.779531
vt 0.552360 0.779032
vt 0.561688 0.778523
vt 0.561812 0.778516
vt 0.569638 0.777799
vt 0.538726 0.779529
vt 0.552443 0.779028
vt 0.499210 0.781357
vt 0.521259 0.780318
vt 0.479254 0.742666
vt 0.482941 0.782122
vt 0.475998 0.696728
vt 0.470433 0.782764
vt 0.465505 0.743334
vt 0.486443 0.814385
vt 0.474118 0.815349
vt 0.511691 0.812799
vt 0.501414 0.813360
vt 0.538715 0.811902
vt 0.522012 0.812276
vt 0.551544 0.811822
vt 0.561728 0.812590
vt 0.569551 0.813322
vt 0.569709 0.778333
vt 0.561643 0.812553
vt 0.551461 0.811826
vt 0.538633 0.811906
vt 0.547283 0.830807
vt 0.554770 0.831474
vt 0.559709 0.831701
vt 0.559750 0.831699
vt 0.566261 0.832668
vt 0.566296 0.832542
vt 0.554436 0.831410
vt 0.547326 0.830846
vt 0.536769 0.831589
vt 0.519854 0.834914
vt 0.511159 0.833361
vt 0.502411 0.831603
vt 0.477219 0.834222
vt 0.488212 0.833124
vt 0.465927 0.816210
vt 0.470069 0.835192
vt 0.474172 0.854217
vt 0.480320 0.853095
vt 0.489940 0.851865
vt 0.504092 0.859330
vt 0.510858 0.864217
vt 0.538074 0.851677
vt 0.528056 0.854709
vt 0.519769 0.865925
vt 0.545315 0.851613
vt 0.552005 0.852075
vt 0.557592 0.852805
vt 0.562651 0.853729
vt 0.547403 0.867105
vt 0.555377 0.870602
vt 0.551469 0.868787
vt 0.543007 0.865441
vt 0.537950 0.862282
vt 0.533783 0.862551
vt 0.529989 0.866608
vt 0.523589 0.885835
vt 0.514425 0.890102
vt 0.506461 0.890579
vt 0.497953 0.892451
vt 0.491091 0.894896
vt 0.486823 0.895585
vt 0.487395 0.896961
vt 0.494847 0.909842
vt 0.501194 0.908585
vt 0.508232 0.907827
vt 0.515585 0.907550
vt 0.521585 0.890829
vt 0.522679 0.907825
vt 0.534440 0.876838
vt 0.538358 0.882627
vt 0.531479 0.890081
vt 0.529156 0.893023
vt 0.535375 0.867431
vt 0.695618 0.598050
vt 0.696853 0.614262
vt 0.685701 0.607663
vt 0.695301 0.621672
vt 0.711376 0.584108
vt 0.701615 0.609839
vt 0.714522 0.596816
vt 0.723953 0.576599
vt 0.735344 0.574855
vt 0.725138 0.591396
vt 0.745784 0.574164
vt 0.735804 0.588875
vt 0.715486 0.599930
vt 0.725504 0.595657
vt 0.703275 0.611247
vt 0.538523 0.867466
vt 0.538544 0.866348
vt 0.538812 0.867451
vt 0.702900 0.612520
vt 0.702009 0.615427
vt 0.711893 0.621282
vt 0.539432 0.873502
vt 0.542850 0.876958
vt 0.543344 0.885252
vt 0.537948 0.894074
vt 0.536398 0.896767
vt 0.533013 0.910572
vt 0.528899 0.908768
vt 0.238715 0.555163
vt 0.232848 0.550927
vt 0.239735 0.553124
vt 0.237107 0.556794
vt 0.240097 0.550859
vt 0.239735 0.548571
vt 0.238715 0.546532
vt 0.237107 0.544901
vt 0.235091 0.543859
vt 0.232871 0.558199
vt 0.235113 0.557836
vt 0.237129 0.556772
vt 0.237129 0.544924
vt 0.235113 0.543882
vt 0.232871 0.543497
vt 0.235091 0.557836
vt 0.238738 0.555163
vt 0.239757 0.553102
vt 0.239757 0.548594
vt 0.238738 0.546555
vt 0.536131 0.913092
vt 0.542221 0.900299
vt 0.543880 0.896565
vt 0.547636 0.888039
vt 0.550552 0.881546
vt 0.546858 0.879099
vt 0.725074 0.606059
vt 0.722821 0.623025
vt 0.735598 0.604641
vt 0.734356 0.623976
vt 0.715590 0.608772
vt 0.725279 0.601510
vt 0.735753 0.599830
vt 0.745248 0.599432
vt 0.745124 0.604414
vt 0.744612 0.624555
vt 0.754990 0.624742
vt 0.537905 0.894035
vt 0.536313 0.896730
vt 0.532928 0.910535
vt 0.529069 0.892945
vt 0.528814 0.908731
vt 0.521544 0.890831
vt 0.522594 0.907788
vt 0.514384 0.890105
vt 0.515542 0.907511
vt 0.508230 0.907786
vt 0.501233 0.908541
vt 0.491130 0.894853
vt 0.494883 0.909757
vt 0.489801 0.911443
vt 0.487434 0.896917
vt 0.489981 0.851863
vt 0.480362 0.853092
vt 0.486901 0.895498
vt 0.523547 0.885837
vt 0.531438 0.890083
vt 0.766872 0.624065
vt 0.754823 0.604896
vt 0.745282 0.597959
vt 0.754910 0.600047
vt 0.735651 0.598410
vt 0.552909 0.876202
vt 0.552319 0.877517
vt 0.549360 0.874119
vt 0.755080 0.598623
vt 0.765667 0.601623
vt 0.765645 0.606250
vt 0.778730 0.620736
vt 0.519852 0.834873
vt 0.511156 0.833319
vt 0.477261 0.834219
vt 0.474252 0.854171
vt 0.484934 0.895854
vt 0.470152 0.835187
vt 0.483466 0.896265
vt 0.163510 0.185670
vt 0.169936 0.219244
vt 0.162261 0.186633
vt 0.167648 0.219580
vt 0.170748 0.235759
vt 0.474157 0.815305
vt 0.536726 0.831550
vt 0.790066 0.612107
vt 0.775505 0.608146
vt 0.796987 0.617895
vt 0.775781 0.604132
vt 0.789193 0.609336
vt 0.795710 0.610281
vt 0.788782 0.609903
vt 0.807228 0.605148
vt 0.797114 0.595831
vt 0.482983 0.782120
vt 0.470475 0.782762
vt 0.466010 0.816206
vt 0.168372 0.236060
vt 0.171383 0.253044
vt 0.164358 0.219888
vt 0.160888 0.187786
vt 0.164952 0.236363
vt 0.168962 0.253336
vt 0.457831 0.765776
vt 0.167425 0.293125
vt 0.454430 0.773993
vt 0.465546 0.743332
vt 0.505872 0.716911
vt 0.494888 0.720451
vt 0.477490 0.717965
vt 0.458485 0.697436
vt 0.460386 0.697374
vt 0.468466 0.712663
vt 0.444071 0.713955
vt 0.453410 0.743954
vt 0.447904 0.765160
vt 0.450318 0.770699
vt 0.451806 0.772936
vt 0.450252 0.777078
vt 0.451040 0.777863
vt 0.163669 0.290162
vt 0.165469 0.253622
vt 0.156960 0.220192
vt 0.157181 0.236718
vt 0.156750 0.189845
vt 0.152027 0.220257
vt 0.152525 0.190668
vt 0.157430 0.253976
vt 0.151775 0.236808
vt 0.157460 0.287864
vt 0.444940 0.781383
vt 0.449918 0.776268
vt 0.444559 0.779707
vt 0.444659 0.780778
vt 0.451072 0.773142
vt 0.447464 0.769240
vt 0.449721 0.771146
vt 0.446697 0.745355
vt 0.422569 0.764391
vt 0.422227 0.761926
vt 0.421834 0.755490
vt 0.439383 0.720586
vt 0.078674 0.840127
vt 0.099170 0.877861
vt 0.054897 0.874874
vt 0.096964 0.888475
vt 0.093976 0.896462
vt 0.421521 0.749008
vt 0.418722 0.756115
vt 0.418215 0.749106
vt 0.419735 0.761773
vt 0.420252 0.765180
vt 0.419478 0.766920
vt 0.419776 0.767069
vt 0.421484 0.766521
vt 0.422708 0.764674
vt 0.447170 0.769919
vt 0.437892 0.781934
vt 0.437953 0.783049
vt 0.438101 0.783496
vt 0.150923 0.286855
vt 0.151585 0.254079
vt 0.147472 0.254055
vt 0.147021 0.286897
vt 0.433788 0.784104
vt 0.433693 0.782371
vt 0.433756 0.783526
vt 0.420508 0.769099
vt 0.418508 0.768877
vt 0.417860 0.770651
vt 0.420620 0.771163
vt 0.417575 0.766196
vt 0.418171 0.768771
vt 0.416451 0.762283
vt 0.415172 0.756309
vt 0.409685 0.761949
vt 0.410954 0.765481
vt 0.415242 0.767441
vt 0.417525 0.770587
vt 0.417558 0.772696
vt 0.423227 0.773421
vt 0.437809 0.781939
vt 0.437872 0.783094
vt 0.437977 0.783503
vt 0.143104 0.286873
vt 0.143353 0.253912
vt 0.147889 0.236765
vt 0.144001 0.236596
vt 0.148391 0.220203
vt 0.137479 0.253571
vt 0.136470 0.287831
vt 0.444579 0.780824
vt 0.444858 0.781388
vt 0.444476 0.779712
vt 0.420623 0.771204
vt 0.417560 0.772737
vt 0.417862 0.770692
vt 0.420512 0.769182
vt 0.418236 0.776012
vt 0.417017 0.772643
vt 0.412888 0.769060
vt 0.405832 0.763402
vt 0.407421 0.767496
vt 0.409690 0.771884
vt 0.416209 0.776040
vt 0.417019 0.772684
vt 0.417486 0.770630
vt 0.418174 0.768813
vt 0.418469 0.768921
vt 0.421530 0.766601
vt 0.449836 0.776273
vt 0.450213 0.777121
vt 0.450958 0.777867
vt 0.130085 0.290103
vt 0.129361 0.252885
vt 0.138581 0.236209
vt 0.144756 0.220023
vt 0.139824 0.219637
vt 0.130768 0.235415
vt 0.125820 0.252446
vt 0.454389 0.773995
vt 0.126140 0.293125
vt 0.451808 0.772977
vt 0.450992 0.773187
vt 0.422529 0.764435
vt 0.422671 0.764758
vt 0.419439 0.766963
vt 0.415203 0.767485
vt 0.417534 0.766198
vt 0.412849 0.769104
vt 0.410874 0.765527
vt 0.416368 0.762288
vt 0.420167 0.765144
vt 0.422186 0.761929
vt 0.447134 0.770004
vt 0.422563 0.765054
vt 0.449643 0.771233
vt 0.457790 0.765779
vt 0.123365 0.252047
vt 0.127323 0.234909
vt 0.132425 0.218840
vt 0.146358 0.190441
vt 0.142193 0.189347
vt 0.146323 0.190069
vt 0.149432 0.190239
vt 0.149413 0.190553
vt 0.149488 0.190549
vt 0.142152 0.188902
vt 0.138225 0.186997
vt 0.129140 0.218304
vt 0.124930 0.234463
vt 0.453369 0.743956
vt 0.421480 0.749010
vt 0.418680 0.756118
vt 0.419693 0.761775
vt 0.415090 0.756314
vt 0.414603 0.748930
vt 0.414974 0.744357
vt 0.418207 0.744428
vt 0.169184 0.870000
vt 0.161853 0.865643
vt 0.186134 0.828697
vt 0.421603 0.744450
vt 0.439342 0.720588
vt 0.153487 0.858749
vt 0.145837 0.816495
vt 0.444030 0.713957
vt 0.458444 0.697438
vt 0.434420 0.714606
vt 0.438826 0.705092
vt 0.458016 0.668401
vt 0.148999 0.857232
vt 0.133268 0.816569
vt 0.422413 0.738817
vt 0.419646 0.740458
vt 0.421661 0.736416
vt 0.415673 0.739723
vt 0.410321 0.738733
vt 0.408518 0.743633
vt 0.407977 0.748879
vt 0.408451 0.756801
vt 0.409602 0.761954
vt 0.404383 0.757354
vt 0.404509 0.742983
vt 0.403827 0.748691
vt 0.406114 0.737513
vt 0.409193 0.730225
vt 0.415645 0.733143
vt 0.137081 0.861487
vt 0.122132 0.818959
vt 0.428813 0.710483
vt 0.433523 0.699711
vt 0.448194 0.668193
vt 0.453993 0.626604
vt 0.462520 0.627338
vt 0.474610 0.668281
vt 0.474704 0.627583
vt 0.453696 0.593130
vt 0.447492 0.625800
vt 0.439486 0.667179
vt 0.422561 0.706685
vt 0.426359 0.695880
vt 0.125620 0.866291
vt 0.110114 0.822224
vt 0.113676 0.869723
vt 0.098699 0.827204
vt 0.410405 0.738769
vt 0.415730 0.733180
vt 0.408601 0.743628
vt 0.408060 0.748874
vt 0.414686 0.748926
vt 0.408534 0.756796
vt 0.415016 0.744354
vt 0.415758 0.739760
vt 0.088520 0.832314
vt 0.101719 0.873868
vt 0.421704 0.736455
vt 0.428898 0.710520
vt 0.434502 0.714602
vt 0.438911 0.705129
vt 0.433605 0.699706
vt 0.439571 0.667215
vt 0.432139 0.666048
vt 0.432272 0.665462
vt 0.441249 0.625189
vt 0.441451 0.624350
vt 0.448921 0.592108
vt 0.451792 0.587066
vt 0.447577 0.625837
vt 0.453781 0.593167
vt 0.448235 0.668191
vt 0.458057 0.668399
vt 0.419688 0.740456
vt 0.418249 0.744426
vt 0.421644 0.744447
vt 0.458338 0.687923
vt 0.462563 0.627377
vt 0.466335 0.668361
vt 0.461748 0.676849
vt 0.454035 0.626602
vt 0.458563 0.593568
vt 0.454001 0.583551
vt 0.474639 0.661242
vt 0.314983 0.407576
vt 0.301719 0.406521
vt 0.314030 0.424159
vt 0.329419 0.434545
vt 0.349836 0.442942
vt 0.367921 0.440178
vt 0.368783 0.408821
vt 0.315702 0.375304
vt 0.294074 0.374688
vt 0.300246 0.353795
vt 0.409010 0.408839
vt 0.397814 0.426161
vt 0.416011 0.374349
vt 0.488920 0.627138
vt 0.126862 0.217806
vt 0.136951 0.185750
vt 0.135783 0.184700
vt 0.484895 0.895897
vt 0.483427 0.896309
vt 0.136614 0.184224
vt 0.137251 0.185694
vt 0.485249 0.897078
vt 0.483561 0.897253
vt 0.139293 0.182070
vt 0.136455 0.183166
vt 0.135334 0.181364
vt 0.137749 0.183598
vt 0.137187 0.184304
vt 0.137487 0.185715
vt 0.138352 0.187017
vt 0.138579 0.187210
vt 0.179118 0.176462
vt 0.172591 0.174667
vt 0.179503 0.175187
vt 0.172337 0.177224
vt 0.173088 0.172857
vt 0.172950 0.172124
vt 0.178341 0.170904
vt 0.139795 0.185867
vt 0.140543 0.170904
vt 0.143620 0.181231
vt 0.142724 0.186027
vt 0.489762 0.911486
vt 0.145195 0.171603
vt 0.146731 0.186211
vt 0.146466 0.180883
vt 0.182207 0.179058
vt 0.183769 0.183824
vt 0.178356 0.179992
vt 0.184475 0.188590
vt 0.177469 0.184628
vt 0.172616 0.182674
vt 0.142239 0.188497
vt 0.171929 0.187621
vt 0.146326 0.189706
vt 0.176882 0.188818
vt 0.184555 0.191924
vt 0.149782 0.180914
vt 0.149605 0.186289
vt 0.150035 0.171883
vt 0.152494 0.186412
vt 0.153101 0.181088
vt 0.176711 0.191668
vt 0.184257 0.195246
vt 0.176695 0.194523
vt 0.171403 0.191494
vt 0.149452 0.189927
vt 0.171675 0.195393
vt 0.152602 0.189962
vt 0.152582 0.190312
vt 0.177008 0.198742
vt 0.183241 0.199956
vt 0.155923 0.181618
vt 0.156498 0.186465
vt 0.154936 0.171790
vt 0.159690 0.171393
vt 0.160206 0.182756
vt 0.177589 0.203426
vt 0.181371 0.204609
vt 0.159424 0.186526
vt 0.172038 0.200374
vt 0.156751 0.188967
vt 0.156816 0.189390
vt 0.160763 0.187794
vt 0.160525 0.187969
vt 0.171403 0.205794
vt 0.178119 0.206998
vt 0.178420 0.208295
vt 0.171866 0.210202
vt 0.176981 0.212494
vt 0.171681 0.210924
vt 0.161638 0.184407
vt 0.164248 0.182318
vt 0.162980 0.184067
vt 0.162145 0.185162
vt 0.162726 0.185127
vt 0.161733 0.186556
vt 0.161969 0.186553
vt 0.171489 0.208363
vt 0.483552 0.897088
vt 0.485201 0.896957
vt 0.422600 0.764969
vt 0.790669 0.606530
vt 0.776967 0.596237
vt 0.780579 0.584580
vt 0.767908 0.577502
vt 0.788783 0.608155
vt 0.775820 0.599331
vt 0.766126 0.591599
vt 0.756320 0.575523
vt 0.765561 0.595794
vt 0.755247 0.589167
vt 0.765731 0.599520
vt 0.775862 0.602544
vt 0.788727 0.609330
vt 0.538662 0.867749
vt 0.538740 0.867662
vt 0.538706 0.867788
vt 0.542181 0.870785
vt 0.540602 0.870665
vt 0.542101 0.870831
vt 0.545704 0.872373
vt 0.545992 0.870825
vt 0.541832 0.868941
vt 0.752551 0.700987
vt 0.763956 0.696677
vt 0.766022 0.701746
vt 0.754985 0.597607
vt 0.549513 0.873903
vt 0.549641 0.872447
vt 0.754912 0.593512
vt 0.745461 0.588027
vt 0.745356 0.592590
vt 0.745311 0.596729
vt 0.553017 0.875906
vt 0.553608 0.874590
vt 0.551832 0.865580
vt 0.556815 0.867378
vt 0.543487 0.865125
vt 0.536174 0.866146
vt 0.741590 0.695416
vt 0.752628 0.696038
vt 0.749187 0.708175
vt 0.538984 0.872119
vt 0.544896 0.873493
vt 0.541991 0.871085
vt 0.545630 0.872542
vt 0.545424 0.877852
vt 0.547747 0.874911
vt 0.532142 0.859784
vt 0.542257 0.880509
vt 0.766136 0.696743
vt 0.728258 0.667930
vt 0.766924 0.662248
vt 0.539401 0.844899
vt 0.563730 0.845432
vt 0.735935 0.593269
vt 0.735791 0.597392
vt 0.725305 0.599419
vt 0.805077 0.699318
vt 0.766164 0.697123
vt 0.803901 0.664334
vt 0.561089 0.857706
vt 0.560905 0.858130
vt 0.550662 0.881292
vt 0.548930 0.885195
vt 0.765739 0.600205
vt 0.725265 0.600101
vt 0.545479 0.872799
vt 0.715458 0.603269
vt 0.703337 0.612468
vt 0.703275 0.613013
vt 0.715478 0.604849
vt 0.541536 0.871855
vt 0.538006 0.867867
vt 0.715508 0.604853
vt 0.267075 0.690387
vt 0.269075 0.667287
vt 0.263875 0.668187
vt 0.331475 0.668587
vt 0.243375 0.669387
vt 0.248475 0.665187
vt 0.235675 0.669787
vt 0.330975 0.691387
vt 0.330975 0.691487
vt 0.248375 0.665187
vt 0.582135 0.851069
vt 0.582020 0.859700
vt 0.855423 0.855312
vt 0.855423 0.847624
vt 0.855423 0.830326
vt 0.581445 0.836128
vt 0.578450 0.840988
vt 0.578450 0.851432
vt 0.855423 0.863037
vt 0.582308 0.864524
vt 0.578680 0.863544
vt 0.905001 0.863218
vt 0.905001 0.855820
vt 0.905001 0.848422
vt 0.905001 0.830144
vt 0.855423 0.775965
vt 0.845173 0.798920
vt 0.625437 0.814514
vt 0.576032 0.836092
vt 0.578220 0.829238
vt 0.577414 0.834714
vt 0.577529 0.837143
vt 0.580523 0.816908
vt 0.578911 0.837216
vt 0.578680 0.873590
vt 0.581675 0.878159
vt 0.634996 0.868295
vt 0.626071 0.869637
vt 0.618067 0.872284
vt 0.611618 0.876020
vt 0.578853 0.834641
vt 0.578738 0.884397
vt 0.580926 0.895893
vt 0.607817 0.880299
vt 0.607299 0.880806
vt 0.604823 0.886536
vt 0.605168 0.889655
vt 0.609430 0.878449
vt 0.577874 0.816908
vt 0.578738 0.895421
vt 0.579717 0.909565
vt 0.579659 0.910000
vt 0.579199 0.801568
vt 0.625437 0.915585
vt 0.625437 0.916020
vt 0.625437 0.798413
vt 0.612769 0.902856
vt 0.608220 0.898141
vt 0.619967 0.907497
vt 0.605514 0.892810
vt 0.441703 0.929606
vt 0.441703 0.986219
vt 0.438046 0.985717
vt 0.434389 0.930574
vt 0.428186 0.968938
vt 0.434389 0.985251
vt 0.449017 0.985251
vt 0.449770 0.984928
vt 0.449017 0.930574
vt 0.452280 0.983925
vt 0.450452 0.931148
vt 0.455865 0.933371
vt 0.455865 0.982419
vt 0.461710 0.977937
vt 0.458590 0.935486
vt 0.461710 0.937889
vt 0.466227 0.943733
vt 0.466227 0.972057
vt 0.469060 0.950581
vt 0.469060 0.965245
vt 0.668970 0.876455
vt 0.661657 0.872393
vt 0.653711 0.869601
vt 0.855423 0.880879
vt 0.671331 0.879066
vt 0.673519 0.881278
vt 0.675822 0.885884
vt 0.855423 0.900571
vt 0.676341 0.886972
vt 0.845173 0.912937
vt 0.676629 0.892847
vt 0.674671 0.898903
vt 0.671389 0.902348
vt 0.429871 0.932439
vt 0.427541 0.982419
vt 0.421697 0.977937
vt 0.417179 0.972057
vt 0.415458 0.967898
vt 0.625437 0.909710
vt 0.059457 0.225362
vt 0.051409 0.223289
vt 0.050799 0.223106
vt 0.074029 0.223716
vt 0.073420 0.228898
vt 0.202308 0.165682
vt 0.215051 0.165072
vt 0.209258 0.144952
vt 0.205783 0.133062
vt 0.205539 0.132087
vt 0.204990 0.161902
vt 0.204990 0.161841
vt 0.207246 0.161963
vt 0.211392 0.162146
vt 0.211392 0.162207
vt 0.159356 0.187638
vt 0.157527 0.159408
vt 0.298799 0.152762
vt 0.114332 0.228715
vt 0.270663 0.216094
vt 0.269200 0.228106
vt 0.300052 0.224691
vt 0.855423 0.935929
vt 0.845173 0.935349
vt 0.905001 0.881641
vt 0.905001 0.903436
vt 0.644958 0.868295
vt 0.470028 0.957895
vt 0.905001 0.943218
vt 0.905001 0.944415
vt 0.855423 0.936836
vt 0.845173 0.936110
vt 0.301088 0.224569
vt 0.845173 0.776327
vt 0.905001 0.767841
vt 0.437552 0.930834
vt 0.444482 0.925477
vt 0.445247 0.967654
vt 0.432194 0.937764
vt 0.428835 0.963275
vt 0.427687 0.954559
vt 0.428835 0.945885
vt 0.447246 0.924371
vt 0.430153 0.966421
vt 0.162039 0.197210
vt 0.158320 0.198673
vt 0.159295 0.188491
vt 0.300811 0.187942
vt 0.181977 0.197271
vt 0.172282 0.195869
vt 0.191123 0.200990
vt 0.198866 0.206844
vt 0.297457 0.221538
vt 0.205268 0.214770
vt 0.308676 0.220440
vt 0.206792 0.217941
vt 0.300872 0.187028
vt 0.131745 0.094011
vt 0.120039 0.130716
vt 0.122234 0.093767
vt 0.131684 0.091755
vt 0.226496 0.092365
vt 0.131989 0.130960
vt 0.226496 0.094560
vt 0.114308 0.130777
vt 0.116442 0.093889
vt 0.122965 0.154007
vt 0.122356 0.091511
vt 0.121929 0.093279
vt 0.120100 0.130228
vt 0.131502 0.093584
vt 0.132416 0.130533
vt 0.226191 0.094316
vt 0.250214 0.092731
vt 0.226556 0.131448
vt 0.250214 0.094194
vt 0.250518 0.094499
vt 0.226556 0.131692
vt 0.284875 0.637487
vt 0.436675 0.664687
vt 0.439175 0.652787
vt 0.139123 0.130716
vt 0.131745 0.158153
vt 0.139550 0.158336
vt 0.132477 0.158580
vt 0.117356 0.163214
vt 0.123026 0.153580
vt 0.117356 0.162787
vt 0.283575 0.656387
vt 0.255457 0.131387
vt 0.237675 0.633087
vt 0.236275 0.652987
vt 0.251311 0.093828
vt 0.266493 0.127911
vt 0.255457 0.132179
vt 0.379048 0.672647
vt 0.377468 0.684153
vt 0.281063 0.670940
vt 0.285615 0.632631
vt 0.383726 0.642619
vt 0.133818 0.167299
vt 0.377974 0.694583
vt 0.385812 0.694963
vt 0.387646 0.719174
vt 0.381956 0.720628
vt 0.286373 0.733777
vt 0.132660 0.167665
vt 0.281126 0.695026
vt 0.279672 0.683015
vt 0.251541 0.674480
vt 0.257673 0.629850
vt 0.286816 0.621189
vt 0.384801 0.635792
vt 0.259064 0.618850
vt 0.257673 0.734979
vt 0.251604 0.691296
vt 0.250340 0.682888
vt 0.251857 0.639395
vt 0.250150 0.626626
vt 0.252047 0.726255
vt 0.251035 0.619229
vt 0.273384 0.807232
vt 0.274822 0.794749
vt 0.244300 0.798408
vt 0.374490 0.808408
vt 0.274887 0.819649
vt 0.243059 0.807101
vt 0.244366 0.815793
vt 0.250640 0.752267
vt 0.279527 0.755143
vt 0.376124 0.796513
vt 0.244627 0.762136
vt 0.270579 0.315878
vt 0.241679 0.315939
vt 0.265336 0.278686
vt 0.252078 0.740895
vt 0.242863 0.748934
vt 0.281615 0.312403
vt 0.280769 0.743313
vt 0.241313 0.278807
vt 0.147538 0.315025
vt 0.380960 0.765469
vt 0.382071 0.758410
vt 0.146868 0.342645
vt 0.138149 0.338072
vt 0.383117 0.819584
vt 0.375013 0.819192
vt 0.385012 0.844615
vt 0.132478 0.347279
vt 0.148941 0.351791
vt 0.154245 0.315208
vt 0.154672 0.342828
vt 0.132478 0.347706
vt 0.147782 0.352157
vt 0.147599 0.343072
vt 0.250640 0.860954
vt 0.280312 0.859713
vt 0.244823 0.851935
vt 0.266433 0.278320
vt 0.243778 0.741287
vt 0.241679 0.316183
vt 0.270579 0.316671
vt 0.265641 0.278990
vt 0.265336 0.277222
vt 0.241618 0.276856
vt 0.146624 0.278076
vt 0.146807 0.276247
vt 0.241618 0.279051
vt 0.135222 0.314720
vt 0.379130 0.846118
vt 0.147112 0.315452
vt 0.138088 0.338499
vt 0.135161 0.315208
vt 0.146868 0.278503
vt 0.129430 0.315269
vt 0.131564 0.278381
vt 0.137051 0.277771
vt 0.137478 0.276003
vt 0.137356 0.278259
vt 0.889601 0.734805
vt 0.890940 0.736258
vt 0.889489 0.737366
vt 0.888819 0.729034
vt 0.888205 0.734729
vt 0.888596 0.741418
vt 0.886587 0.716037
vt 0.843053 0.713514
vt 0.885694 0.736296
vt 0.620139 0.730180
vt 0.885024 0.752045
vt 0.888149 0.737443
vt 0.886196 0.799290
vt 0.888317 0.787173
vt 0.885471 0.780599
vt 0.888317 0.798793
vt 0.889154 0.716037
vt 0.887870 0.699868
vt 0.070395 0.204703
vt 0.266175 0.203910
vt 0.071005 0.199520
vt 0.048384 0.199093
vt 0.630073 0.697078
vt 0.267639 0.191899
vt 0.047775 0.198910
vt 0.843053 0.696543
vt 0.620139 0.672882
vt 0.620139 0.748413
vt 0.572084 0.729989
vt 0.620139 0.756517
vt 0.885136 0.761142
vt 0.888596 0.752427
vt 0.884856 0.766226
vt 0.888373 0.775782
vt 0.888373 0.765194
vt 0.620139 0.804221
vt 0.843053 0.803151
vt 0.620139 0.783465
vt 0.887368 0.813701
vt 0.887424 0.814160
vt 0.843053 0.820046
vt 0.843053 0.820505
vt 0.630073 0.817256
vt 0.297027 0.200496
vt 0.620139 0.841490
vt 0.630073 0.840879
vt 0.630073 0.673264
vt 0.298064 0.200374
vt 0.572084 0.664319
vt 0.572084 0.850435
vt 0.620139 0.842446
vt 0.630073 0.841681
vt 0.572084 0.749254
vt 0.620139 0.764659
vt 0.572084 0.764850
vt 0.572084 0.757052
vt 0.572084 0.784268
vt 0.572084 0.807241
vt 0.572084 0.849173
vt 0.309939 0.603008
vt 0.312136 0.603257
vt 0.311208 0.604617
vt 0.309418 0.603484
vt 0.310868 0.602668
vt 0.313156 0.599769
vt 0.314651 0.603756
vt 0.312182 0.599769
vt 0.314470 0.605681
vt 0.310958 0.605092
vt 0.308489 0.604481
vt 0.311230 0.599723
vt 0.312499 0.595850
vt 0.312046 0.595850
vt 0.314311 0.599655
vt 0.313042 0.595827
vt 0.317007 0.603801
vt 0.314470 0.606429
vt 0.317822 0.605410
vt 0.310437 0.606361
vt 0.311479 0.595850
vt 0.312000 0.581850
vt 0.311774 0.581850
vt 0.312250 0.581827
vt 0.312499 0.581804
vt 0.313564 0.595782
vt 0.315149 0.599338
vt 0.319408 0.603756
vt 0.318366 0.603257
vt 0.318185 0.606021
vt 0.320043 0.604345
vt 0.314583 0.608037
vt 0.318774 0.606973
vt 0.320835 0.605092
vt 0.311525 0.581827
vt 0.240324 0.525419
vt 0.241117 0.524626
vt 0.241071 0.525464
vt 0.240369 0.524581
vt 0.239599 0.525374
vt 0.239553 0.526212
vt 0.240256 0.526257
vt 0.242566 0.524717
vt 0.241162 0.523788
vt 0.240414 0.523720
vt 0.242521 0.525555
vt 0.241003 0.526302
vt 0.240210 0.527095
vt 0.240958 0.527140
vt 0.239508 0.527050
vt 0.238194 0.524445
vt 0.239667 0.524535
vt 0.239712 0.523697
vt 0.241230 0.522927
vt 0.240482 0.522882
vt 0.242634 0.523878
vt 0.244039 0.524807
vt 0.243971 0.525645
vt 0.242476 0.526393
vt 0.241275 0.522089
vt 0.240528 0.522043
vt 0.242725 0.522179
vt 0.242408 0.527231
vt 0.239757 0.522836
vt 0.239825 0.521998
vt 0.242680 0.523017
vt 0.244197 0.522270
vt 0.243880 0.527322
vt 0.244084 0.523969
vt 0.244130 0.523108
vt 0.243926 0.526484
vt 0.315557 0.567011
vt 0.318117 0.567011
vt 0.318094 0.567668
vt 0.315240 0.567827
vt 0.313156 0.567374
vt 0.321379 0.567215
vt 0.321243 0.566468
vt 0.318004 0.572697
vt 0.319725 0.572448
vt 0.312952 0.568099
vt 0.312929 0.571995
vt 0.310369 0.567510
vt 0.310256 0.568235
vt 0.307787 0.571497
vt 0.307832 0.567782
vt 0.307787 0.568461
vt 0.305589 0.568416
vt 0.304593 0.571112
vt 0.305612 0.567782
vt 0.305204 0.567713
vt 0.304910 0.568325
vt 0.321492 0.572176
vt 0.323010 0.570387
vt 0.322920 0.566490
vt 0.323282 0.567600
vt 0.322965 0.566581
vt 0.322761 0.565969
vt 0.316554 0.530652
vt 0.318026 0.530607
vt 0.316667 0.531082
vt 0.315602 0.531082
vt 0.315534 0.530833
vt 0.315874 0.530040
vt 0.316984 0.530040
vt 0.318162 0.531173
vt 0.319295 0.530675
vt 0.319340 0.530040
vt 0.316871 0.532532
vt 0.315761 0.532532
vt 0.736029 0.657315
vt 0.718737 0.659473
vt 0.736408 0.624488
vt 0.315013 0.531060
vt 0.747736 0.625086
vt 0.747099 0.654367
vt 0.314945 0.530878
vt 0.315217 0.530040
vt 0.314266 0.531060
vt 0.763082 0.625654
vt 0.762211 0.653572
vt 0.314266 0.530924
vt 0.314266 0.530040
vt 0.777584 0.655683
vt 0.313586 0.530878
vt 0.313518 0.531060
vt 0.778522 0.627225
vt 0.788864 0.659240
vt 0.313020 0.530833
vt 0.312952 0.531082
vt 0.313337 0.530040
vt 0.312000 0.530652
vt 0.312657 0.530040
vt 0.789947 0.628209
vt 0.805875 0.664389
vt 0.311887 0.531082
vt 0.310528 0.530607
vt 0.311570 0.530040
vt 0.311683 0.532532
vt 0.312771 0.532532
vt 0.310392 0.531173
vt 0.309259 0.530675
vt 0.309214 0.530040
vt 0.310279 0.532532
vt 0.309237 0.532532
vt 0.309191 0.531196
vt 0.318253 0.532532
vt 0.319318 0.532532
vt 0.319363 0.531196
vt 0.317075 0.534344
vt 0.318525 0.535047
vt 0.317030 0.534888
vt 0.318638 0.534412
vt 0.317075 0.533212
vt 0.315920 0.534299
vt 0.316848 0.536632
vt 0.318389 0.536632
vt 0.315920 0.534707
vt 0.315965 0.533212
vt 0.315172 0.534254
vt 0.318751 0.533212
vt 0.315059 0.534526
vt 0.314266 0.534208
vt 0.315195 0.533212
vt 0.315399 0.536632
vt 0.314266 0.536632
vt 0.314266 0.534390
vt 0.313450 0.534526
vt 0.313360 0.534254
vt 0.313337 0.533212
vt 0.314266 0.533212
vt 0.313133 0.536632
vt 0.312612 0.534707
vt 0.312567 0.533212
vt 0.312589 0.534299
vt 0.311683 0.536632
vt 0.311479 0.534888
vt 0.311434 0.534344
vt 0.311434 0.533212
vt 0.310007 0.535047
vt 0.310120 0.536632
vt 0.309894 0.534412
vt 0.309780 0.533212
vt 0.192896 0.293188
vt 0.215761 0.291542
vt 0.212102 0.265385
vt 0.193567 0.266726
vt 0.191250 0.267031
vt 0.189909 0.295810
vt 0.218870 0.292578
vt 0.214663 0.266482
vt 0.214297 0.263190
vt 0.190823 0.264897
vt 0.188933 0.265995
vt 0.187470 0.297029
vt 0.193140 0.262702
vt 0.193201 0.295749
vt 0.221980 0.293127
vt 0.216126 0.294102
vt 0.217285 0.267153
vt 0.211675 0.261300
vt 0.235272 0.262519
vt 0.244234 0.287457
vt 0.054527 0.223891
vt 0.051966 0.160785
vt 0.062332 0.223281
vt 0.049771 0.160968
vt 0.051783 0.224074
vt 0.055625 0.160419
vt 0.063185 0.155176
vt 0.064770 0.156944
vt 0.059283 0.155847
vt 0.057820 0.160176
vt 0.065136 0.222976
vt 0.058307 0.158042
vt 0.049040 0.224013
vt 0.047576 0.161029
vt 0.063734 0.159322
vt 0.060015 0.159810
vt 0.067941 0.222611
vt 0.075684 0.221513
vt 0.068977 0.297789
vt 0.055991 0.234256
vt 0.062880 0.233768
vt 0.065807 0.233220
vt 0.072636 0.297728
vt 0.053491 0.298520
vt 0.053003 0.234134
vt 0.069038 0.232854
vt 0.055320 0.231208
vt 0.063246 0.230720
vt 0.076294 0.297362
vt 0.076355 0.231695
vt 0.091781 0.295289
vt 0.049710 0.233951
vt 0.046113 0.298337
vt 0.049832 0.298642
vt 0.218443 0.255020
vt 0.233930 0.252947
vt 0.218504 0.189353
vt 0.211188 0.190512
vt 0.214785 0.255385
vt 0.195152 0.191792
vt 0.191860 0.191609
vt 0.188262 0.255995
vt 0.191982 0.256300
vt 0.197469 0.188865
vt 0.207956 0.190877
vt 0.205395 0.188378
vt 0.211127 0.255446
vt 0.205030 0.191426
vt 0.198140 0.191914
vt 0.195640 0.256178
vt 0.073611 0.333884
vt 0.069953 0.307727
vt 0.072514 0.308825
vt 0.076721 0.334921
vt 0.050747 0.335530
vt 0.051418 0.309069
vt 0.072148 0.305532
vt 0.079830 0.335469
vt 0.075136 0.309495
vt 0.048674 0.307239
vt 0.050991 0.305044
vt 0.069526 0.303642
vt 0.047759 0.338152
vt 0.051052 0.338091
vt 0.073977 0.336445
vt 0.049101 0.309373
vt 0.045320 0.339371
vt 0.046784 0.308337
vt 0.093122 0.304861
vt 0.102085 0.329799
vt 0.165205 0.139451
vt 0.147340 0.139390
vt 0.165205 0.131281
vt 0.183131 0.131281
vt 0.183131 0.139451
vt 0.884933 0.250154
vt 0.846233 0.241854
vt 0.858733 0.219754
vt 0.849133 0.267054
vt 0.129597 0.139330
vt 0.147279 0.131281
vt 0.866333 0.285654
vt 0.147279 0.124757
vt 0.165205 0.124757
vt 0.201056 0.131281
vt 0.183131 0.124757
vt 0.201056 0.139451
vt 0.881933 0.209154
vt 0.891333 0.290654
vt 0.914433 0.280154
vt 0.906833 0.214154
vt 0.924033 0.232854
vt 0.927033 0.258054
vt 0.129292 0.131342
vt 0.113501 0.141037
vt 0.129171 0.124757
vt 0.165205 0.118172
vt 0.147279 0.118233
vt 0.183131 0.118172
vt 0.201056 0.124757
vt 0.201056 0.118172
vt 0.218982 0.131281
vt 0.218982 0.139451
vt 0.236847 0.131281
vt 0.236847 0.139451
vt 0.254772 0.131281
vt 0.254772 0.139390
vt 0.272820 0.131342
vt 0.272515 0.139330
vt 0.292026 0.132806
vt 0.288551 0.141037
vt 0.110025 0.132806
vt 0.108745 0.124757
vt 0.129292 0.118172
vt 0.129597 0.110124
vt 0.147340 0.110124
vt 0.165205 0.110063
vt 0.183131 0.110063
vt 0.218982 0.118172
vt 0.201056 0.110063
vt 0.218982 0.124757
vt 0.236847 0.124757
vt 0.254772 0.124757
vt 0.272942 0.124757
vt 0.293367 0.124757
vt 0.292026 0.116648
vt 0.110025 0.116648
vt 0.113501 0.108417
vt 0.740004 0.410906
vt 0.757204 0.429506
vt 0.775804 0.394006
vt 0.782204 0.434506
vt 0.737104 0.385706
vt 0.749604 0.363606
vt 0.772804 0.353006
vt 0.218982 0.110063
vt 0.797704 0.358006
vt 0.236847 0.118172
vt 0.254772 0.118233
vt 0.272820 0.118172
vt 0.272515 0.110124
vt 0.288551 0.108478
vt 0.805304 0.424006
vt 0.817904 0.401906
vt 0.814904 0.376706
vt 0.236847 0.110063
vt 0.254772 0.110124
vt 0.271057 0.081331
vt 0.289105 0.087916
vt 0.289227 0.081331
vt 0.271057 0.087855
vt 0.253131 0.081331
vt 0.289105 0.074746
vt 0.271057 0.074807
vt 0.308311 0.089379
vt 0.271057 0.095964
vt 0.288800 0.095903
vt 0.309652 0.081331
vt 0.308311 0.073222
vt 0.271057 0.066698
vt 0.288800 0.066698
vt 0.253131 0.066637
vt 0.253131 0.074746
vt 0.253131 0.087855
vt 0.235267 0.081331
vt 0.253131 0.096025
vt 0.922073 0.396946
vt 0.879973 0.389046
vt 0.909473 0.419046
vt 0.919073 0.371746
vt 0.304835 0.097611
vt 0.886373 0.429546
vt 0.126310 0.089379
vt 0.145577 0.087916
vt 0.125030 0.081331
vt 0.129786 0.097611
vt 0.145455 0.081331
vt 0.145577 0.074746
vt 0.126310 0.073222
vt 0.129786 0.064991
vt 0.304835 0.065052
vt 0.782204 0.320416
vt 0.775804 0.279916
vt 0.805304 0.309916
vt 0.817904 0.287816
vt 0.814904 0.262617
vt 0.235267 0.066637
vt 0.797704 0.243917
vt 0.235267 0.074746
vt 0.235267 0.087855
vt 0.217341 0.081331
vt 0.235267 0.096025
vt 0.901873 0.353046
vt 0.844173 0.405946
vt 0.861373 0.424546
vt 0.876973 0.348046
vt 0.853773 0.358646
vt 0.841273 0.380746
vt 0.145882 0.095903
vt 0.163564 0.087855
vt 0.163564 0.081331
vt 0.163564 0.074807
vt 0.145882 0.066698
vt 0.757204 0.315416
vt 0.737104 0.271616
vt 0.749604 0.249516
vt 0.772804 0.238917
vt 0.740004 0.296816
vt 0.217341 0.066637
vt 0.217341 0.074746
vt 0.217341 0.087855
vt 0.199415 0.081331
vt 0.217341 0.096025
vt 0.199415 0.096025
vt 0.199415 0.087855
vt 0.181490 0.096025
vt 0.181490 0.087855
vt 0.163625 0.095964
vt 0.181490 0.081331
vt 0.181490 0.074746
vt 0.163625 0.066698
vt 0.181490 0.066637
vt 0.199415 0.074746
vt 0.199415 0.066637
vt 0.296664 0.528296
vt 0.297683 0.530425
vt 0.297230 0.530448
vt 0.297049 0.528069
vt 0.295101 0.526733
vt 0.289279 0.528296
vt 0.292926 0.530516
vt 0.290842 0.526733
vt 0.288712 0.530448
vt 0.297026 0.532827
vt 0.296664 0.532600
vt 0.289279 0.532600
vt 0.295101 0.534163
vt 0.292971 0.534730
vt 0.292971 0.526166
vt 0.290842 0.534163
vt 0.295305 0.526348
vt 0.292926 0.525736
vt 0.290638 0.526234
vt 0.288871 0.528092
vt 0.288282 0.530425
vt 0.288871 0.532781
vt 0.290593 0.534548
vt 0.292971 0.535160
vt 0.295327 0.534548
vt 0.681865 0.210394
vt 0.681764 0.124794
vt 0.685264 0.210394
vt 0.670164 0.124794
vt 0.670264 0.210394
vt 0.685164 0.124794
vt 0.696864 0.210294
vt 0.696764 0.124794
vt 0.700264 0.210294
vt 0.700164 0.124794
vt 0.147345 0.239037
vt 0.137163 0.205624
vt 0.132590 0.241354
vt 0.137346 0.204466
vt 0.043937 0.169468
vt 0.133931 0.153981
vt 0.136309 0.167822
vt 0.044973 0.202271
vt 0.044851 0.203124
vt 0.042047 0.158798
vt 0.040827 0.235135
vt 0.030584 0.231720
vt 0.200994 0.130724
vt 0.200262 0.193768
vt 0.203006 0.193829
vt 0.198799 0.130785
vt 0.215993 0.126699
vt 0.214408 0.124931
vt 0.210506 0.125602
vt 0.205750 0.193647
vt 0.203189 0.130541
vt 0.209530 0.127797
vt 0.211237 0.129565
vt 0.214957 0.129077
vt 0.219164 0.192366
vt 0.226907 0.191269
vt 0.209042 0.129931
vt 0.216359 0.192732
vt 0.213554 0.193037
vt 0.206847 0.130175
vt 0.156972 0.303603
vt 0.297146 0.302871
vt 0.156424 0.297262
vt 0.298122 0.314151
vt 0.158985 0.269824
vt 0.148010 0.295920
vt 0.159045 0.268971
vt 0.157216 0.240741
vt 0.298488 0.234095
vt 0.308365 0.301774
vt 0.300500 0.269276
vt 0.300561 0.268361
vt 0.136852 0.286957
vt 0.147034 0.320370
vt 0.132279 0.322687
vt 0.137035 0.285799
vt 0.044541 0.284458
vt 0.044663 0.283604
vt 0.135998 0.249155
vt 0.133620 0.235314
vt 0.043626 0.250801
vt 0.041736 0.240131
vt 0.040516 0.316468
vt 0.030273 0.313053
vt 0.169316 0.593467
vt 0.154836 0.637048
vt 0.166673 0.589900
vt 0.169072 0.598676
vt 0.150457 0.637132
vt 0.159269 0.588012
vt 0.145803 0.588025
vt 0.140857 0.636537
vt 0.131723 0.588420
vt 0.130168 0.635837
vt 0.123451 0.588775
vt 0.121916 0.635699
vt 0.115212 0.588107
vt 0.113665 0.635525
vt 0.102940 0.635820
vt 0.101176 0.587181
vt 0.093243 0.636047
vt 0.087727 0.586660
vt 0.080209 0.588267
vt 0.088831 0.635796
vt 0.077239 0.596941
vt 0.077336 0.591729
s 1
g off
g Object_2_Object_3
usemtl Object_3
f 1/1/1 2/2/2 3/3/3
f 4/4/4 2/2/2 1/1/1
f 5/5/5 4/4/4 1/1/1
f 1/1/1 6/6/6 5/5/5
f 7/7/7 6/6/6 1/1/1
f 3/3/3 7/7/7 1/1/1
f 2/2/2 8/8/8 3/3/3
f 2/2/2 9/9/9 10/10/10
f 11/11/11 9/9/9 2/2/2
f 4/4/4 11/11/11 2/2/2
f 8/8/8 2/2/2 10/10/10
f 3/3/3 8/8/8 12/12/12
f 13/13/13 7/7/7 3/3/3
f 12/12/12 13/13/13 3/3/3
f 7/7/7 13/13/13 14/14/14
f 15/15/15 7/7/7 14/14/14
f 6/6/6 7/7/7 15/15/15
f 16/16/16 6/6/6 15/15/15
f 17/17/17 6/6/6 16/16/16
f 6/6/6 17/17/17 5/5/5
f 18/18/18 4/4/4 5/5/5
f 5/5/5 17/17/17 19/19/19
f 18/18/18 5/5/5 19/19/19
f 20/20/20 11/11/11 4/4/4
f 21/21/21 20/20/20 4/4/4
f 21/21/21 4/4/4 18/18/18
f 11/11/11 20/20/20 22/22/22
f 23/23/23 11/11/11 22/22/22
f 9/9/9 11/11/11 23/23/23
f 9/9/9 23/23/23 10/10/10
f 12/12/12 10/10/10 24/24/24
f 8/8/8 10/10/10 12/12/12
f 10/10/10 25/25/25 24/24/24
f 10/10/10 23/23/23 26/26/26
f 10/10/10 26/26/26 25/25/25
f 27/27/27 13/13/13 12/12/12
f 24/24/24 27/27/27 12/12/12
f 13/13/13 27/27/27 28/28/28
f 14/14/14 13/13/13 28/28/28
f 14/14/14 29/29/29 15/15/15
f 14/14/14 28/28/28 30/30/30
f 31/31/31 14/14/14 30/30/30
f 29/29/29 14/14/14 31/31/31
f 32/32/28 33/33/27 18/18/18
f 19/19/19 32/32/28 18/18/18
f 34/34/32 32/32/28 19/19/19
f 18/18/18 33/33/27 21/21/21
f 33/33/27 20/20/20 21/21/21
f 33/33/27 35/35/33 20/20/20
f 22/22/22 20/20/20 36/36/34
f 20/20/20 35/35/33 37/37/35
f 36/36/34 20/20/20 37/37/35
f 26/26/26 22/22/22 36/36/34
f 23/23/23 22/22/22 26/26/26
f 25/25/25 26/26/26 38/38/36
f 26/26/26 36/36/34 38/38/36
f 25/25/25 39/39/33 24/24/24
f 40/40/37 39/39/33 25/25/25
f 39/39/33 27/27/27 24/24/24
f 41/41/38 34/34/32 19/19/19
f 17/17/17 41/41/38 19/19/19
f 42/42/39 17/17/17 16/16/16
f 41/41/38 17/17/17 42/42/39
f 43/43/40 34/34/32 41/41/38
s 2
f 44/44/41 45/45/42 46/46/43
f 47/47/44 48/48/45 49/49/46
f 50/50/47 44/44/41 46/46/43
f 47/47/44 49/49/46 51/51/48
f 51/51/48 49/49/46 52/52/49
f 45/45/42 44/44/41 53/53/50
f 46/46/43 45/45/42 54/54/51
f 45/45/42 55/55/52 54/54/51
f 56/56/53 45/45/42 53/53/50
f 55/55/52 45/45/42 56/56/53
s 3
f 57/57/54 58/58/55 59/59/56
f 60/60/57 58/58/55 57/57/54
f 58/58/55 61/61/58 59/59/56
s 2
f 62/62/59 47/47/44 51/51/48
f 63/63/60 64/64/61 47/47/44
f 64/64/61 48/48/45 47/47/44
f 63/63/60 47/47/44 62/62/59
f 53/53/50 65/65/62 56/56/53
f 66/66/63 65/65/62 53/53/50
f 67/67/64 68/68/65 48/48/45
f 64/64/61 67/67/64 48/48/45
f 65/65/62 69/69/66 56/56/53
f 56/56/53 69/69/66 70/70/67
f 70/70/67 55/55/52 56/56/53
f 54/54/51 55/55/52 71/71/68
f 55/55/52 72/72/69 71/71/68
f 73/73/70 55/55/52 70/70/67
f 72/72/69 55/55/52 73/73/70
s 3
f 58/58/55 60/60/57 74/74/71
s 2
f 63/63/60 62/62/59 75/75/72
s 3
f 76/76/73 58/58/55 74/74/71
f 77/77/74 58/58/55 76/76/73
s 2
f 78/78/75 63/63/60 75/75/72
f 79/79/76 63/63/60 78/78/75
f 79/79/76 80/80/77 63/63/60
f 80/80/77 64/64/61 63/63/60
f 81/81/78 67/67/64 64/64/61
f 80/80/77 81/81/78 64/64/61
f 81/81/78 82/82/79 67/67/64
f 82/82/79 83/83/80 67/67/64
f 67/67/64 83/83/80 68/68/65
f 66/66/63 84/84/81 65/65/62
f 83/83/80 85/85/82 68/68/65
f 86/86/83 84/84/81 66/66/63
f 65/65/62 87/87/84 69/69/66
f 84/84/81 87/87/84 65/65/62
f 69/69/66 88/88/85 70/70/67
f 69/69/66 89/89/86 88/88/85
f 87/87/84 89/89/86 69/69/66
f 70/70/67 88/88/85 73/73/70
f 88/88/85 90/90/87 73/73/70
f 73/73/70 90/90/87 91/91/88
f 91/91/88 72/72/69 73/73/70
f 71/71/68 72/72/69 92/92/89
f 72/72/69 93/93/90 92/92/89
f 93/93/90 72/72/69 91/91/88
f 92/92/89 93/93/90 78/78/75
f 78/78/75 75/75/72 92/92/89
f 93/93/90 91/91/88 78/78/75
f 91/91/88 79/79/76 78/78/75
f 90/90/87 79/79/76 91/91/88
f 94/94/91 80/80/77 79/79/76
f 90/90/87 94/94/91 79/79/76
f 94/94/91 81/81/78 80/80/77
f 94/94/91 95/95/92 81/81/78
f 95/95/92 82/82/79 81/81/78
f 96/96/93 94/94/91 90/90/87
f 96/96/93 95/95/92 94/94/91
f 88/88/85 96/96/93 90/90/87
f 89/89/86 96/96/93 88/88/85
s 4
f 97/97/94 98/98/95 99/99/96
f 100/100/97 97/97/94 99/99/96
f 101/101/98 97/97/94 100/100/97
f 97/97/94 101/101/98 102/102/99
f 103/103/100 97/97/94 102/102/99
f 98/98/95 97/97/94 103/103/100
f 104/104/95 105/105/101 106/106/102
f 107/107/103 104/104/95 106/106/102
f 108/108/96 104/104/95 107/107/103
f 109/109/104 98/98/95 103/103/100
f 110/110/105 98/98/95 109/109/104
f 104/104/95 111/111/105 105/105/101
f 112/112/106 108/108/96 107/107/103
f 113/113/107 108/108/96 112/112/106
f 100/100/97 99/99/96 114/114/108
f 115/115/109 101/101/98 100/100/97
f 100/100/97 116/116/110 115/115/109
f 117/117/111 100/100/97 114/114/108
f 116/116/110 100/100/97 117/117/111
f 102/102/99 101/101/98 118/118/112
f 119/119/113 101/101/98 115/115/109
f 101/101/98 119/119/113 118/118/112
f 102/102/99 120/120/114 103/103/100
f 121/121/115 120/120/114 102/102/99
f 118/118/112 121/121/115 102/102/99
f 103/103/100 122/122/116 109/109/104
f 120/120/114 122/122/116 103/103/100
f 123/123/117 110/110/105 109/109/104
f 122/122/116 123/123/117 109/109/104
f 105/105/101 111/111/105 124/124/118
f 125/125/119 110/110/105 123/123/117
f 106/106/102 105/105/101 126/126/120
f 105/105/101 127/127/121 126/126/120
f 128/128/122 105/105/101 124/124/118
f 129/129/123 105/105/101 128/128/122
f 127/127/121 105/105/101 129/129/123
f 106/106/102 126/126/120 107/107/103
f 107/107/103 126/126/120 130/130/124
f 107/107/103 130/130/124 112/112/106
f 130/130/124 131/131/125 112/112/106
f 132/132/126 113/113/107 112/112/106
f 131/131/125 132/132/126 112/112/106
f 133/133/127 113/113/107 132/132/126
f 132/132/126 131/131/125 134/134/128
f 131/131/125 119/119/113 135/135/129
f 119/119/113 131/131/125 130/130/124
f 134/134/128 131/131/125 135/135/129
f 135/135/129 119/119/113 115/115/109
f 118/118/112 119/119/113 130/130/124
f 130/130/124 126/126/120 118/118/112
f 126/126/120 121/121/115 118/118/112
f 126/126/120 127/127/121 121/121/115
f 127/127/121 136/136/130 121/121/115
f 121/121/115 136/136/130 122/122/116
f 120/120/114 121/121/115 122/122/116
f 136/136/130 137/137/131 122/122/116
f 122/122/116 137/137/131 138/138/132
f 122/122/116 138/138/132 123/123/117
f 123/123/117 138/138/132 139/139/133
f 138/138/132 128/128/122 139/139/133
f 138/138/132 129/129/123 128/128/122
f 137/137/131 129/129/123 138/138/132
f 137/137/131 127/127/121 129/129/123
f 136/136/130 127/127/121 137/137/131
s 5
f 140/140/134 141/141/135 142/142/136
f 141/141/135 140/140/134 143/143/137
f 140/140/134 144/144/138 143/143/137
f 145/145/139 144/144/138 140/140/134
f 141/141/135 146/146/140 147/147/141
f 142/142/136 141/141/135 147/147/141
f 148/148/142 141/141/135 143/143/137
f 146/146/140 141/141/135 148/148/142
f 143/143/137 149/149/143 150/150/144
f 144/144/138 149/149/143 143/143/137
f 150/150/144 148/148/142 143/143/137
f 151/151/145 152/152/146 153/153/147
f 154/154/148 151/151/145 153/153/147
f 155/155/149 151/151/145 154/154/148
f 151/151/145 156/156/150 152/152/146
f 157/157/151 156/156/150 151/151/145
f 158/158/152 157/157/151 151/151/145
f 151/151/145 155/155/149 158/158/152
f 149/149/143 159/159/153 150/150/144
f 156/156/150 160/160/153 152/152/146
f 150/150/144 161/161/154 148/148/142
f 162/162/155 161/161/154 150/150/144
f 150/150/144 159/159/153 162/162/155
f 148/148/142 161/161/154 163/163/156
f 163/163/156 146/146/140 148/148/142
f 146/146/140 157/157/151 158/158/152
f 147/147/141 146/146/140 158/158/152
f 157/157/151 146/146/140 163/163/156
f 164/164/157 157/157/151 163/163/156
f 156/156/150 157/157/151 164/164/157
f 160/160/153 156/156/150 165/165/158
f 165/165/158 156/156/150 164/164/157
f 166/166/159 160/160/153 165/165/158
f 167/167/160 160/160/153 166/166/159
f 159/159/153 168/168/161 162/162/155
f 159/159/153 169/169/162 168/168/161
f 162/162/155 168/168/161 161/161/154
f 161/161/154 170/170/163 163/163/156
f 161/161/154 171/171/164 170/170/163
f 168/168/161 171/171/164 161/161/154
f 163/163/156 170/170/163 164/164/157
f 164/164/157 172/172/165 165/165/158
f 170/170/163 172/172/165 164/164/157
f 165/165/158 173/173/166 166/166/159
f 172/172/165 173/173/166 165/165/158
f 174/174/167 167/167/160 166/166/159
f 173/173/166 174/174/167 166/166/159
f 168/168/161 169/169/162 175/175/168
f 176/176/169 167/167/160 174/174/167
f 177/177/170 168/168/161 175/175/168
f 178/178/171 168/168/161 177/177/170
f 171/171/164 168/168/161 178/178/171
f 171/171/164 179/179/172 170/170/163
f 180/180/173 171/171/164 178/178/171
f 179/179/172 171/171/164 180/180/173
f 172/172/165 170/170/163 173/173/166
f 170/170/163 179/179/172 173/173/166
f 173/173/166 180/180/173 181/181/174
f 179/179/172 180/180/173 173/173/166
f 173/173/166 181/181/174 174/174/167
f 174/174/167 181/181/174 182/182/175
f 181/181/174 177/177/170 182/182/175
f 181/181/174 178/178/171 177/177/170
f 180/180/173 178/178/171 181/181/174
s 6
f 183/183/176 184/184/177 185/185/178
f 186/186/179 183/187/176 185/188/178
f 187/189/180 183/187/176 186/186/179
f 183/187/176 188/190/181 189/191/182
f 190/192/183 188/190/181 183/187/176
f 187/189/180 190/192/183 183/187/176
f 183/183/176 189/193/182 184/184/177
f 185/188/178 184/194/177 191/195/184
f 191/195/184 184/194/177 192/196/185
f 184/194/177 193/197/186 192/196/185
f 184/184/177 189/193/182 193/198/186
f 194/199/187 185/188/178 191/195/184
f 186/186/179 185/188/178 194/199/187
f 195/200/188 187/189/180 186/186/179
f 196/201/189 186/186/179 194/199/187
f 195/200/188 186/186/179 196/201/189
f 197/202/190 187/189/180 195/200/188
f 198/203/191 190/192/183 187/189/180
f 199/204/192 198/203/191 187/189/180
f 199/204/192 187/189/180 197/202/190
f 200/205/193 201/206/194 190/192/183
f 190/192/183 201/206/194 188/190/181
f 198/203/191 200/205/193 190/192/183
f 201/206/194 202/207/195 188/190/181
f 188/190/181 202/207/195 189/191/182
f 189/191/182 202/207/195 203/208/196
f 189/193/182 203/209/196 193/198/186
f 192/196/185 193/197/186 204/210/197
f 193/197/186 205/211/198 204/210/197
f 193/198/186 203/209/196 205/212/198
f 191/195/184 192/196/185 206/213/199
f 206/213/199 192/196/185 207/214/200
f 192/196/185 204/210/197 207/214/200
f 194/199/187 191/195/184 208/215/201
f 208/215/201 191/195/184 206/213/199
f 196/201/189 194/199/187 209/216/202
f 209/216/202 194/199/187 208/215/201
f 210/217/203 196/201/189 209/216/202
f 211/218/204 196/201/189 210/217/203
f 211/218/204 195/200/188 196/201/189
f 212/219/205 195/200/188 211/218/204
f 212/219/205 197/202/190 195/200/188
f 213/220/206 197/202/190 212/219/205
f 213/220/206 199/204/192 197/202/190
f 214/221/207 198/203/191 199/204/192
f 215/222/208 214/221/207 199/204/192
f 215/222/208 199/204/192 213/220/206
f 216/223/209 200/205/193 198/203/191
f 214/221/207 216/223/209 198/203/191
f 200/205/193 217/224/210 201/206/194
f 216/223/209 217/224/210 200/205/193
f 218/225/211 216/223/209 214/221/207
f 216/223/209 219/226/212 217/224/210
f 220/227/213 219/226/212 216/223/209
f 218/225/211 220/227/213 216/223/209
f 221/228/214 218/225/211 214/221/207
f 221/228/214 214/221/207 215/222/208
f 222/229/215 221/228/214 215/222/208
f 223/230/216 215/222/208 213/220/206
f 222/229/215 215/222/208 223/230/216
f 224/231/217 213/220/206 212/219/205
f 223/230/216 213/220/206 224/231/217
f 225/232/218 212/219/205 211/218/204
f 224/231/217 212/219/205 225/232/218
f 226/233/219 211/218/204 210/217/203
f 225/232/218 211/218/204 226/233/219
s 7
f 227/234/220 228/235/221 229/236/222
f 230/237/223 228/235/221 227/234/220
f 228/235/221 230/237/223 231/238/224
f 232/239/199 228/235/221 231/238/224
f 233/240/225 228/235/221 232/239/199
s 6
f 207/214/200 234/241/226 235/242/227
f 207/214/200 204/210/197 234/241/226
s 7
f 228/235/221 233/240/225 236/243/227
s 6
f 204/210/197 205/211/198 237/244/228
f 204/210/197 237/244/228 234/241/226
f 205/212/198 203/209/196 237/245/228
f 237/245/228 203/209/196 238/246/229
f 237/245/228 238/246/229 239/247/230
f 234/241/226 237/244/228 239/248/230
f 234/241/226 239/248/230 240/249/231
f 235/242/227 234/241/226 240/249/231
f 241/250/232 235/242/227 240/249/231
s 7
f 242/251/233 228/235/221 236/243/227
s 6
f 243/252/234 240/249/231 244/253/235
f 240/249/231 239/248/230 244/253/235
f 240/249/231 243/252/234 241/250/232
f 239/247/230 238/246/229 245/254/236
f 239/247/230 245/254/236 244/255/235
f 238/256/229 246/257/237 247/258/238
f 238/256/229 247/258/238 245/259/236
f 203/208/196 246/257/237 238/256/229
f 248/260/239 245/259/236 249/261/240
f 245/259/236 247/258/238 249/261/240
f 245/259/236 248/260/239 250/262/241
f 244/253/235 245/259/236 250/262/241
f 250/262/241 243/252/234 244/253/235
f 251/263/242 243/252/234 250/262/241
f 243/252/234 251/263/242 252/264/243
f 241/250/232 243/252/234 252/264/243
s 7
f 253/265/244 228/235/221 242/251/233
s 6
f 252/264/243 251/263/242 254/266/245
s 7
f 228/235/221 253/265/244 255/267/246
s 6
f 256/268/247 251/263/242 250/262/241
f 251/263/242 257/269/248 254/266/245
f 257/269/248 251/263/242 256/268/247
f 250/262/241 248/260/239 256/268/247
f 258/270/249 248/260/239 249/261/240
f 259/271/250 248/260/239 258/270/249
f 248/260/239 260/272/251 256/268/247
f 248/260/239 259/271/250 260/272/251
f 201/206/194 261/273/252 249/261/240
f 247/258/238 201/206/194 249/261/240
f 249/261/240 261/273/252 258/270/249
f 246/257/237 201/206/194 247/258/238
f 262/274/253 201/206/194 246/257/237
f 203/208/196 262/274/253 246/257/237
f 202/207/195 262/274/253 203/208/196
f 202/207/195 201/206/194 262/274/253
f 217/224/210 263/275/254 201/206/194
f 264/276/255 261/273/252 201/206/194
f 264/276/255 201/206/194 265/277/256
f 261/273/252 266/278/257 258/270/249
f 266/278/257 261/273/252 264/276/255
f 267/279/258 259/271/250 258/270/249
f 258/270/249 266/278/257 267/279/258
f 268/280/259 259/271/250 267/279/258
f 259/271/250 268/280/259 269/281/260
f 260/272/251 259/271/250 269/281/260
f 256/268/247 260/272/251 270/282/261
f 260/272/251 269/281/260 270/282/261
f 270/282/261 257/269/248 256/268/247
f 271/283/262 257/269/248 270/282/261
f 257/269/248 271/283/262 272/284/263
f 254/266/245 257/269/248 272/284/263
s 7
f 273/285/264 228/235/221 255/267/246
f 274/286/265 228/235/221 273/285/264
s 6
f 275/287/266 271/283/262 270/282/261
s 7
f 276/288/267 228/235/221 274/286/265
s 6
f 270/282/261 269/281/260 275/287/266
f 269/281/260 277/289/268 275/287/266
f 269/281/260 268/280/259 277/289/268
f 278/290/269 268/280/259 267/279/258
f 279/291/270 268/280/259 278/290/269
f 268/280/259 279/291/270 277/289/268
f 267/279/258 280/292/271 278/290/269
f 266/278/257 280/292/271 267/279/258
f 266/278/257 264/276/255 281/293/272
f 282/294/273 266/278/257 281/293/272
f 280/292/271 266/278/257 282/294/273
f 281/293/272 264/276/255 265/277/256
f 219/226/212 263/275/254 217/224/210
f 283/295/274 220/227/213 218/225/211
f 282/294/273 284/296/275 280/292/271
f 280/292/271 284/296/275 278/290/269
f 278/290/269 284/296/275 285/297/276
f 285/297/276 279/291/270 278/290/269
s 7
f 228/235/221 286/298/277 287/299/270
f 288/300/278 228/235/221 287/299/270
f 286/298/277 228/235/221 276/288/267
f 289/301/279 228/235/221 290/302/215
f 290/302/215 228/235/221 288/300/278
f 228/235/221 289/301/279 291/303/280
f 292/304/281 228/235/221 291/303/280
f 229/236/222 228/235/221 292/304/281
s 6
f 293/305/278 221/228/214 222/229/215
f 293/305/278 283/295/274 221/228/214
f 283/295/274 218/225/211 221/228/214
s 8
f 294/306/282 295/307/283 296/308/284
f 297/309/285 295/307/283 294/306/282
f 298/310/286 297/309/285 294/306/282
f 294/306/282 299/311/287 298/310/286
f 300/312/288 299/311/287 294/306/282
f 296/308/284 300/312/288 294/306/282
f 295/307/283 301/313/289 296/308/284
f 295/307/283 302/314/290 303/315/291
f 304/316/292 295/307/283 303/315/291
f 301/313/289 295/307/283 304/316/292
f 295/307/283 297/309/285 302/314/290
f 305/317/293 300/312/288 296/308/284
s 9
f 306/318/294 307/319/295 308/320/296
f 309/321/289 307/319/295 306/318/294
s 8
f 310/313/297 296/308/298 305/317/299
f 301/313/300 296/308/298 310/313/297
s 9
f 307/319/295 309/321/289 311/322/301
f 312/323/302 307/319/295 311/322/301
f 313/324/303 307/319/295 312/323/302
s 8
f 300/312/288 305/317/293 314/325/304
f 315/326/305 300/312/288 314/325/304
f 299/311/287 300/312/288 315/326/305
f 299/311/287 297/309/285 298/310/286
f 316/327/306 299/311/287 315/326/305
f 317/328/307 299/311/287 316/327/306
f 297/309/285 299/311/287 318/329/308
f 299/311/287 317/328/307 318/329/308
f 302/314/290 297/309/285 318/329/308
f 302/314/290 319/330/309 303/315/291
f 317/328/307 319/330/309 302/314/290
f 318/329/308 317/328/307 302/314/290
f 303/315/291 319/330/309 320/331/310
f 321/332/311 304/316/292 303/315/291
f 320/331/310 322/333/312 303/315/291
f 303/315/291 322/333/312 323/334/313
f 321/332/311 303/315/291 323/334/313
f 321/332/311 301/313/289 304/316/292
f 324/335/314 301/313/289 321/332/311
f 301/313/300 310/313/297 324/335/315
s 9
f 309/321/289 325/336/316 311/322/301
f 325/336/316 326/319/317 327/321/318
f 308/320/319 326/319/317 325/336/316
f 325/336/316 327/321/318 328/337/320
f 329/338/321 325/336/316 328/337/320
f 330/339/322 325/336/316 329/338/321
f 325/336/316 330/339/322 331/340/323
f 311/322/301 325/336/316 331/340/323
f 308/320/319 332/341/324 326/319/317
f 333/342/325 332/341/324 308/320/319
f 312/323/302 333/342/325 313/324/303
f 334/343/326 333/342/325 312/323/302
s 10
f 335/344/323 336/345/302 337/346/327
f 338/347/326 336/345/302 335/344/323
s 9
f 334/343/326 331/340/323 330/339/322
f 339/348/328 340/349/329 330/339/322
s 8
f 341/350/330 324/335/314 342/351/331
s 9
f 330/339/322 340/349/329 343/352/332
s 8
f 342/351/331 324/335/314 321/332/311
f 324/335/315 310/313/297 344/353/321
f 344/353/321 341/350/333 324/335/315
s 9
f 343/352/332 334/343/326 330/339/322
f 329/338/321 339/348/328 330/339/322
s 8
f 345/354/334 321/332/311 323/334/313
f 342/351/331 321/332/311 345/354/334
f 323/334/313 322/333/312 345/354/334
f 346/313/335 347/335/336 322/333/312
f 320/331/310 346/313/335 322/333/312
f 322/333/312 347/335/336 348/351/337
f 322/333/312 348/351/337 345/354/334
f 319/330/309 346/313/335 320/331/310
f 319/330/309 317/328/307 315/326/305
f 349/308/338 319/330/309 315/326/305
f 346/313/335 319/330/309 349/308/338
f 305/317/299 349/308/339 310/313/297
f 310/313/297 349/308/339 346/313/335
f 346/313/335 347/335/340 310/313/297
f 347/335/336 350/355/341 348/351/337
f 344/353/321 347/335/340 350/355/342
f 310/313/297 347/335/340 344/353/321
f 351/356/343 341/350/333 344/353/321
f 352/357/344 351/356/343 344/353/321
f 344/353/321 353/358/345 352/357/344
f 350/355/342 353/358/345 344/353/321
s 9
f 354/359/346 355/360/347 339/348/328
s 8
f 351/356/348 341/350/330 356/361/349
s 9
f 339/348/328 355/360/347 357/362/350
s 8
f 356/361/349 341/350/330 342/351/331
s 9
f 357/362/350 340/349/329 339/348/328
f 354/359/346 339/348/328 329/338/321
f 328/337/320 358/363/351 329/338/321
f 359/364/352 354/359/346 329/338/321
f 329/338/321 360/359/353 361/365/354
f 358/363/351 360/359/353 329/338/321
f 362/366/355 363/367/356 354/359/346
s 8
f 364/368/357 351/356/348 365/369/358
f 365/369/358 351/356/348 356/361/349
s 9
f 363/367/356 366/370/359 354/359/346
f 354/359/346 366/370/359 355/360/347
s 8
f 364/368/360 351/356/343 352/357/344
s 9
f 362/366/355 354/359/346 359/364/352
s 8
f 367/371/361 352/357/362 368/372/363
f 352/357/364 364/368/357 369/372/365
f 353/358/345 367/371/366 352/357/344
f 350/355/341 353/358/367 370/361/368
f 353/358/367 367/371/361 371/372/369
f 370/361/368 353/358/367 371/372/369
f 348/351/337 350/355/341 370/361/368
f 348/351/337 370/361/368 372/373/370
f 345/354/334 348/351/337 373/374/371
f 348/351/337 372/373/370 373/374/371
f 374/374/372 342/351/331 345/354/334
f 375/375/373 376/373/374 374/374/372
f 376/373/374 342/351/331 374/374/372
f 365/369/358 375/375/373 369/372/365
f 356/361/349 375/375/373 365/369/358
f 356/361/349 376/373/374 375/375/373
s 11
f 377/376/375 378/377/376 379/378/377
s 12
f 380/379/378 381/380/379 382/381/380
s 8
f 342/351/331 376/373/374 356/361/349
s 13
f 383/382/375 384/383/381 385/384/382
f 384/383/381 383/382/375 386/385/383
s 8
f 369/372/365 364/368/357 365/369/358
s 11
f 379/378/377 378/377/376 387/386/384
s 13
f 385/384/382 384/383/381 388/387/385
s 9
f 389/388/386 363/367/356 362/366/355
f 390/389/387 389/388/386 362/366/355
f 362/366/355 359/364/352 390/389/387
f 390/389/387 359/364/352 391/390/388
f 361/365/354 392/391/389 391/390/388
f 393/392/390 392/391/389 361/365/354
f 360/359/353 393/392/390 361/365/354
f 394/393/391 360/359/353 395/394/392
f 395/394/392 360/359/353 396/395/393
f 360/359/353 358/363/351 396/395/393
f 393/392/390 360/359/353 394/393/391
f 397/396/394 393/392/390 394/393/391
f 392/391/389 393/392/390 397/396/394
f 392/391/389 398/397/395 391/390/388
f 392/391/389 399/398/396 398/397/395
f 397/396/394 400/399/397 392/391/389
f 400/399/397 399/398/396 392/391/389
f 391/390/388 398/397/395 390/389/387
f 401/400/398 389/388/386 390/389/387
f 398/397/395 402/401/399 390/389/387
f 402/401/399 401/400/398 390/389/387
f 403/402/400 363/367/356 389/388/386
f 401/400/398 403/402/400 389/388/386
f 404/403/401 401/400/398 402/401/399
f 405/404/402 403/402/400 401/400/398
f 404/403/401 405/404/402 401/400/398
f 406/405/395 407/406/403 402/401/399
f 402/401/399 407/406/403 408/407/404
f 408/407/404 404/403/401 402/401/399
f 399/398/396 407/406/403 398/397/395
f 399/398/396 400/399/397 409/408/405
f 410/409/406 399/398/396 409/408/405
f 407/406/403 399/398/396 410/409/406
f 400/399/397 411/410/407 412/411/408
f 409/408/405 400/399/397 412/411/408
f 411/410/407 400/399/397 397/396/394
f 394/393/391 411/410/407 397/396/394
f 413/412/409 411/410/407 394/393/391
f 395/394/392 413/412/409 394/393/391
f 414/413/410 413/412/409 395/394/392
f 396/395/393 414/413/410 395/394/392
f 415/414/411 414/413/410 396/395/393
f 416/415/412 415/414/411 396/395/393
f 396/395/393 358/363/351 416/415/412
f 414/413/410 415/414/411 417/416/413
f 413/412/409 414/413/410 417/416/413
f 411/410/407 413/412/409 418/417/414
f 418/417/414 413/412/409 419/418/415
f 413/412/409 417/416/413 419/418/415
f 420/419/416 411/410/407 418/417/414
f 412/411/408 411/410/407 420/419/416
f 421/420/417 412/411/408 422/421/418
f 422/421/418 412/411/408 420/419/416
f 412/411/408 421/420/417 409/408/405
f 423/422/419 410/409/406 409/408/405
f 421/420/417 423/422/419 409/408/405
f 424/423/420 410/409/406 425/424/421
f 407/406/403 410/409/406 424/423/420
f 410/409/406 423/422/419 425/424/421
f 408/407/404 407/406/403 424/423/420
f 426/425/422 404/403/401 408/407/404
f 427/426/423 426/425/422 408/407/404
f 427/426/423 408/407/404 424/423/420
f 428/427/424 405/404/402 404/403/401
f 404/403/401 426/425/422 428/427/424
f 405/404/402 429/428/425 403/402/400
f 430/429/426 429/428/425 405/404/402
f 428/427/424 430/429/426 405/404/402
f 403/402/400 431/430/427 363/367/356
f 429/428/425 431/430/427 403/402/400
f 431/430/427 429/428/425 432/431/428
f 432/431/428 429/428/425 433/432/429
f 429/428/425 430/429/426 433/432/429
f 434/433/430 430/429/426 428/427/424
f 430/429/426 434/433/430 435/434/431
f 433/432/429 430/429/426 435/434/431
f 426/425/422 436/435/432 428/427/424
f 428/427/424 436/435/432 434/433/430
f 437/436/433 426/425/422 427/426/423
f 426/425/422 437/436/433 436/435/432
f 438/437/434 437/436/433 427/426/423
f 427/426/423 439/438/435 438/437/434
f 440/439/420 439/438/435 427/426/423
f 424/423/420 425/424/421 441/440/435
f 441/440/435 425/424/421 442/441/436
f 425/424/421 443/442/437 442/441/436
f 425/424/421 423/422/419 443/442/437
f 423/422/419 444/443/438 443/442/437
f 444/443/438 423/422/419 421/420/417
f 444/443/438 421/420/417 445/444/439
f 445/444/439 421/420/417 422/421/418
s 14
f 446/445/440 447/446/439 448/447/441
f 449/448/416 446/445/440 448/447/441
f 450/449/442 446/445/440 449/448/416
f 451/450/414 450/449/442 449/448/416
f 446/445/440 452/451/443 447/446/439
f 446/445/440 453/452/444 452/451/443
f 454/453/445 453/452/444 446/445/440
f 450/449/442 454/453/445 446/445/440
s 9
f 455/454/446 445/444/439 456/455/447
f 444/443/438 445/444/439 455/454/446
f 444/443/438 455/454/446 457/456/448
f 443/442/437 444/443/438 457/456/448
f 443/442/437 458/457/449 459/458/450
f 442/441/436 443/442/437 459/458/450
f 457/456/448 458/457/449 443/442/437
f 442/441/436 459/458/450 441/440/435
f 441/440/435 460/459/451 438/437/434
f 461/460/452 460/459/451 441/440/435
f 459/458/450 461/460/452 441/440/435
f 460/459/451 437/436/433 438/437/434
f 436/435/432 437/436/433 462/461/453
f 437/436/433 463/462/454 462/461/453
f 460/459/451 463/462/454 437/436/433
f 436/435/432 462/461/453 434/433/430
f 435/434/431 434/433/430 464/463/455
f 434/433/430 465/464/456 464/463/455
f 434/433/430 462/461/453 465/464/456
f 435/434/431 466/465/457 433/432/429
f 435/434/431 467/466/458 466/465/457
f 464/463/455 467/466/458 435/434/431
f 468/467/459 432/431/428 433/432/429
f 466/465/457 468/467/459 433/432/429
f 467/466/458 469/468/460 466/465/457
f 466/465/457 469/468/460 470/469/461
f 470/469/461 468/467/459 466/465/457
f 467/466/458 464/463/455 471/470/462
f 472/471/463 467/466/458 471/470/462
f 469/468/460 467/466/458 472/471/463
f 464/463/455 465/464/456 473/472/464
f 464/463/455 473/472/464 474/473/465
f 471/470/462 464/463/455 474/473/465
f 462/461/453 475/474/466 465/464/456
f 465/464/456 476/475/467 473/472/464
f 465/464/456 475/474/466 476/475/467
f 463/462/454 477/476/468 462/461/453
f 462/461/453 477/476/468 475/474/466
f 460/459/451 478/477/469 463/462/454
f 463/462/454 478/477/469 477/476/468
f 479/478/470 460/459/451 480/479/471
f 478/477/469 460/459/451 479/478/470
f 479/478/470 461/460/452 459/458/450
f 481/480/472 479/478/470 459/458/450
f 459/458/450 458/457/449 481/480/472
f 458/457/449 457/456/448 482/481/473
f 481/480/472 458/457/449 482/481/473
f 457/456/448 483/464/474 484/482/475
f 482/481/473 457/456/448 484/482/475
f 457/456/448 455/454/446 483/464/474
f 482/481/473 484/482/475 485/483/476
f 486/484/477 482/481/473 485/483/476
f 481/480/472 482/481/473 486/484/477
f 486/484/477 487/485/478 481/480/472
f 487/485/478 479/478/470 481/480/472
f 488/486/479 478/477/469 479/478/470
f 479/478/470 487/485/478 489/487/480
f 479/478/470 490/488/480 488/486/479
f 491/489/481 478/477/469 488/486/479
f 478/477/469 491/489/481 477/476/468
f 477/476/468 491/489/481 492/490/482
f 477/476/468 492/490/482 475/474/466
f 475/474/466 492/490/482 493/491/483
f 475/474/466 493/491/483 476/475/467
f 476/475/467 493/491/483 494/492/484
f 476/475/467 494/492/484 495/493/485
f 473/472/464 476/475/467 495/493/485
f 473/472/464 495/493/485 496/494/486
f 474/473/465 473/472/464 496/494/486
f 471/470/462 474/473/465 496/494/486
f 472/471/463 471/470/462 497/495/487
f 471/470/462 496/494/486 498/496/488
f 497/495/487 471/470/462 498/496/488
f 499/497/489 469/468/460 472/471/463
f 500/498/490 472/471/463 497/495/487
f 499/497/489 472/471/463 500/498/490
f 501/499/491 500/498/490 497/495/487
f 502/500/492 501/499/491 497/495/487
f 502/500/492 497/495/487 498/496/488
f 498/496/488 496/494/486 503/501/493
f 503/501/493 502/500/492 498/496/488
f 496/494/486 504/502/494 503/501/493
f 496/494/486 495/493/485 504/502/494
f 495/493/485 494/492/484 505/503/495
f 495/493/485 505/503/495 504/502/494
f 494/492/484 506/504/496 507/505/497
f 493/491/483 506/504/496 494/492/484
f 508/506/498 494/492/484 507/505/497
f 494/492/484 508/506/498 505/503/495
f 492/490/482 509/507/499 493/491/483
f 493/491/483 509/507/499 506/504/496
f 491/489/481 510/508/500 492/490/482
f 492/490/482 510/508/500 509/507/499
f 511/509/501 491/489/481 488/486/479
f 510/508/500 491/489/481 511/509/501
f 490/488/480 512/510/502 488/486/479
f 488/486/479 512/510/502 511/509/501
f 489/487/480 487/485/478 512/510/502
f 513/509/503 487/485/478 486/484/477
f 487/485/478 513/509/503 512/510/502
f 486/484/477 485/483/476 514/508/504
f 514/508/504 513/509/503 486/484/477
f 515/511/505 513/509/503 514/508/504
f 512/510/502 513/509/503 516/512/506
f 513/509/503 517/513/507 516/512/506
f 517/513/507 513/509/503 515/511/505
f 512/510/502 516/512/506 511/509/501
f 518/511/508 510/508/500 511/509/501
f 511/509/501 516/512/506 519/513/509
f 511/509/501 519/513/509 518/511/508
f 520/514/510 510/508/500 518/511/508
f 510/508/500 520/514/510 509/507/499
f 509/507/499 521/515/511 506/504/496
f 509/507/499 520/514/510 521/515/511
f 506/504/496 521/515/511 522/516/512
f 506/504/496 522/516/512 507/505/497
f 523/517/513 508/506/498 507/505/497
f 507/505/497 522/516/512 523/517/513
f 524/518/514 508/506/498 523/517/513
f 508/506/498 524/518/514 525/519/515
f 505/503/495 508/506/498 525/519/515
f 505/503/495 525/519/515 526/520/516
f 504/502/494 505/503/495 526/520/516
f 504/502/494 526/520/516 527/521/517
f 503/501/493 504/502/494 527/521/517
f 503/501/493 527/521/517 528/522/518
f 528/522/518 502/500/492 503/501/493
f 529/523/519 501/499/491 502/500/492
f 528/522/518 529/523/519 502/500/492
f 530/524/520 529/523/519 528/522/518
f 528/522/518 531/525/521 530/524/520
f 532/526/522 531/525/521 528/522/518
f 527/521/517 532/526/522 528/522/518
f 526/520/516 533/527/523 527/521/517
f 533/527/523 532/526/522 527/521/517
f 525/519/515 534/528/524 526/520/516
f 534/528/524 533/527/523 526/520/516
f 525/519/515 524/518/514 535/529/525
f 535/529/525 536/530/526 525/519/515
f 536/530/526 534/528/524 525/519/515
f 537/531/527 524/518/514 523/517/513
f 538/532/528 539/533/529 524/518/514
f 538/532/528 524/518/514 537/531/527
f 524/518/514 540/534/530 535/529/525
f 539/533/529 540/534/530 524/518/514
f 522/516/512 541/535/531 523/517/513
f 523/517/513 541/535/531 537/531/527
f 521/536/511 542/537/532 522/538/512
f 522/538/512 542/537/532 541/539/531
f 520/540/510 543/541/533 521/536/511
f 521/536/511 543/541/533 542/537/532
f 544/542/534 520/540/510 518/543/508
f 543/541/533 520/540/510 544/542/534
f 519/544/509 545/545/535 518/543/508
f 518/543/508 545/545/535 544/542/534
f 516/546/506 546/547/536 519/544/509
f 519/544/509 546/547/536 545/545/535
f 545/545/535 547/548/537 544/542/534
f 545/545/535 548/549/538 547/548/537
f 546/547/536 548/549/538 545/545/535
f 544/542/534 547/548/537 549/550/539
f 549/550/539 543/541/533 544/542/534
f 550/551/540 543/552/533 549/553/539
f 543/541/533 550/554/540 542/537/532
f 542/537/532 551/555/541 541/539/531
f 542/537/532 550/554/540 551/555/541
f 541/539/531 551/555/541 552/556/542
f 541/535/531 552/557/542 537/531/527
f 553/558/543 538/532/528 537/531/527
f 537/531/527 552/557/542 553/558/543
f 554/559/544 538/532/528 553/558/543
f 554/559/544 555/560/545 538/532/528
f 555/560/545 539/533/529 538/532/528
f 555/560/545 556/561/546 539/533/529
f 556/561/546 540/534/530 539/533/529
f 556/561/546 557/562/547 540/534/530
f 540/534/530 558/563/548 535/529/525
f 557/562/547 558/563/548 540/534/530
f 558/563/548 536/530/526 535/529/525
s 15
f 559/564/549 560/565/194 561/566/550
f 560/565/194 559/564/549 562/567/551
f 561/566/550 560/565/194 563/568/552
f 563/568/552 560/565/194 564/569/553
f 560/565/194 565/570/521 564/569/553
f 560/565/194 566/571/554 565/570/521
f 567/572/555 566/571/554 560/565/194
f 568/573/556 569/574/557 560/565/194
f 560/565/194 569/574/557 570/575/558
f 560/565/194 571/576/559 572/577/560
f 573/578/561 560/565/194 572/577/560
f 567/572/555 560/565/194 573/578/561
f 574/579/562 560/565/194 562/567/551
f 568/573/556 560/565/194 574/579/562
f 560/565/194 570/575/558 575/580/563
f 576/581/564 560/565/194 575/580/563
f 577/568/565 560/565/194 576/581/564
f 560/565/194 577/568/565 578/582/566
f 579/583/567 560/565/194 578/582/566
f 571/576/559 560/565/194 579/583/567
s 9
f 580/584/556 557/562/547 556/561/546
f 581/585/568 556/561/546 555/560/545
f 581/585/568 580/584/556 556/561/546
f 582/586/569 555/560/545 554/559/544
f 582/586/569 581/585/568 555/560/545
f 583/587/570 582/586/569 554/559/544
f 583/587/570 554/559/544 584/588/571
f 584/588/571 554/559/544 585/589/572
f 585/589/572 554/559/544 553/558/543
f 552/556/542 586/590/573 553/591/543
f 553/591/543 587/592/574 585/593/572
f 553/591/543 586/590/573 587/592/574
f 551/555/541 588/594/575 552/556/542
f 552/556/542 588/594/575 586/590/573
f 588/594/575 589/595/576 586/590/573
f 586/590/573 589/595/576 590/596/577
f 586/590/573 590/596/577 587/592/574
f 587/592/574 591/597/578 592/598/579
f 587/592/574 590/596/577 591/597/578
f 585/593/572 587/592/574 592/598/579
f 592/598/579 584/599/571 585/593/572
f 593/600/580 584/599/571 592/598/579
f 593/589/580 594/559/581 584/588/571
f 584/588/571 594/559/581 583/587/570
f 594/559/581 582/586/569 583/587/570
f 594/559/581 595/601/582 582/586/569
f 595/601/582 581/585/568 582/586/569
f 595/601/582 596/602/583 581/585/568
f 596/602/583 580/584/556 581/585/568
f 580/584/556 596/602/583 597/603/584
f 597/603/584 596/602/583 598/604/585
f 597/603/584 598/604/585 599/605/586
f 600/606/587 601/607/588 599/605/586
f 599/605/586 598/604/585 600/606/587
f 602/608/589 601/607/588 600/606/587
f 603/609/590 601/607/588 602/608/589
f 604/520/591 605/610/592 603/609/590
f 602/608/589 604/520/591 603/609/590
f 606/521/593 607/611/594 605/610/592
f 604/520/591 606/521/593 605/610/592
f 608/612/595 609/613/596 607/611/594
f 606/521/593 608/612/595 607/611/594
f 610/614/597 609/613/596 611/615/598
f 611/615/598 609/613/596 608/612/595
f 612/616/599 608/612/595 606/521/593
f 608/612/595 612/616/599 613/617/600
f 614/618/601 608/612/595 613/617/600
f 611/615/598 608/612/595 614/618/601
f 615/502/602 606/521/593 604/520/591
f 615/502/602 612/616/599 606/521/593
f 616/503/603 615/502/602 604/520/591
f 616/503/603 604/520/591 602/608/589
f 617/506/604 616/503/603 602/608/589
f 617/506/604 602/608/589 618/619/605
f 618/619/605 602/608/589 600/606/587
f 598/604/585 618/619/605 600/606/587
f 598/604/585 619/620/606 618/619/605
f 596/602/583 619/620/606 598/604/585
f 619/620/606 596/602/583 595/601/582
f 620/532/607 595/601/582 594/559/581
f 620/532/607 619/620/606 595/601/582
f 621/558/608 620/532/607 594/559/581
f 594/559/581 593/589/580 621/558/608
f 621/621/608 593/600/580 622/622/609
f 622/622/609 593/600/580 592/598/579
f 592/598/579 591/597/578 622/622/609
f 591/597/578 623/623/610 624/624/611
f 590/596/577 623/623/610 591/597/578
f 591/597/578 624/624/611 622/622/609
f 590/596/577 625/625/612 623/623/610
f 589/595/576 625/625/612 590/596/577
f 623/626/610 626/627/613 627/628/614
f 623/623/610 627/629/614 624/624/611
f 625/628/612 626/627/613 623/626/610
f 624/624/611 628/630/615 629/631/616
f 624/624/611 627/629/614 628/630/615
f 622/622/609 624/624/611 629/631/616
f 629/631/616 621/621/608 622/622/609
f 630/632/617 621/621/608 629/631/616
f 630/557/617 631/531/618 621/558/608
f 631/531/618 620/532/607 621/558/608
f 618/619/605 619/620/606 620/532/607
f 631/531/618 618/619/605 620/532/607
f 632/517/619 617/506/604 618/619/605
f 632/517/619 618/619/605 631/531/618
f 633/633/620 616/503/603 617/506/604
f 634/505/621 633/633/620 617/506/604
f 634/505/621 617/506/604 632/517/619
f 635/634/622 615/502/602 616/503/603
f 633/633/620 635/634/622 616/503/603
f 636/494/623 612/616/599 615/502/602
f 635/634/622 636/494/623 615/502/602
f 612/616/599 636/494/623 637/496/624
f 613/617/600 612/616/599 637/496/624
f 637/496/624 638/635/625 613/617/600
f 638/635/625 639/636/626 613/617/600
f 613/617/600 639/636/626 614/618/601
f 614/618/601 640/637/627 611/615/598
f 639/636/626 640/637/627 614/618/601
f 639/636/626 638/635/625 641/638/628
f 640/637/627 639/636/626 642/639/629
f 642/640/629 639/641/626 643/642/630
f 639/641/626 644/643/631 643/642/630
f 639/641/626 641/644/628 644/643/631
f 638/635/625 645/470/632 646/645/633
f 645/470/632 638/635/625 637/496/624
f 641/638/628 638/635/625 646/645/633
f 636/494/623 645/470/632 637/496/624
f 647/472/634 636/494/623 635/634/622
f 648/473/635 645/470/632 636/494/623
f 647/472/634 648/473/635 636/494/623
f 649/475/636 635/634/622 633/633/620
f 649/475/636 647/472/634 635/634/622
f 650/646/637 649/475/636 633/633/620
f 650/646/637 633/633/620 651/504/638
f 651/504/638 633/633/620 634/505/621
f 652/516/639 634/505/621 632/517/619
f 651/504/638 634/505/621 652/516/639
f 653/535/640 632/517/619 631/531/618
f 652/516/639 632/517/619 653/535/640
f 653/535/640 631/531/618 630/557/617
f 654/647/641 630/632/617 655/648/642
f 654/647/641 653/649/640 630/632/617
f 655/648/642 630/632/617 629/631/616
f 629/631/616 628/630/615 655/648/642
f 628/630/615 656/650/643 655/648/642
f 656/650/643 654/647/641 655/648/642
f 657/651/644 658/652/645 654/647/641
f 659/653/646 657/651/644 654/647/641
f 659/653/646 654/647/641 656/650/643
f 658/652/645 653/649/640 654/647/641
f 658/652/645 652/654/639 653/649/640
f 660/515/647 651/504/638 652/516/639
f 660/655/647 652/654/639 658/652/645
f 661/507/648 651/504/638 660/515/647
f 661/507/648 650/646/637 651/504/638
f 484/482/475 649/475/636 650/646/637
f 485/483/476 484/482/475 650/646/637
f 485/483/476 650/646/637 661/507/648
f 483/464/474 647/472/634 649/475/636
f 484/482/475 483/464/474 649/475/636
f 662/463/649 648/473/635 647/472/634
f 483/464/474 662/463/649 647/472/634
f 645/470/632 648/473/635 662/463/649
f 645/470/632 662/463/649 663/656/650
f 646/645/633 645/470/632 663/656/650
f 646/645/633 663/656/650 664/657/651
f 665/658/652 646/645/633 664/657/651
f 641/638/628 646/645/633 665/658/652
f 644/643/631 641/644/628 666/659/653
f 641/644/628 665/660/652 666/659/653
f 666/659/653 667/661/654 644/643/631
f 644/643/631 667/661/654 668/662/655
f 643/642/630 644/643/631 668/662/655
f 669/663/656 667/661/654 666/659/653
f 666/659/653 665/660/652 670/664/657
f 670/664/657 669/663/656 666/659/653
f 665/658/652 664/657/651 671/665/658
f 665/660/652 672/666/659 670/664/657
f 665/658/652 671/665/658 672/667/659
f 664/657/651 663/656/650 673/465/660
f 664/657/651 673/465/660 674/668/661
f 671/665/658 664/657/651 674/668/661
f 663/656/650 662/463/649 675/434/662
f 663/656/650 675/434/662 673/465/660
f 455/454/446 662/463/649 483/464/474
f 662/463/649 455/454/446 675/434/662
f 675/434/662 455/454/446 676/669/444
f 675/434/662 676/669/444 677/670/663
f 673/465/660 675/434/662 677/670/663
f 674/668/661 673/465/660 678/671/664
f 673/465/660 677/670/663 678/671/664
f 679/672/665 674/668/661 680/673/666
f 680/673/666 674/668/661 681/674/667
f 678/671/664 681/674/667 674/668/661
f 674/668/661 679/672/665 682/675/668
f 683/676/669 674/668/661 682/675/668
f 671/665/658 674/668/661 683/676/669
f 671/665/658 684/677/670 685/678/671
f 683/676/669 684/677/670 671/665/658
f 671/665/658 685/678/671 686/679/672
f 672/667/659 671/665/658 686/679/672
f 672/667/659 687/680/673 688/681/674
f 670/664/657 672/666/659 688/682/674
f 672/667/659 686/679/672 687/680/673
f 688/682/674 689/683/675 670/664/657
f 689/683/675 669/663/656 670/664/657
f 669/663/656 690/684/676 667/661/654
f 691/685/677 690/684/676 669/663/656
f 689/683/675 691/685/677 669/663/656
f 667/661/654 690/684/676 692/686/678
f 668/662/655 667/661/654 692/686/678
f 690/684/676 693/687/679 694/688/680
f 692/686/678 690/684/676 694/688/680
f 690/684/676 691/685/677 693/687/679
f 695/689/681 691/685/677 689/683/675
f 691/685/677 695/689/681 696/690/682
f 693/687/679 691/685/677 696/690/682
f 697/691/683 689/683/675 688/682/674
f 697/691/683 695/689/681 689/683/675
f 688/681/674 687/680/673 697/692/683
f 698/693/684 699/694/685 687/680/673
f 686/679/672 698/693/684 687/680/673
f 687/680/673 699/694/685 700/695/686
f 687/680/673 700/695/686 697/692/683
f 685/678/671 701/696/687 686/679/672
f 701/696/687 698/693/684 686/679/672
f 684/677/670 702/697/688 685/678/671
f 702/697/688 703/698/689 685/678/671
f 703/698/689 701/696/687 685/678/671
f 683/676/669 704/699/690 684/677/670
f 705/700/691 702/697/688 684/677/670
f 706/701/692 705/700/691 684/677/670
f 684/677/670 707/702/693 706/701/692
f 704/699/690 707/702/693 684/677/670
f 682/675/668 708/703/694 683/676/669
f 708/703/694 704/699/690 683/676/669
f 708/704/694 709/705/695 704/706/690
f 704/706/690 710/707/696 711/708/697
f 709/705/695 710/707/696 704/706/690
f 707/702/693 704/699/690 711/709/697
f 707/702/693 712/710/698 706/701/692
f 713/711/699 707/702/693 711/709/697
f 712/710/698 707/702/693 713/711/699
f 706/701/692 712/710/698 714/712/700
f 714/712/700 715/713/701 706/701/692
f 715/713/701 705/700/691 706/701/692
f 716/714/702 705/700/691 715/713/701
f 716/714/702 717/715/703 705/700/691
f 705/700/691 718/716/704 719/717/705
f 717/715/703 718/716/704 705/700/691
f 705/700/691 719/717/705 702/697/688
f 720/718/706 703/698/689 702/697/688
f 719/717/705 720/718/706 702/697/688
f 699/694/685 721/719/707 700/695/686
f 700/695/686 721/719/707 722/720/708
f 700/695/686 722/720/708 723/721/709
f 697/692/683 700/695/686 723/721/709
f 723/722/709 695/689/681 697/691/683
f 724/723/710 723/722/709 725/724/711
f 725/724/711 723/722/709 726/725/712
f 723/721/709 722/720/708 726/726/712
f 695/689/681 723/722/709 724/723/710
f 721/719/707 727/727/713 722/720/708
f 726/726/712 722/720/708 728/728/714
f 722/720/708 727/727/713 728/728/714
f 729/729/715 717/715/703 730/730/716
f 731/731/717 729/729/715 730/730/716
f 732/732/718 729/729/715 731/731/717
f 729/729/715 718/716/704 717/715/703
f 730/730/716 717/715/703 716/714/702
f 733/733/719 716/714/702 715/713/701
f 734/734/720 716/714/702 733/733/719
f 734/734/720 730/730/716 716/714/702
f 735/735/721 715/713/701 714/712/700
f 715/713/701 735/735/721 733/733/719
f 712/710/698 735/735/721 714/712/700
f 713/711/699 736/736/722 712/710/698
f 736/736/722 735/735/721 712/710/698
f 736/736/722 737/737/723 735/735/721
f 737/737/723 738/738/724 735/735/721
f 735/735/721 738/738/724 739/739/725
f 733/733/719 735/735/721 739/739/725
f 739/739/725 734/734/720 733/733/719
f 740/740/726 734/734/720 739/739/725
f 740/740/726 731/731/717 734/734/720
f 731/731/717 730/730/716 734/734/720
f 741/741/727 731/731/717 740/740/726
f 741/741/727 732/732/718 731/731/717
f 742/742/728 732/732/718 741/741/727
f 727/727/713 743/743/729 744/744/730
f 728/728/714 727/727/713 744/744/730
f 726/726/712 728/728/714 744/744/730
f 745/745/731 726/726/712 744/744/730
f 725/724/711 726/725/712 745/746/731
f 746/747/732 725/724/711 745/746/731
f 747/748/733 725/724/711 746/747/732
f 747/748/733 724/723/710 725/724/711
f 696/690/682 724/723/710 747/748/733
f 696/690/682 695/689/681 724/723/710
f 748/749/734 747/748/733 746/747/732
f 749/750/735 747/748/733 748/749/734
f 749/750/735 696/690/682 747/748/733
f 750/751/736 748/749/734 746/747/732
f 745/746/731 750/751/736 746/747/732
f 751/752/737 750/751/736 745/746/731
f 752/753/738 751/754/737 745/745/731
f 744/744/730 752/753/738 745/745/731
f 744/744/730 743/743/729 752/753/738
f 743/743/729 753/755/739 752/753/738
f 754/756/740 742/742/728 755/757/741
f 756/758/742 757/759/743 754/756/740
f 755/757/741 756/758/742 754/756/740
f 758/760/744 742/742/728 741/741/727
f 755/757/741 742/742/728 758/760/744
f 759/761/745 741/741/727 740/740/726
f 758/760/744 741/741/727 759/761/745
f 760/762/746 740/740/726 739/739/725
f 759/761/745 740/740/726 760/762/746
f 739/739/725 738/738/724 760/762/746
f 761/763/747 738/738/724 737/737/723
f 738/738/724 761/763/747 762/764/748
f 760/762/746 738/738/724 762/764/748
f 762/764/748 763/765/749 760/762/746
f 763/765/749 759/761/745 760/762/746
f 764/766/750 759/761/745 763/765/749
f 764/766/750 758/760/744 759/761/745
f 765/767/751 758/760/744 764/766/750
f 765/767/751 755/757/741 758/760/744
f 766/768/752 755/757/741 765/767/751
f 766/768/752 756/758/742 755/757/741
f 756/758/742 766/768/752 767/769/753
f 768/770/754 756/758/742 767/769/753
f 757/759/743 756/758/742 768/770/754
f 769/715/755 757/759/743 768/770/754
f 770/771/756 757/759/743 769/715/755
f 753/755/739 771/772/757 772/773/758
f 752/753/738 753/755/739 772/773/758
f 772/773/758 751/754/737 752/753/738
f 772/773/758 773/774/759 751/754/737
f 773/775/759 774/776/760 751/752/737
f 751/752/737 774/776/760 750/751/736
f 750/751/736 775/777/761 748/749/734
f 774/776/760 775/777/761 750/751/736
f 776/778/762 749/750/735 748/749/734
f 775/777/761 776/778/762 748/749/734
f 777/779/763 776/778/762 775/777/761
f 778/780/764 777/779/763 775/777/761
f 778/780/764 775/777/761 774/776/760
f 774/776/760 773/775/759 779/781/765
f 779/781/765 778/780/764 774/776/760
f 780/782/766 773/774/759 772/773/758
f 773/775/759 780/783/766 779/781/765
f 781/784/767 780/782/766 772/773/758
f 772/773/758 771/772/757 781/784/767
f 771/772/757 782/785/768 781/784/767
f 783/786/769 770/771/756 769/715/755
f 784/787/770 770/771/756 783/786/769
f 785/788/771 783/786/769 769/715/755
f 768/770/754 785/788/771 769/715/755
f 767/769/753 785/788/771 768/770/754
f 767/769/753 766/768/752 786/789/772
f 767/769/753 787/790/773 785/788/771
f 786/789/772 787/790/773 767/769/753
f 786/789/772 766/768/752 788/791/774
f 788/791/774 766/768/752 765/767/751
f 788/791/774 765/767/751 763/765/749
f 763/765/749 765/767/751 764/766/750
f 788/791/774 763/765/749 762/764/748
f 762/764/748 761/763/747 789/792/775
f 789/792/775 788/791/774 762/764/748
f 786/789/772 788/791/774 789/792/775
f 790/793/776 786/789/772 789/792/775
f 787/790/773 786/789/772 790/793/776
f 787/790/773 790/793/776 791/794/777
f 787/790/773 791/794/777 785/788/771
f 785/788/771 791/794/777 783/786/769
f 783/786/769 792/677/778 793/697/779
f 783/786/769 793/697/779 784/787/770
f 794/795/780 792/677/778 783/786/769
f 791/794/777 794/795/780 783/786/769
f 793/697/779 795/796/781 784/787/770
f 795/796/781 796/797/782 784/787/770
f 781/784/767 782/785/768 797/678/783
f 782/785/768 798/798/784 797/678/783
f 799/799/785 780/782/766 781/784/767
f 797/678/783 799/799/785 781/784/767
f 780/782/766 799/799/785 499/497/489
f 779/781/765 780/783/766 499/800/489
f 499/800/489 800/801/786 779/781/765
f 800/801/786 778/780/764 779/781/765
f 800/801/786 801/802/787 778/780/764
f 801/802/787 777/779/763 778/780/764
f 777/779/763 802/803/788 776/778/762
f 803/804/789 802/803/788 777/779/763
f 801/802/787 803/804/789 777/779/763
f 802/803/788 749/750/735 776/778/762
f 802/803/788 803/804/789 804/805/790
f 805/806/791 802/803/788 804/805/790
f 806/807/792 802/803/788 805/806/791
f 807/808/793 749/750/735 802/803/788
f 804/805/790 803/804/789 808/809/794
f 803/804/789 809/810/795 808/809/794
f 809/810/795 803/804/789 801/802/787
f 810/811/796 801/802/787 800/801/786
f 810/811/796 809/810/795 801/802/787
f 500/812/490 810/811/796 800/801/786
f 500/812/490 800/801/786 499/800/489
f 799/799/785 469/468/460 499/497/489
f 469/468/460 799/799/785 470/469/461
f 470/469/461 799/799/785 811/813/797
f 792/677/778 799/799/785 797/678/783
f 799/799/785 792/677/778 811/813/797
f 792/677/778 812/699/798 811/813/797
f 813/702/799 812/699/798 792/677/778
f 793/697/779 792/677/778 797/678/783
f 794/795/780 813/702/799 792/677/778
f 797/678/783 798/798/784 793/697/779
f 798/798/784 795/796/781 793/697/779
f 813/702/799 814/814/800 812/699/798
f 815/711/801 814/814/800 813/702/799
f 816/815/802 815/711/801 813/702/799
f 816/815/802 813/702/799 794/795/780
f 817/816/803 816/815/802 794/795/780
f 817/816/803 794/795/780 791/794/777
f 791/794/777 790/793/776 817/816/803
f 790/793/776 816/815/802 817/816/803
f 818/817/804 815/711/801 816/815/802
f 790/793/776 818/817/804 816/815/802
f 815/711/801 819/818/805 820/819/806
f 821/820/807 815/711/801 820/819/806
f 814/814/800 815/711/801 821/820/807
f 815/711/801 818/817/804 819/818/805
f 814/821/800 822/822/808 812/823/798
f 821/820/807 822/824/808 814/814/800
f 812/699/798 823/825/809 811/813/797
f 812/823/798 822/822/808 824/826/810
f 824/826/810 823/827/809 812/823/798
f 470/469/461 811/813/797 825/828/811
f 811/813/797 823/825/809 825/828/811
f 826/829/812 470/469/461 825/828/811
f 468/467/459 470/469/461 826/829/812
f 825/828/811 827/830/813 828/831/814
f 823/825/809 827/830/813 825/828/811
f 825/828/811 828/831/814 829/832/815
f 829/832/815 826/829/812 825/828/811
f 823/827/809 830/833/816 827/834/813
f 824/826/810 830/833/816 823/827/809
f 824/835/810 831/836/817 830/837/816
f 822/824/808 831/836/817 824/835/810
f 822/824/808 821/820/807 831/836/817
f 821/820/807 820/819/806 832/838/818
f 831/836/817 821/820/807 832/838/818
f 832/838/818 820/819/806 833/839/819
f 820/819/806 834/840/820 833/839/819
f 820/819/806 819/818/805 834/840/820
f 819/818/805 835/841/821 834/840/820
f 819/818/805 818/817/804 836/842/822
f 835/841/821 819/818/805 836/842/822
f 818/817/804 837/843/823 836/842/822
f 837/843/823 818/817/804 790/793/776
f 836/842/822 837/843/823 838/844/824
f 838/844/824 835/841/821 836/842/822
f 834/840/820 835/841/821 839/845/825
f 835/841/821 840/846/826 839/845/825
f 840/846/826 835/841/821 838/844/824
f 833/839/819 834/840/820 841/847/827
f 834/840/820 839/845/825 841/847/827
f 833/839/819 841/847/827 842/848/828
f 843/849/829 833/839/819 842/848/828
f 832/838/818 833/839/819 843/849/829
f 830/837/816 832/838/818 843/849/829
f 831/836/817 832/838/818 830/837/816
f 830/833/816 843/850/829 827/834/813
f 827/834/813 843/850/829 844/851/830
f 827/830/813 844/852/830 828/831/814
f 828/831/814 845/853/831 846/854/832
f 828/831/814 844/852/830 845/853/831
f 829/832/815 828/831/814 846/854/832
f 846/854/832 847/855/833 829/832/815
f 847/855/833 848/856/834 829/832/815
f 848/856/834 849/857/835 829/832/815
f 849/857/835 826/829/812 829/832/815
f 849/857/835 468/467/459 826/829/812
f 432/431/428 468/467/459 849/857/835
f 850/858/836 849/857/835 848/856/834
f 850/858/836 432/431/428 849/857/835
f 340/349/329 357/362/350 848/856/834
f 847/855/833 340/349/329 848/856/834
f 357/362/350 850/858/836 848/856/834
f 851/859/837 340/349/329 847/855/833
f 852/860/838 847/855/833 846/854/832
f 852/860/838 851/859/837 847/855/833
f 853/861/839 852/860/838 846/854/832
f 846/854/832 845/853/831 853/861/839
f 845/853/831 854/862/840 855/863/841
f 844/852/830 854/862/840 845/853/831
f 845/853/831 855/863/841 853/861/839
f 844/851/830 842/864/828 854/865/840
f 843/850/829 842/864/828 844/851/830
f 842/864/828 856/866/842 857/867/843
f 854/865/840 842/864/828 857/867/843
f 842/848/828 841/847/827 858/868/844
f 858/868/844 856/869/842 842/848/828
f 841/847/827 839/845/825 859/870/845
f 841/847/827 859/870/845 858/868/844
f 839/845/825 840/846/826 860/871/846
f 839/845/825 860/871/846 859/870/845
f 840/846/826 838/844/824 860/871/846
f 859/870/845 860/871/846 861/872/847
f 860/871/846 838/844/824 862/873/848
f 860/871/846 862/873/848 861/872/847
f 859/870/845 861/872/847 863/874/849
f 858/868/844 859/870/845 863/874/849
f 863/874/849 864/875/850 858/868/844
f 858/868/844 864/875/850 856/869/842
f 857/867/843 856/866/842 865/876/851
f 856/866/842 866/877/852 865/876/851
f 856/869/842 864/875/850 866/878/852
f 857/879/843 865/880/851 867/881/853
f 868/882/854 857/879/843 867/881/853
f 854/862/840 857/879/843 868/882/854
f 854/862/840 868/882/854 855/863/841
f 855/863/841 868/882/854 869/883/855
f 855/863/841 869/883/855 870/884/856
f 853/861/839 855/863/841 870/884/856
f 871/885/857 872/886/858 853/861/839
f 872/886/858 852/860/838 853/861/839
f 873/887/859 851/859/837 852/860/838
f 340/349/329 851/859/837 343/352/332
f 851/859/837 874/888/860 875/889/861
f 343/352/332 851/859/837 875/889/861
f 873/887/859 874/888/860 851/859/837
f 869/883/855 876/890/862 873/887/859
f 870/884/856 869/883/855 873/887/859
f 874/888/860 873/887/859 877/891/863
f 873/887/859 876/890/862 877/891/863
f 869/883/855 868/882/854 878/892/864
f 878/892/864 876/890/862 869/883/855
f 868/882/854 867/881/853 878/892/864
f 867/881/853 682/675/668 879/893/865
f 878/892/864 867/881/853 879/893/865
f 867/881/853 865/880/851 682/675/668
f 865/880/851 708/703/694 682/675/668
f 865/876/851 866/877/852 708/704/694
f 866/877/852 709/705/695 708/704/694
f 866/878/852 880/894/866 709/835/695
f 864/875/850 880/894/866 866/878/852
f 864/875/850 881/895/867 880/894/866
f 863/874/849 881/895/867 864/875/850
f 863/874/849 861/872/847 713/711/699
f 881/895/867 863/874/849 713/711/699
f 861/872/847 736/736/722 713/711/699
f 861/872/847 862/873/848 736/736/722
f 862/873/848 737/737/723 736/736/722
f 838/844/824 737/737/723 862/873/848
f 838/844/824 761/763/747 737/737/723
f 837/843/823 761/763/747 838/844/824
f 761/763/747 837/843/823 789/792/775
f 789/792/775 837/843/823 790/793/776
f 711/709/697 881/895/867 713/711/699
f 710/896/696 881/895/867 711/709/697
f 881/895/867 710/896/696 880/894/866
f 880/894/866 710/896/696 709/835/695
f 879/893/865 682/675/668 882/897/868
f 682/675/668 679/672/665 882/897/868
f 883/898/869 879/893/865 884/899/870
f 884/899/870 879/893/865 885/900/871
f 879/893/865 882/897/868 885/900/871
f 879/893/865 886/901/872 878/892/864
f 883/898/869 886/901/872 879/893/865
f 886/901/872 876/890/862 878/892/864
f 876/890/862 886/901/872 877/891/863
f 875/889/861 874/888/860 877/891/863
f 877/891/863 886/901/872 887/902/873
f 888/903/874 875/889/861 877/891/863
f 887/902/873 888/903/874 877/891/863
f 333/342/325 343/352/332 875/889/861
f 888/903/874 333/342/325 875/889/861
f 328/337/320 888/903/874 887/902/873
f 332/341/324 333/342/325 888/903/874
f 328/337/320 332/341/324 888/903/874
f 358/363/351 887/902/873 416/415/412
f 887/902/873 883/898/869 416/415/412
f 886/901/872 883/898/869 887/902/873
f 328/337/320 887/902/873 358/363/351
f 889/904/875 883/898/869 884/899/870
f 415/414/411 883/898/869 889/904/875
f 883/898/869 415/414/411 416/415/412
s 14
f 890/905/876 891/906/875 892/907/877
f 893/908/871 890/905/876 892/907/877
f 890/905/876 893/908/871 894/909/868
s 9
f 882/897/868 679/672/665 680/673/666
s 14
f 895/910/878 890/905/876 894/909/868
f 896/911/879 897/912/880 890/905/876
f 897/912/880 891/906/875 890/905/876
f 896/911/879 890/905/876 895/910/878
s 9
f 417/416/413 415/414/411 889/904/875
s 14
f 897/912/880 898/913/413 891/906/875
f 897/912/880 450/449/442 451/450/414
f 899/914/415 897/912/880 451/450/414
f 898/913/413 897/912/880 899/914/415
f 454/453/445 897/912/880 896/911/879
f 897/912/880 454/453/445 450/449/442
f 900/915/881 454/453/445 896/911/879
f 901/916/667 896/911/879 895/910/878
f 900/915/881 896/911/879 901/916/667
f 902/917/663 454/453/445 900/915/881
f 902/917/663 453/452/444 454/453/445
s 9
f 455/454/446 456/455/447 676/669/444
f 328/337/320 327/321/318 326/319/317
f 326/319/317 332/341/324 328/337/320
f 333/342/325 334/343/326 343/352/332
f 355/360/347 850/858/836 357/362/350
f 355/360/347 903/918/882 850/858/836
f 903/918/882 432/431/428 850/858/836
f 366/370/359 903/918/882 355/360/347
f 903/918/882 431/430/427 432/431/428
f 366/370/359 431/430/427 903/918/882
f 431/430/427 366/370/359 363/367/356
f 501/919/491 810/811/796 500/812/490
f 501/919/491 904/920/883 810/811/796
f 905/921/884 904/920/883 501/919/491
f 906/922/885 905/923/884 501/499/491
f 501/499/491 529/523/519 906/922/885
f 904/920/883 809/810/795 810/811/796
f 904/920/883 905/921/884 907/924/886
f 908/925/887 904/920/883 907/924/886
f 809/810/795 904/920/883 908/925/887
f 909/926/888 905/923/884 906/922/885
f 907/927/886 905/923/884 909/926/888
f 906/922/885 529/523/519 530/524/520
f 530/524/520 909/926/888 906/922/885
f 910/928/889 909/929/888 530/930/520
f 911/931/890 909/929/888 910/928/889
f 907/924/886 909/929/888 911/931/890
f 912/932/891 907/924/886 911/931/890
f 908/925/887 907/924/886 912/932/891
f 913/933/892 908/925/887 912/932/891
f 914/934/893 908/925/887 913/933/892
f 809/810/795 908/925/887 914/934/893
f 808/809/794 809/810/795 914/934/893
f 915/935/894 914/934/893 913/933/892
f 808/809/794 914/934/893 915/935/894
s 16
f 916/936/895 917/937/896 918/938/897
f 919/939/894 917/937/896 916/936/895
f 917/937/896 920/940/898 918/938/897
f 921/941/899 922/942/900 920/940/898
f 920/940/898 922/942/900 918/938/897
s 9
f 911/931/890 910/928/889 923/943/901
f 530/930/520 924/944/902 910/928/889
f 924/944/902 925/945/903 910/928/889
f 910/928/889 925/945/903 926/946/904
f 923/943/901 910/928/889 926/946/904
f 531/525/521 924/947/902 530/524/520
f 924/944/902 927/948/905 925/945/903
f 926/946/904 925/945/903 928/949/906
f 925/945/903 929/950/907 928/949/906
f 925/945/903 927/948/905 929/950/907
s 16
f 930/951/908 931/952/909 932/953/910
f 931/952/909 933/954/911 934/955/912
f 932/953/910 931/952/909 934/955/912
f 916/936/895 930/951/908 932/953/910
f 918/938/897 930/951/908 916/936/895
f 932/953/910 919/939/894 916/936/895
f 935/956/913 919/939/894 932/953/910
s 9
f 936/957/914 808/809/794 915/935/894
f 804/805/790 808/809/794 936/957/914
s 16
f 934/955/912 935/956/913 932/953/910
f 937/958/915 935/956/913 934/955/912
s 9
f 938/959/916 804/805/790 936/957/914
s 16
f 934/955/912 933/954/911 939/960/917
f 939/960/917 937/958/915 934/955/912
f 933/954/911 940/961/918 939/960/917
s 9
f 928/949/906 929/950/907 941/962/919
f 928/949/906 941/962/919 942/963/920
f 929/950/907 943/964/921 941/962/919
f 927/948/905 943/964/921 929/950/907
f 942/963/920 941/962/919 944/965/922
f 941/962/919 943/964/921 945/966/923
f 944/965/922 941/962/919 945/966/923
s 16
f 939/960/917 940/961/918 946/967/924
f 940/961/918 947/968/925 948/969/926
f 946/967/924 940/961/918 948/969/926
f 949/970/927 937/958/915 939/960/917
f 946/967/924 949/970/927 939/960/917
s 9
f 950/971/928 804/805/790 938/959/916
f 804/805/790 950/971/928 805/806/791
s 16
f 951/972/929 949/970/927 948/969/926
f 948/969/926 949/970/927 946/967/924
s 9
f 950/971/928 952/973/930 953/974/931
f 805/806/791 950/971/928 953/974/931
s 16
f 954/975/932 951/972/929 948/969/926
f 948/969/926 947/968/925 954/975/932
f 947/968/925 955/976/933 954/975/932
s 9
f 956/977/934 944/965/922 945/966/923
f 957/978/935 944/965/922 956/977/934
f 943/964/921 958/979/936 945/966/923
f 945/966/923 958/979/936 956/977/934
f 958/979/936 610/980/597 956/977/934
f 956/977/934 610/980/597 959/981/937
f 959/981/937 957/978/935 956/977/934
s 16
f 954/975/932 955/976/933 960/982/938
f 955/976/933 961/983/939 960/982/938
s 9
f 962/984/940 957/978/935 959/981/937
s 16
f 963/985/941 951/972/929 954/975/932
f 960/982/938 963/985/941 954/975/932
s 9
f 952/973/930 964/986/942 953/974/931
f 694/688/680 953/974/931 692/686/678
f 805/806/791 953/974/931 694/688/680
f 953/974/931 964/986/942 965/987/943
f 953/974/931 965/987/943 692/686/678
f 694/688/680 806/807/792 805/806/791
f 749/750/735 806/807/792 694/688/680
f 694/688/680 693/687/679 749/750/735
f 693/687/679 696/690/682 749/750/735
f 692/686/678 965/987/943 668/662/655
f 965/987/943 966/988/944 668/662/655
f 965/987/943 967/989/945 966/988/944
f 964/986/942 967/989/945 965/987/943
s 16
f 968/990/945 963/985/941 960/982/938
f 960/982/938 961/983/939 969/991/946
f 969/991/946 968/990/945 960/982/938
f 961/983/939 970/992/947 969/991/946
f 971/993/948 972/994/949 973/995/950
f 970/992/947 972/994/949 971/993/948
s 9
f 959/981/937 974/996/951 962/984/940
f 610/980/597 611/997/598 959/981/937
f 974/996/951 959/981/937 975/998/952
f 959/981/937 611/997/598 975/998/952
f 976/999/953 974/996/951 977/1000/954
f 977/1000/954 974/996/951 975/998/952
f 978/1001/955 976/999/953 979/1002/956
f 979/1002/956 976/999/953 977/1000/954
s 16
f 971/993/948 980/1003/957 970/992/947
f 970/992/947 980/1003/957 969/991/946
f 980/1003/957 968/990/945 969/991/946
s 9
f 967/989/945 978/1001/955 966/988/944
f 668/662/655 966/988/944 979/1002/956
f 966/988/944 978/1001/955 979/1002/956
f 643/642/630 668/662/655 979/1002/956
f 977/1000/954 643/642/630 979/1002/956
f 642/639/629 977/1004/954 975/1005/952
f 642/640/629 643/642/630 977/1000/954
f 611/615/598 640/637/627 975/1005/952
f 975/1005/952 640/637/627 642/639/629
f 981/1006/958 720/718/706 719/717/705
f 514/508/504 485/483/476 661/507/648
f 982/514/959 661/507/648 660/515/647
f 514/508/504 661/507/648 982/514/959
f 982/514/959 515/511/505 514/508/504
f 983/1007/960 984/1008/961 982/1009/959
f 982/1009/959 660/655/647 983/1007/960
f 984/1008/961 515/1010/505 982/1009/959
f 983/1007/960 660/655/647 658/652/645
f 985/1011/962 984/1008/961 983/1007/960
f 657/651/644 985/1011/962 983/1007/960
f 983/1007/960 658/652/645 657/651/644
f 984/1008/961 986/1012/963 987/1013/964
f 984/1008/961 987/1013/964 515/1010/505
f 985/1011/962 986/1012/963 984/1008/961
f 515/1010/505 987/1013/964 517/1014/507
f 987/1013/964 988/1015/965 989/1016/966
f 987/1013/964 989/1016/966 517/1014/507
f 986/1012/963 988/1015/965 987/1013/964
f 986/1012/963 990/1017/967 988/1015/965
f 991/1018/968 990/1017/967 986/1012/963
f 985/1011/962 991/1018/968 986/1012/963
f 992/1019/969 991/1018/968 985/1011/962
f 992/1019/969 985/1011/962 657/651/644
f 659/1020/646 992/1021/969 657/551/644
f 992/1021/969 993/1022/970 991/1023/968
f 994/1024/971 993/1022/970 992/1021/969
f 995/1025/972 994/1024/971 992/1021/969
f 995/1025/972 992/1021/969 659/1020/646
f 990/1026/967 991/1023/968 996/1027/973
f 991/1023/968 997/1028/974 996/1027/973
f 993/1029/970 997/1030/974 991/1031/968
f 990/1017/967 998/1032/975 988/1015/965
f 998/1033/975 990/1026/967 999/1034/976
f 999/1034/976 990/1026/967 996/1027/973
f 988/1015/965 1000/1035/977 989/1016/966
f 988/1015/965 998/1032/975 1000/1035/977
f 989/1016/966 1001/1036/978 516/546/506
f 517/1014/507 989/1016/966 516/546/506
f 989/1016/966 1000/1035/977 1001/1036/978
f 1000/1035/977 1002/1037/979 1001/1036/978
f 1000/1035/977 1003/1038/980 1002/1037/979
f 998/1032/975 1003/1038/980 1000/1035/977
f 1003/1039/980 998/1033/975 1004/1040/981
f 1004/1040/981 998/1033/975 999/1034/976
f 999/1034/976 996/1027/973 1005/1041/982
f 1006/1042/983 999/1034/976 1005/1041/982
f 1004/1040/981 999/1034/976 1006/1042/983
f 996/1027/973 1007/1043/984 1005/1041/982
f 997/1028/974 1007/1043/984 996/1027/973
f 1007/1043/984 997/1028/974 993/1022/970
f 1008/1044/985 1007/1043/984 993/1022/970
f 1009/1045/986 993/1046/970 994/1047/971
f 1008/1044/985 993/1022/970 1009/1048/986
f 994/1024/971 1010/1049/987 1009/1048/986
f 1010/1049/987 994/1024/971 995/1025/972
f 656/1050/643 995/1025/972 659/1020/646
f 1011/1051/988 995/1025/972 656/1050/643
f 1011/1051/988 1010/1049/987 995/1025/972
f 1009/1048/986 1010/1049/987 1012/1052/989
f 1010/1049/987 1013/1053/990 1012/1052/989
f 1013/1053/990 1010/1049/987 1011/1051/988
f 1009/1048/986 1014/1054/991 1008/1044/985
f 1015/1055/992 1014/1054/991 1009/1048/986
f 1012/1052/989 1015/1055/992 1009/1048/986
f 1014/1054/991 1007/1043/984 1008/1044/985
f 1007/1056/984 1016/1057/993 1005/1058/982
f 1007/1043/984 1014/1054/991 1016/1059/993
f 1005/1041/982 1016/1059/993 1006/1042/983
f 1004/1040/981 1006/1042/983 1017/1034/994
f 1017/1034/994 1006/1042/983 1018/1041/995
f 1006/1042/983 1019/1059/996 1018/1041/995
f 1016/1059/993 1020/1060/997 1006/1042/983
f 1020/1060/997 1019/1059/996 1006/1042/983
f 1021/1033/998 1004/1040/981 1017/1034/994
f 1003/1039/980 1004/1040/981 1021/1033/998
f 1002/1037/979 1003/1038/980 1022/1061/999
f 1022/1061/999 1003/1038/980 1021/1062/998
f 1001/1036/978 1002/1037/979 1022/1061/999
f 516/546/506 1001/1036/978 546/547/536
f 1001/1036/978 1022/1061/999 546/547/536
f 546/547/536 1022/1061/999 548/549/538
f 1022/1061/999 1021/1062/998 548/549/538
f 548/549/538 1021/1062/998 1023/1063/1000
f 1021/1033/998 1017/1034/994 1023/1026/1000
f 1023/1026/1000 1017/1034/994 1024/1027/1001
f 1017/1034/994 1018/1041/995 1024/1027/1001
f 1024/1027/1001 1018/1041/995 1025/1043/1002
f 1018/1064/995 1019/1065/996 1025/1066/1002
f 1019/1059/996 1026/1054/1003 1025/1043/1002
f 1027/1067/1004 1019/1059/996 1020/1060/997
f 1026/1054/1003 1019/1059/996 1028/1068/1005
f 1027/1067/1004 1020/1060/997 1016/1059/993
f 1016/1059/993 1014/1054/991 1028/1068/1006
f 1014/1054/991 1015/1055/992 1028/1068/1006
f 1029/1069/1007 1015/1055/992 1012/1052/989
f 1015/1055/992 1029/1069/1007 1030/1070/1008
f 1012/1052/989 1013/1053/990 1029/1069/1007
f 1013/1053/990 626/627/613 1029/1069/1007
f 627/628/614 1013/1053/990 1011/1051/988
f 626/627/613 1013/1053/990 627/628/614
f 628/630/615 1011/1071/988 656/650/643
f 627/629/614 1011/1071/988 628/630/615
f 1029/1069/1007 626/627/613 1031/1053/1009
f 626/627/613 625/628/612 1031/1053/1009
f 1029/1069/1007 1031/1053/1009 1032/1052/1010
f 1029/1069/1007 1032/1052/1010 1033/1055/1011
f 1030/1070/1008 1029/1069/1007 1033/1055/1011
f 1031/1053/1009 625/628/612 1034/1051/1012
f 1031/1053/1009 1034/1051/1012 1035/1049/1013
f 1032/1052/1010 1031/1053/1009 1035/1049/1013
f 625/625/612 589/595/576 1034/1072/1012
f 1034/1051/1012 1036/1050/1014 1037/1025/1015
f 1035/1049/1013 1034/1051/1012 1037/1025/1015
f 1034/1051/1012 589/1073/576 1036/1050/1014
f 1035/1049/1013 1037/1025/1015 1038/1024/1016
f 1039/1048/1017 1035/1049/1013 1038/1024/1016
f 1032/1052/1010 1035/1049/1013 1039/1048/1017
f 1033/1055/1011 1032/1052/1010 1039/1048/1017
f 1039/1048/1017 1026/1054/1003 1033/1055/1011
f 1033/1055/1011 1026/1054/1003 1028/1068/1005
f 1026/1054/1003 1039/1048/1017 1040/1044/1018
f 1025/1043/1002 1026/1054/1003 1040/1044/1018
f 1024/1027/1001 1025/1043/1002 1041/1028/1019
f 1041/1028/1019 1025/1043/1002 1042/1022/1020
f 1025/1043/1002 1040/1044/1018 1042/1022/1020
f 1043/1023/1021 1024/1027/1001 1041/1028/1019
f 1023/1026/1000 1024/1027/1001 1043/1023/1021
f 548/549/538 1023/1063/1000 547/548/537
f 547/548/537 1023/1063/1000 1043/1074/1021
f 547/548/537 1043/1074/1021 549/550/539
f 549/550/539 1043/1074/1021 1044/1075/1022
f 1043/1023/1021 1042/1022/1020 1044/1021/1022
f 1041/1028/1019 1042/1022/1020 1043/1023/1021
f 1042/1022/1020 1038/1024/1016 1044/1021/1022
f 1039/1048/1017 1038/1024/1016 1042/1022/1020
f 1040/1044/1018 1039/1048/1017 1042/1022/1020
f 1038/1024/1016 1037/1025/1015 1044/1021/1022
f 1044/1021/1022 1037/1025/1015 1045/1020/1023
f 1037/1025/1015 1036/1050/1014 1045/1020/1023
f 1045/1076/1023 1036/1077/1014 551/555/541
f 1036/1050/1014 588/1078/575 551/1079/541
f 589/595/576 588/594/575 1036/1080/1014
f 1045/1020/1023 550/551/540 1044/1021/1022
f 550/554/540 1045/1076/1023 551/555/541
f 1044/1021/1022 550/551/540 549/553/539
s 17
f 387/386/1024 1046/377/1025 1047/378/1026
s 13
f 384/383/381 1048/1081/1027 388/387/385
s 18
f 1049/383/1028 1050/1082/1029 1051/1083/384
f 1048/1081/1030 1049/383/1028 1051/1083/384
s 17
f 1047/378/1026 1046/377/1025 1052/376/1031
s 18
f 1050/1082/1029 1049/383/1028 1053/1084/1032
s 19
f 1054/380/1033 1055/1085/1034 1056/1086/1035
f 1057/1087/1036 1055/1085/1034 1054/380/1033
s 18
f 1053/1084/1032 1049/383/1028 1058/385/1037
f 1049/383/1028 1059/1088/1038 1058/385/1037
f 1059/1088/1038 1049/383/1028 1048/1081/1030
s 13
f 1048/1081/1027 384/383/381 1060/1089/1039
f 1060/1089/1039 384/383/381 386/385/383
s 12
f 382/381/380 381/380/379 1061/1090/1040
s 8
f 373/374/371 372/373/370 1062/375/1041
f 1062/375/1041 372/373/370 370/361/368
f 370/361/368 371/372/369 1062/375/1041
f 1062/375/1041 371/372/369 368/372/363
f 371/372/369 367/371/361 368/372/363
f 315/326/305 317/328/307 316/327/306
s 20
f 1063/1091/1042 1064/1092/1043 1065/1093/1044
f 1066/1094/1045 1063/1091/1042 1065/1093/1044
f 1067/1095/1046 1063/1091/1042 1066/1094/1045
f 1068/1096/1047 1063/1091/1042 1067/1095/1046
f 1063/1091/1042 1068/1096/1047 1069/1097/1048
f 1070/1098/1049 1063/1091/1042 1069/1097/1048
f 1064/1092/1043 1063/1091/1042 1070/1098/1049
f 1065/1093/1044 1064/1092/1043 1071/1099/1050
f 1064/1092/1043 1072/1100/1051 1071/1099/1050
f 1072/1100/1051 1064/1092/1043 1073/1101/1052
f 1065/1093/1044 1071/1099/1050 1074/1102/1053
f 1075/1103/1054 1065/1093/1044 1074/1102/1053
f 1076/1104/1055 1065/1093/1044 1075/1103/1054
f 1065/1093/1044 1076/1104/1055 1066/1094/1045
f 1077/1105/1056 1067/1095/1046 1066/1094/1045
f 1066/1094/1045 1076/1104/1055 1077/1105/1056
f 1078/1106/1057 1067/1095/1046 1077/1105/1056
f 1079/1107/1058 1080/1108/1059 1067/1095/1046
f 1078/1106/1057 1079/1107/1058 1067/1095/1046
f 1067/1095/1046 1080/1108/1059 1068/1096/1047
s 21
f 1081/1109/1047 1082/1110/1060 1083/1111/1061
f 1084/1112/1062 1081/1109/1047 1083/1111/1061
f 1069/1097/1063 1081/1109/1047 1084/1112/1062
s 20
f 1068/1096/1047 1085/1113/1064 1082/1110/1065
f 1080/1108/1059 1085/1113/1064 1068/1096/1047
s 21
f 1086/1114/1066 1069/1097/1063 1084/1112/1062
f 1087/1096/1067 1069/1097/1063 1086/1114/1066
s 20
f 1088/1115/1068 1072/1100/1051 1073/1101/1052
f 1089/1116/1069 1072/1100/1051 1088/1115/1068
f 1071/1099/1050 1072/1100/1051 1090/1117/1070
f 1072/1100/1051 1091/1118/1071 1090/1117/1070
f 1072/1100/1051 1092/1119/1072 1091/1118/1071
f 1093/1120/1073 1092/1119/1072 1072/1100/1051
f 1072/1100/1051 1089/1116/1069 1093/1120/1073
s 21
f 1082/1110/1060 1087/1096/1067 1094/1121/1074
s 20
f 1089/1116/1069 1095/1122/1075 1096/1123/1076
s 21
f 1094/1121/1074 1087/1096/1067 1086/1114/1066
s 20
f 1097/1124/1077 1089/1116/1069 1098/1125/1078
f 1098/1125/1078 1089/1116/1069 1099/1126/1079
f 1089/1116/1069 1096/1123/1076 1100/1127/1080
f 1099/1126/1079 1089/1116/1069 1100/1127/1080
f 1089/1116/1069 1097/1124/1077 1101/1128/1081
f 1093/1120/1073 1089/1116/1069 1101/1128/1081
s 21
f 1083/1111/1061 1082/1110/1060 1094/1121/1074
s 20
f 1085/1113/1064 1102/1129/1082 1082/1110/1065
f 1096/1123/1076 1095/1122/1075 1103/1130/1083
s 21
f 1083/1111/1061 1094/1121/1074 1084/1112/1062
f 1084/1112/1062 1094/1121/1074 1086/1114/1066
s 20
f 1103/1130/1083 1104/1131/1084 1096/1123/1076
f 1105/1132/1085 1104/1131/1084 1103/1130/1083
f 1106/1133/1086 1102/1129/1082 1085/1113/1064
f 1080/1108/1059 1106/1133/1086 1085/1113/1064
f 1107/1134/1087 1105/1132/1085 1108/1135/1088
f 1104/1131/1084 1105/1132/1085 1107/1134/1087
f 1109/1136/1089 1106/1133/1086 1080/1108/1059
f 1104/1131/1084 1107/1134/1087 1096/1123/1076
f 1096/1123/1076 1110/1137/1090 1111/1138/1091
f 1112/1139/1092 1110/1137/1090 1096/1123/1076
f 1096/1123/1076 1111/1138/1091 1113/1140/1093
f 1100/1127/1080 1096/1123/1076 1113/1140/1093
f 1096/1123/1076 1107/1134/1087 1112/1139/1092
s 22
f 1114/1141/1094 1115/1142/1095 1116/1143/1080
f 1116/1143/1080 1117/1144/1096 1114/1141/1094
f 1118/1145/1097 1117/1144/1096 1116/1143/1080
f 1119/1146/1098 1118/1145/1097 1116/1143/1080
f 1115/1142/1095 1114/1141/1094 1120/1147/1078
f 1120/1147/1078 1114/1141/1094 1121/1148/1077
f 1114/1141/1094 1122/1149/1099 1121/1148/1077
f 1121/1148/1077 1122/1149/1099 1123/1150/1081
f 1122/1149/1099 1124/1151/1100 1123/1150/1081
f 1123/1150/1081 1124/1151/1100 1125/1152/1101
f 1123/1150/1081 1125/1152/1101 1126/1153/1102
f 1126/1153/1102 1125/1152/1101 1127/1154/1103
f 1127/1154/1103 1128/1155/1104 1129/1156/1105
f 1130/1157/1106 1127/1154/1103 1129/1156/1105
f 1131/1158/1107 1127/1154/1103 1130/1157/1106
f 1125/1152/1101 1128/1155/1104 1127/1154/1103
f 1132/1159/1108 1131/1158/1107 1130/1157/1106
f 1133/1160/1109 1131/1158/1107 1132/1159/1108
s 20
f 1134/1161/1110 1071/1099/1050 1135/1162/1111
f 1071/1099/1050 1136/1163/1108 1135/1162/1111
f 1137/1164/1112 1071/1099/1050 1134/1161/1110
f 1138/1165/1104 1137/1164/1112 1134/1161/1110
f 1139/1166/1101 1137/1164/1112 1138/1165/1104
f 1139/1166/1101 1140/1167/1113 1137/1164/1112
f 1141/1168/1114 1140/1167/1113 1142/1169/1099
f 1137/1164/1112 1140/1167/1113 1141/1168/1114
f 1142/1169/1099 1143/1170/1115 1141/1168/1114
f 1144/1171/1094 1143/1170/1115 1142/1169/1099
f 1145/1172/1116 1143/1170/1115 1144/1171/1094
f 1146/1173/1117 1143/1170/1115 1145/1172/1116
s 22
f 1118/1145/1097 1147/1174/1118 1117/1144/1096
f 1148/1175/1119 1118/1145/1097 1119/1146/1098
f 1118/1145/1097 1148/1175/1119 1149/1176/1120
f 1150/1177/1121 1118/1145/1097 1149/1176/1120
f 1151/1178/1122 1118/1145/1097 1150/1177/1121
s 20
f 1107/1134/1087 1152/1179/1122 1112/1139/1092
s 23
f 1153/1180/1123 1154/1181/1124 1155/1182/1125
f 1156/1183/1126 1153/1180/1123 1155/1182/1125
f 1157/1184/1127 1153/1180/1123 1156/1183/1126
s 24
f 1158/1185/1128 1159/1186/1129 1160/1187/1130
f 1161/1188/1131 1158/1185/1128 1160/1187/1130
f 1162/1189/1125 1158/1185/1128 1161/1188/1131
s 25
f 1163/1190/1132 1164/1191/1133 1165/1192/1134
f 1166/1193/1135 1163/1190/1132 1165/1192/1134
f 1167/1194/1136 1163/1190/1132 1166/1193/1135
s 26
f 1168/1195/1137 1169/1196/1138 1170/1197/1136
s 23
f 1157/1184/1127 1156/1183/1126 1171/1198/1139
f 1156/1183/1126 1172/1199/1140 1173/1200/1141
f 1171/1198/1139 1156/1183/1126 1173/1200/1141
f 1172/1199/1140 1174/1201/1142 1173/1200/1141
s 20
f 1143/1170/1115 1175/1202/1143 1141/1168/1114
f 1175/1202/1143 1143/1170/1115 1176/1203/1144
f 1177/1204/1145 1137/1164/1112 1141/1168/1114
f 1178/1205/1146 1177/1204/1145 1141/1168/1114
f 1141/1168/1114 1175/1202/1143 1178/1205/1146
f 1071/1099/1050 1137/1164/1112 1177/1204/1145
f 1074/1102/1053 1071/1099/1050 1177/1204/1145
f 1071/1099/1050 1179/1206/1147 1136/1163/1108
f 1090/1117/1070 1179/1206/1147 1071/1099/1050
s 22
f 1132/1159/1108 1180/1207/1148 1133/1160/1109
s 20
f 1175/1202/1143 1181/1208/1149 1178/1205/1146
f 1182/1209/1150 1175/1202/1143 1183/1210/1151
f 1181/1208/1149 1175/1202/1143 1182/1209/1150
f 1184/1211/1152 1175/1202/1143 1176/1203/1144
f 1183/1210/1151 1175/1202/1143 1184/1211/1152
s 23
f 1185/1212/1153 1174/1201/1142 1172/1199/1140
s 20
f 1186/1213/1154 1079/1107/1058 1078/1106/1057
f 1187/1214/1155 1078/1106/1057 1077/1105/1056
s 27
f 1188/1215/1156 1189/1216/1157 1190/1217/1158
f 1191/1218/1159 1188/1215/1156 1190/1217/1158
f 1192/1219/1160 1193/1220/1161 1190/1217/1158
f 1193/1220/1161 1194/1221/1162 1190/1217/1158
f 1194/1221/1162 1191/1218/1159 1190/1217/1158
f 1189/1216/1157 1195/1222/1163 1190/1217/1158
f 1196/1223/1130 1192/1219/1160 1190/1217/1158
s 26
f 1197/1224/1160 1198/1225/1164 1199/1226/1165
f 1200/1227/1166 1199/1226/1165 1168/1195/1137
f 1199/1226/1165 1200/1227/1166 1201/1228/1167
f 1202/1229/1161 1199/1226/1165 1201/1228/1167
f 1197/1224/1160 1199/1226/1165 1202/1229/1161
f 1201/1228/1167 1200/1227/1166 1203/1230/1168
f 1200/1227/1166 1204/1231/1156 1203/1230/1168
f 1204/1231/1156 1205/1232/1169 1206/1233/1170
f 1200/1227/1166 1205/1232/1169 1204/1231/1156
f 1200/1227/1166 1207/1234/1171 1205/1232/1169
f 1205/1232/1169 1208/1235/1172 1206/1233/1170
f 1209/1236/1173 1207/1234/1171 1200/1227/1166
f 1209/1236/1173 1168/1195/1137 1170/1197/1136
f 1200/1227/1166 1168/1195/1137 1209/1236/1173
s 28
f 1210/1237/1174 1211/1238/1175 1212/1239/1176
f 1213/1240/1177 1210/1237/1174 1212/1239/1176
f 1214/1241/1178 1210/1237/1174 1213/1240/1177
f 1210/1237/1174 1215/1242/1179 1211/1238/1175
f 1216/1243/1180 1215/1242/1179 1210/1237/1174
f 1214/1241/1178 1216/1243/1180 1210/1237/1174
f 1211/1238/1175 1217/1244/1181 1218/1245/1182
f 1212/1239/1176 1211/1238/1175 1218/1245/1182
f 1211/1238/1175 1219/1246/1183 1217/1244/1181
f 1215/1242/1179 1219/1246/1183 1211/1238/1175
f 1212/1239/1176 1220/1247/1184 1213/1240/1177
f 1218/1245/1182 1220/1247/1184 1212/1239/1176
f 1221/1248/1185 1222/1249/1186 1223/1250/1187
f 1223/1250/1187 1224/1251/1188 1225/1252/1189
f 1222/1249/1186 1224/1251/1188 1223/1250/1187
f 1226/1253/1190 1216/1243/1180 1214/1241/1178
f 1225/1252/1189 1227/1254/1191 1228/1255/1192
f 1224/1251/1188 1227/1254/1191 1225/1252/1189
f 1216/1243/1180 1226/1253/1190 1229/1256/1193
f 1230/1257/1194 1216/1243/1180 1229/1256/1193
f 1215/1242/1179 1216/1243/1180 1230/1257/1194
s 29
f 1231/1258/1195 1232/1259/1196 1233/1260/1197
s 28
f 1234/1261/1198 1235/1262/1199 1236/1263/1200
f 1215/1242/1179 1237/1264/1201 1219/1246/1183
f 1224/1251/1188 1235/1262/1199 1234/1261/1198
f 1219/1246/1183 1238/1265/1202 1217/1244/1181
f 1219/1246/1183 1237/1264/1201 1238/1265/1202
f 1217/1244/1181 1239/1266/1203 1222/1249/1186
f 1218/1245/1182 1217/1244/1181 1222/1249/1186
f 1217/1244/1181 1240/1267/1204 1239/1266/1203
f 1218/1245/1182 1222/1249/1186 1221/1248/1185
f 1222/1249/1186 1239/1266/1203 1224/1251/1188
f 1239/1266/1203 1235/1262/1199 1224/1251/1188
s 29
f 1241/1268/1205 1232/1259/1196 1231/1258/1195
s 28
f 1227/1254/1191 1242/1269/1206 1228/1255/1192
s 29
f 1243/1270/1207 1241/1268/1205 1231/1258/1195
f 1244/1271/1208 1241/1268/1205 1243/1270/1207
s 28
f 1228/1255/1192 1242/1269/1206 1245/1272/1193
f 1245/1272/1193 1242/1269/1206 1246/1273/1209
f 1247/1274/1210 1230/1257/1194 1229/1256/1193
s 30
f 1248/1275/1211 1249/1276/1212 1250/1277/1213
f 1251/1278/1214 1248/1275/1211 1250/1277/1213
f 1252/1279/1215 1248/1275/1211 1251/1278/1214
s 28
f 1240/1267/1204 1253/1280/1216 1235/1262/1199
f 1239/1266/1203 1240/1267/1204 1235/1262/1199
f 1235/1262/1199 1253/1280/1216 1236/1263/1200
s 30
f 1254/1281/1217 1249/1276/1212 1255/1282/1218
f 1256/1283/1219 1254/1281/1217 1255/1282/1218
f 1257/1284/1220 1258/1285/1221 1254/1281/1217
s 28
f 1237/1264/1201 1259/1286/1222 1238/1265/1202
s 30
f 1260/1287/1223 1249/1276/1212 1254/1281/1217
f 1258/1285/1221 1260/1287/1223 1254/1281/1217
f 1257/1284/1220 1254/1281/1217 1256/1283/1219
f 1249/1276/1212 1260/1287/1223 1261/1288/1224
f 1250/1277/1213 1249/1276/1212 1261/1288/1224
f 1250/1277/1213 1261/1288/1224 1262/1289/1225
f 1263/1290/1226 1250/1277/1213 1262/1289/1225
f 1251/1278/1214 1250/1277/1213 1263/1290/1226
f 1251/1278/1214 1263/1290/1226 1264/1291/1227
f 1265/1292/1228 1251/1278/1214 1264/1291/1227
f 1252/1279/1215 1251/1278/1214 1265/1292/1228
f 1264/1291/1227 1263/1290/1226 1266/1293/1229
f 1267/1294/1230 1260/1287/1223 1258/1285/1221
f 1260/1287/1223 1267/1294/1230 1268/1295/1231
f 1261/1288/1224 1260/1287/1223 1268/1295/1231
f 1261/1288/1224 1268/1295/1231 1269/1296/1232
f 1262/1289/1225 1261/1288/1224 1269/1296/1232
f 1263/1290/1226 1262/1289/1225 1270/1297/1233
f 1271/1298/1234 1266/1293/1229 1263/1290/1226
f 1268/1295/1231 1267/1294/1230 1272/1299/1235
f 1273/1300/1236 1266/1293/1229 1271/1298/1234
s 31
f 1274/1301/1237 1275/1302/1238 1276/1303/1239
f 1277/1304/1240 1275/1302/1238 1274/1301/1237
f 1278/1305/1241 1277/1304/1240 1274/1301/1237
f 1274/1301/1237 1276/1303/1239 1279/1306/1242
f 1280/1307/1243 1274/1301/1237 1279/1306/1242
f 1278/1305/1241 1274/1301/1237 1280/1307/1243
f 1275/1302/1238 1281/1308/1244 1276/1303/1239
f 1282/1309/1245 1281/1308/1244 1275/1302/1238
f 1275/1302/1238 1283/1310/1246 1282/1309/1245
f 1277/1304/1240 1283/1310/1246 1275/1302/1238
f 1276/1303/1239 1281/1308/1244 1284/1311/1247
s 32
f 1285/1312/1248 1286/1313/1249 1287/1314/1250
s 31
f 1288/1315/1251 1289/1316/1252 1281/1308/1244
s 32
f 1287/1314/1250 1290/1317/1253 1285/1312/1248
s 33
f 1291/1268/1249 1292/1271/1254 1293/1270/1255
s 31
f 1294/1318/1256 1288/1315/1251 1281/1308/1244
f 1282/1309/1245 1294/1318/1256 1281/1308/1244
s 32
f 1287/1314/1250 1286/1313/1249 1295/1319/1257
f 1286/1313/1249 1296/1320/1258 1295/1319/1257
s 31
f 1282/1309/1245 1297/1321/1259 1298/1322/1260
f 1283/1310/1246 1297/1321/1259 1282/1309/1245
f 1298/1322/1260 1294/1318/1256 1282/1309/1245
s 33
f 1291/1268/1249 1299/1258/1261 1300/1259/1262
f 1293/1270/1255 1299/1258/1261 1291/1268/1249
s 32
f 1301/1323/1263 1302/1324/1264 1296/1320/1258
s 31
f 1303/1325/1265 1304/1326/1266 1305/1327/1267
f 1277/1304/1240 1304/1326/1266 1303/1325/1265
s 32
f 1301/1323/1263 1306/1328/1268 1302/1324/1264
f 1307/1329/1269 1306/1328/1268 1301/1323/1263
f 1301/1323/1263 1296/1320/1258 1308/1330/1270
f 1309/1331/1271 1301/1323/1263 1308/1330/1270
f 1307/1329/1269 1301/1323/1263 1309/1331/1271
s 31
f 1304/1326/1266 1277/1304/1240 1278/1305/1241
s 32
f 1310/1332/1272 1311/1333/1273 1312/1334/1274
s 31
f 1313/1335/1275 1278/1305/1241 1280/1307/1243
f 1314/1336/1261 1278/1305/1241 1313/1335/1275
f 1314/1336/1261 1304/1326/1266 1278/1305/1241
f 1280/1307/1243 1315/1337/1276 1313/1335/1275
s 32
f 1316/1338/1277 1290/1317/1253 1287/1314/1250
s 31
f 1317/1339/1276 1289/1316/1252 1288/1315/1251
s 32
f 1318/1340/1278 1319/1341/1279 1320/1342/1280
f 1321/1343/1250 1322/1344/1281 1320/1342/1280
f 1295/1319/1257 1296/1320/1258 1323/1345/1282
f 1322/1344/1281 1324/1346/1283 1325/1347/1284
f 1320/1342/1280 1322/1344/1281 1325/1347/1284
f 1296/1320/1258 1326/1348/1285 1323/1345/1282
f 1296/1320/1258 1302/1324/1264 1326/1348/1285
s 31
f 1304/1326/1266 1327/1349/1286 1305/1327/1267
s 33
f 1299/1258/1261 1328/1260/1287 1300/1259/1262
s 31
f 1327/1349/1286 1304/1326/1266 1314/1336/1261
s 32
f 1325/1347/1284 1318/1340/1278 1320/1342/1280
f 1329/1350/1270 1318/1340/1278 1325/1347/1284
f 1329/1350/1270 1330/1351/1288 1312/1334/1274
f 1331/1352/1289 1330/1351/1288 1329/1350/1270
f 1331/1352/1289 1329/1350/1270 1332/1353/1290
f 1332/1353/1290 1329/1350/1270 1325/1347/1284
f 1330/1351/1288 1310/1332/1272 1312/1334/1274
f 1333/1354/1291 1310/1332/1272 1330/1351/1288
f 1306/1328/1268 1333/1354/1291 1302/1324/1264
f 1302/1324/1264 1333/1354/1291 1326/1348/1285
f 1326/1348/1285 1334/1355/1292 1335/1356/1293
f 1323/1345/1282 1326/1348/1285 1335/1356/1293
f 1333/1354/1291 1334/1355/1292 1326/1348/1285
f 1324/1346/1283 1336/1357/1294 1332/1353/1290
f 1325/1347/1284 1324/1346/1283 1332/1353/1290
f 1332/1353/1290 1336/1357/1294 1337/1358/1295
f 1337/1358/1295 1331/1352/1289 1332/1353/1290
f 1331/1352/1289 1333/1354/1291 1330/1351/1288
f 1334/1355/1292 1333/1354/1291 1331/1352/1289
f 1337/1358/1295 1334/1355/1292 1331/1352/1289
f 1336/1357/1294 1334/1355/1292 1337/1358/1295
s 34
f 1338/1359/1296 1339/1360/1297 1340/1361/1298
f 1341/1362/1299 1339/1360/1297 1338/1359/1296
f 1342/1363/1300 1341/1362/1299 1338/1359/1296
f 1340/1361/1298 1342/1363/1300 1338/1359/1296
f 1339/1360/1297 1343/1364/1301 1340/1361/1298
s 35
f 1344/1365/1302 1345/1366/1303 1346/1367/1304
f 1346/1367/1304 1345/1366/1303 1347/1368/1305
f 1341/1362/1306 1344/1365/1302 1346/1367/1304
f 1346/1367/1304 1348/1369/1307 1343/1364/1308
f 1347/1368/1305 1348/1369/1307 1346/1367/1304
s 34
f 1340/1361/1298 1343/1364/1301 1349/1370/1309
f 1349/1370/1309 1342/1363/1300 1340/1361/1298
f 1350/1367/1310 1341/1362/1299 1342/1363/1300
f 1349/1370/1309 1350/1367/1310 1342/1363/1300
s 35
f 1351/1371/1311 1352/1372/1312 1353/1373/1313
f 1354/1374/1314 1352/1372/1312 1351/1371/1311
f 1355/1375/1315 1344/1365/1302 1341/1362/1306
f 1344/1365/1302 1356/1376/1316 1345/1366/1303
f 1355/1375/1315 1356/1376/1316 1344/1365/1302
s 36
f 1357/1377/1317 1358/1378/1318 1359/1379/1319
f 1359/1379/1319 1360/1380/1320 1357/1377/1317
s 35
f 1345/1366/1303 1361/1381/1321 1347/1368/1305
s 36
f 1359/1379/1319 1358/1378/1318 1362/1382/1322
f 1363/1383/1323 1360/1380/1320 1359/1379/1319
s 35
f 1356/1376/1316 1364/1384/1324 1345/1366/1303
f 1347/1368/1305 1361/1381/1321 1365/1385/1325
f 1347/1368/1305 1366/1386/1326 1348/1369/1307
f 1367/1387/1327 1366/1386/1326 1347/1368/1305
f 1365/1385/1325 1367/1387/1327 1347/1368/1305
f 1366/1386/1326 1368/1388/1328 1348/1369/1307
f 1348/1369/1307 1368/1388/1328 1369/1389/1329
f 1348/1369/1307 1369/1389/1329 1370/1390/1330
f 1348/1369/1307 1370/1390/1330 1343/1364/1308
s 34
f 1343/1364/1301 1350/1367/1310 1349/1370/1309
s 35
f 1371/1391/1331 1353/1373/1313 1372/1392/1332
f 1373/1393/1333 1371/1391/1331 1372/1392/1332
f 1353/1373/1313 1374/1394/1334 1375/1395/1335
f 1376/1396/1336 1374/1394/1334 1353/1373/1313
f 1371/1391/1331 1376/1396/1336 1353/1373/1313
f 1353/1373/1313 1375/1395/1335 1351/1371/1311
f 1377/1397/1337 1354/1374/1314 1351/1371/1311
f 1351/1371/1311 1375/1395/1335 1377/1397/1337
f 1378/1398/1338 1354/1374/1314 1377/1397/1337
f 1379/1399/1339 1378/1398/1338 1377/1397/1337
f 1380/1400/1340 1378/1398/1338 1379/1399/1339
f 1375/1395/1335 1379/1399/1339 1377/1397/1337
f 1374/1394/1334 1381/1401/1318 1375/1395/1335
s 36
f 1382/1402/1341 1362/1382/1322 1358/1378/1318
s 35
f 1381/1401/1318 1374/1394/1334 1383/1403/1342
f 1381/1401/1318 1383/1403/1342 1384/1404/1343
f 1361/1381/1321 1385/1405/1344 1365/1385/1325
s 36
f 1386/1406/1345 1362/1382/1322 1382/1402/1341
s 35
f 1387/1407/1346 1367/1387/1327 1365/1385/1325
f 1388/1408/1347 1389/1409/1348 1383/1403/1342
f 1383/1403/1342 1389/1409/1348 1390/1410/1349
f 1391/1411/1350 1366/1386/1326 1367/1387/1327
f 1368/1388/1328 1366/1386/1326 1391/1411/1350
f 1368/1388/1328 1392/1412/1351 1369/1389/1329
f 1393/1413/1352 1392/1412/1351 1368/1388/1328
f 1394/1414/1353 1368/1388/1328 1391/1411/1350
f 1393/1413/1352 1368/1388/1328 1394/1414/1353
f 1369/1389/1329 1392/1412/1351 1371/1391/1331
f 1369/1389/1329 1371/1391/1331 1373/1393/1333
f 1392/1412/1351 1376/1396/1336 1371/1391/1331
f 1376/1396/1336 1395/1415/1354 1374/1394/1334
f 1392/1412/1351 1395/1415/1354 1376/1396/1336
f 1374/1394/1334 1396/1416/1355 1383/1403/1342
f 1395/1415/1354 1396/1416/1355 1374/1394/1334
f 1383/1403/1342 1397/1417/1356 1388/1408/1347
f 1396/1416/1355 1397/1417/1356 1383/1403/1342
f 1384/1404/1343 1383/1403/1342 1390/1410/1349
f 1395/1415/1354 1392/1412/1351 1393/1413/1352
s 37
f 1398/93/1357 1399/91/1358 1400/72/1359
f 1401/92/1360 1398/93/1357 1400/72/1359
f 1402/78/1361 1398/93/1357 1401/92/1360
f 1398/93/1357 1402/78/1361 1399/91/1358
f 1399/91/1358 1403/73/1362 1400/72/1359
f 1404/90/1363 1403/73/1362 1399/91/1358
f 1405/79/1364 1404/90/1363 1399/91/1358
f 1399/91/1358 1402/78/1361 1405/79/1364
f 1400/72/1359 1406/55/1365 1407/71/1366
f 1403/73/1362 1406/55/1365 1400/72/1359
f 1400/72/1359 1407/71/1366 1401/92/1360
f 1408/75/1367 1402/78/1361 1401/92/1360
s 38
f 1409/58/1368 1410/77/1369 1411/76/1370
f 1412/74/1371 1409/58/1368 1411/76/1370
s 37
f 1413/63/1372 1402/78/1361 1408/75/1367
f 1402/78/1361 1413/63/1372 1405/79/1364
f 1414/94/1373 1404/90/1363 1405/79/1364
f 1415/80/1374 1414/94/1373 1405/79/1364
f 1405/79/1364 1413/63/1372 1415/80/1374
f 1404/90/1363 1416/88/1375 1403/73/1362
f 1417/96/1376 1416/88/1375 1404/90/1363
f 1414/94/1373 1417/96/1376 1404/90/1363
f 1403/73/1362 1418/70/1377 1406/55/1365
f 1416/88/1375 1418/70/1377 1403/73/1362
f 1406/55/1365 1419/56/1378 1420/45/1379
f 1406/55/1365 1421/54/1380 1407/71/1366
f 1418/70/1377 1419/56/1378 1406/55/1365
f 1420/45/1379 1421/54/1380 1406/55/1365
s 38
f 1422/60/1381 1409/58/1368 1412/74/1371
s 37
f 1423/62/1382 1413/63/1372 1408/75/1367
f 1424/47/1383 1413/63/1372 1423/62/1382
f 1425/51/1384 1424/47/1383 1423/62/1382
s 38
f 1409/58/1368 1422/60/1381 1426/57/1385
f 1427/59/1386 1409/58/1368 1426/57/1385
f 1428/61/1387 1409/58/1368 1427/59/1386
s 37
f 1413/63/1372 1424/47/1383 1429/64/1388
f 1415/80/1374 1413/63/1372 1429/64/1388
f 1430/81/1389 1414/94/1373 1415/80/1374
f 1429/64/1388 1430/81/1389 1415/80/1374
f 1431/95/1390 1417/96/1376 1414/94/1373
f 1430/81/1389 1431/95/1390 1414/94/1373
f 1417/96/1376 1432/89/1391 1416/88/1375
f 1416/88/1375 1432/89/1391 1433/69/1392
f 1416/88/1375 1433/69/1392 1418/70/1377
f 1418/70/1377 1433/69/1392 1419/56/1378
f 1419/56/1378 1434/53/1393 1420/45/1379
f 1419/56/1378 1435/65/1394 1434/53/1393
f 1433/69/1392 1435/65/1394 1419/56/1378
f 1420/45/1379 1434/53/1393 1436/44/1395
f 1437/46/1396 1421/54/1380 1420/45/1379
f 1436/44/1395 1437/46/1396 1420/45/1379
f 1438/50/1397 1437/46/1396 1436/44/1395
f 1425/51/1384 1439/52/1398 1440/49/1395
f 1440/49/1395 1424/47/1383 1425/51/1384
f 1424/47/1383 1440/49/1395 1441/48/1399
f 1429/64/1388 1424/47/1383 1441/48/1399
f 1441/48/1399 1442/67/1400 1429/64/1388
f 1442/67/1400 1430/81/1389 1429/64/1388
f 1442/67/1400 1443/82/1401 1430/81/1389
f 1443/82/1401 1431/95/1390 1430/81/1389
f 1444/68/1402 1442/67/1400 1441/48/1399
f 1444/68/1402 1445/83/1403 1442/67/1400
f 1445/83/1403 1443/82/1401 1442/67/1400
f 1435/65/1394 1446/66/1404 1434/53/1393
f 1433/69/1392 1447/87/1405 1435/65/1394
f 1447/87/1405 1448/84/1406 1435/65/1394
f 1435/65/1394 1448/84/1406 1446/66/1404
f 1432/89/1391 1447/87/1405 1433/69/1392
f 1448/84/1406 1449/86/1407 1446/66/1404
f 1450/85/1408 1445/83/1403 1444/68/1402
s 39
f 1451/1418/1409 1452/1419/1410 1453/1420/1411
f 1454/1421/1412 1451/1418/1409 1453/1420/1411
f 1455/1420/1413 1451/1418/1409 1454/1421/1412
f 1451/1418/1409 1455/1420/1413 1456/1419/1414
f 1457/1422/1415 1451/1418/1409 1456/1419/1414
f 1452/1419/1410 1451/1418/1409 1457/1422/1415
f 1452/1419/1410 1458/1423/1416 1459/1424/1417
f 1460/1425/1418 1452/1419/1410 1457/1422/1415
f 1458/1423/1416 1452/1419/1410 1460/1425/1418
f 1459/1424/1417 1461/1426/1419 1452/1419/1410
f 1452/1419/1410 1461/1426/1419 1453/1420/1411
f 1453/1420/1411 1462/1427/1420 1454/1421/1412
f 1461/1426/1419 1462/1427/1420 1453/1420/1411
f 1463/1427/1421 1455/1420/1413 1454/1421/1412
f 1454/1421/1412 1464/1428/1422 1463/1427/1421
f 1462/1427/1420 1464/1428/1422 1454/1421/1412
f 1465/1426/1423 1455/1420/1413 1463/1427/1421
f 1456/1419/1414 1455/1420/1413 1465/1426/1423
f 1456/1419/1414 1466/1425/1424 1457/1422/1415
f 1467/1423/1425 1466/1425/1424 1456/1419/1414
f 1468/1424/1426 1467/1423/1425 1456/1419/1414
f 1465/1426/1423 1468/1424/1426 1456/1419/1414
f 1457/1422/1415 1469/1429/1427 1460/1425/1418
f 1466/1425/1424 1469/1429/1427 1457/1422/1415
f 1470/1430/1428 1458/1423/1416 1460/1425/1418
f 1460/1425/1418 1471/1431/1429 1470/1430/1428
f 1469/1429/1427 1471/1431/1429 1460/1425/1418
f 1459/1424/1417 1458/1423/1416 1472/1432/1430
f 1473/1433/1431 1458/1423/1416 1470/1430/1428
f 1458/1423/1416 1473/1433/1431 1472/1432/1430
f 1472/1432/1430 1474/1434/1432 1459/1424/1417
f 1459/1424/1417 1474/1434/1432 1461/1426/1419
f 1462/1427/1420 1461/1426/1419 1475/1435/1433
f 1461/1426/1419 1474/1434/1432 1476/1436/1434
f 1475/1435/1433 1461/1426/1419 1476/1436/1434
f 1464/1428/1422 1462/1427/1420 1477/1437/1435
f 1477/1437/1435 1462/1427/1420 1475/1435/1433
f 1464/1428/1422 1478/1437/1436 1463/1427/1421
f 1479/1435/1437 1465/1426/1423 1463/1427/1421
f 1463/1427/1421 1478/1437/1436 1479/1435/1437
f 1480/1436/1438 1465/1426/1423 1479/1435/1437
f 1480/1436/1438 1481/1434/1439 1465/1426/1423
f 1481/1434/1439 1468/1424/1426 1465/1426/1423
f 1481/1434/1439 1482/1432/1440 1468/1424/1426
f 1482/1432/1440 1467/1423/1425 1468/1424/1426
f 1467/1423/1425 1482/1432/1440 1483/1433/1441
f 1466/1425/1424 1467/1423/1425 1484/1430/1442
f 1484/1430/1442 1467/1423/1425 1483/1433/1441
f 1469/1429/1427 1466/1425/1424 1485/1431/1443
f 1485/1431/1443 1466/1425/1424 1484/1430/1442
f 1486/1438/1444 1469/1429/1427 1485/1431/1443
f 1471/1431/1429 1469/1429/1427 1486/1438/1444
f 1471/1431/1429 1487/1439/1445 1470/1430/1428
f 1488/1440/1446 1471/1431/1429 1486/1438/1444
f 1487/1439/1445 1471/1431/1429 1488/1440/1446
f 1489/1441/1447 1473/1433/1431 1470/1430/1428
f 1470/1430/1428 1487/1439/1445 1489/1441/1447
f 1490/1442/1448 1473/1433/1431 1489/1441/1447
f 1473/1433/1431 1490/1442/1448 1491/1443/1449
f 1472/1432/1430 1473/1433/1431 1491/1443/1449
f 1492/1444/1450 1474/1434/1432 1472/1432/1430
f 1491/1443/1449 1492/1444/1450 1472/1432/1430
f 1476/1436/1434 1474/1434/1432 1493/1445/1451
f 1474/1434/1432 1492/1444/1450 1494/1446/1452
f 1474/1434/1432 1494/1446/1452 1493/1445/1451
f 1475/1435/1433 1476/1436/1434 1495/1447/1453
f 1476/1436/1434 1493/1445/1451 1496/1448/1454
f 1495/1447/1453 1476/1436/1434 1496/1448/1454
f 1497/1449/1455 1475/1435/1433 1495/1447/1453
f 1477/1437/1435 1475/1435/1433 1497/1449/1455
f 1496/1448/1454 1498/1450/1456 1495/1447/1453
f 1495/1447/1453 1498/1450/1456 1497/1449/1455
f 1496/1448/1454 1493/1445/1451 1480/1436/1438
f 1496/1448/1454 1480/1436/1438 1499/1447/1457
f 1496/1448/1454 1500/1451/1458 1498/1450/1456
f 1501/1450/1459 1500/1451/1458 1496/1448/1454
f 1499/1447/1457 1501/1450/1459 1496/1448/1454
f 1493/1445/1451 1481/1434/1439 1480/1436/1438
f 1499/1447/1457 1480/1436/1438 1479/1435/1437
f 1479/1435/1437 1502/1449/1460 1499/1447/1457
f 1478/1437/1436 1502/1449/1460 1479/1435/1437
f 1502/1449/1460 1501/1450/1459 1499/1447/1457
f 1492/1444/1450 1482/1432/1440 1481/1434/1439
f 1494/1446/1452 1492/1444/1450 1481/1434/1439
f 1493/1445/1451 1494/1446/1452 1481/1434/1439
f 1482/1432/1440 1492/1444/1450 1491/1443/1449
f 1483/1433/1441 1482/1432/1440 1491/1443/1449
f 1491/1443/1449 1490/1442/1448 1483/1433/1441
f 1490/1442/1448 1503/1441/1461 1483/1433/1441
f 1483/1433/1441 1503/1441/1461 1484/1430/1442
f 1484/1430/1442 1504/1439/1462 1485/1431/1443
f 1503/1441/1461 1504/1439/1462 1484/1430/1442
f 1485/1431/1443 1505/1440/1463 1486/1438/1444
f 1504/1439/1462 1505/1440/1463 1485/1431/1443
f 1486/1438/1444 1506/1452/1464 1488/1440/1446
f 1505/1440/1463 1506/1452/1464 1486/1438/1444
f 1488/1440/1446 1490/1442/1448 1489/1441/1447
f 1506/1452/1464 1490/1442/1448 1488/1440/1446
f 1489/1441/1447 1487/1439/1445 1488/1440/1446
f 1490/1442/1448 1505/1440/1463 1503/1441/1461
f 1506/1452/1464 1505/1440/1463 1490/1442/1448
f 1505/1440/1463 1504/1439/1462 1503/1441/1461
s 40
f 1507/1453/1465 1508/1454/1466 1509/1455/1467
f 1510/1456/1468 1508/1454/1466 1507/1453/1465
f 1511/1457/1469 1510/1456/1468 1507/1453/1465
f 1507/1453/1465 1512/1458/1470 1511/1457/1469
f 1513/1459/1471 1512/1458/1470 1507/1453/1465
f 1509/1455/1467 1513/1459/1471 1507/1453/1465
f 1508/1454/1466 1514/1460/1472 1509/1455/1467
f 1508/1454/1466 1515/1461/1473 1514/1460/1472
f 1516/1462/1474 1515/1461/1473 1508/1454/1466
f 1510/1456/1468 1516/1462/1474 1508/1454/1466
f 1509/1455/1467 1514/1460/1472 1517/1463/1475
f 1518/1464/1476 1513/1459/1471 1509/1455/1467
f 1517/1463/1475 1518/1464/1476 1509/1455/1467
f 1513/1459/1471 1519/1465/1477 1512/1458/1470
f 1520/1466/1478 1519/1465/1477 1513/1459/1471
f 1518/1464/1476 1520/1466/1478 1513/1459/1471
f 1512/1458/1470 1521/1467/1479 1522/1468/1480
f 1519/1465/1477 1521/1467/1479 1512/1458/1470
f 1512/1458/1470 1522/1468/1480 1511/1457/1469
f 1523/1469/1481 1510/1456/1468 1511/1457/1469
f 1511/1457/1469 1522/1468/1480 1523/1469/1481
f 1524/1470/1482 1516/1462/1474 1510/1456/1468
f 1523/1469/1481 1524/1470/1482 1510/1456/1468
f 1516/1462/1474 1525/1471/1483 1515/1461/1473
f 1526/1472/1484 1525/1471/1483 1516/1462/1474
f 1524/1470/1482 1526/1472/1484 1516/1462/1474
f 1525/1471/1483 1527/1473/1485 1515/1461/1473
f 1515/1461/1473 1527/1473/1485 1514/1460/1472
f 1514/1460/1472 1528/1474/1486 1517/1463/1475
f 1514/1460/1472 1527/1473/1485 1528/1474/1486
f 1517/1463/1475 1528/1474/1486 1529/1475/1487
f 1530/1476/1488 1518/1464/1476 1517/1463/1475
f 1529/1475/1487 1530/1476/1488 1517/1463/1475
f 1530/1476/1488 1520/1466/1478 1518/1464/1476
f 1531/1477/1489 1526/1472/1484 1532/1478/1490
f 1525/1471/1483 1526/1472/1484 1531/1477/1489
f 1533/1479/1491 1525/1471/1483 1531/1477/1489
f 1520/1466/1478 1530/1476/1488 1534/1480/1492
f 1532/1478/1490 1535/1481/1493 1536/1482/1494
f 1526/1472/1484 1535/1481/1493 1532/1478/1490
f 1535/1481/1493 1522/1468/1480 1536/1482/1494
f 1522/1468/1480 1524/1470/1482 1523/1469/1481
f 1524/1470/1482 1522/1468/1480 1535/1481/1493
f 1535/1481/1493 1526/1472/1484 1524/1470/1482
f 1537/1483/1495 1525/1471/1483 1533/1479/1491
f 1538/1484/1496 1537/1483/1495 1533/1479/1491
f 1534/1480/1492 1530/1476/1488 1539/1485/1497
f 1527/1473/1485 1525/1471/1483 1537/1483/1495
f 1527/1473/1485 1540/1486/1498 1528/1474/1486
f 1541/1487/1499 1527/1473/1485 1537/1483/1495
f 1540/1486/1498 1527/1473/1485 1541/1487/1499
f 1541/1487/1499 1537/1483/1495 1538/1484/1496
f 1530/1476/1488 1542/1488/1500 1539/1485/1497
f 1542/1488/1500 1530/1476/1488 1529/1475/1487
s 41
f 1543/1489/1501 1544/1490/1502 1545/1491/1503
f 1546/1492/1504 1543/1489/1501 1545/1491/1503
f 1547/1493/1505 1543/1489/1501 1546/1492/1504
f 1548/1494/1506 1544/1490/1502 1549/1495/1507
f 1545/1491/1503 1544/1490/1502 1548/1494/1506
f 1545/1491/1503 1550/1496/1508 1546/1492/1504
f 1551/1497/1509 1550/1496/1508 1545/1491/1503
f 1548/1494/1506 1551/1497/1509 1545/1491/1503
f 1552/1498/1510 1547/1493/1505 1546/1492/1504
f 1546/1492/1504 1553/1499/1511 1552/1498/1510
f 1550/1496/1508 1553/1499/1511 1546/1492/1504
f 1554/1500/1512 1547/1493/1505 1552/1498/1510
f 1555/1501/1513 1554/1500/1512 1552/1498/1510
f 1553/1499/1511 1555/1501/1513 1552/1498/1510
f 1553/1499/1511 1556/1502/1514 1555/1501/1513
f 1557/1503/1515 1554/1500/1512 1555/1501/1513
f 1558/1504/1516 1557/1503/1515 1555/1501/1513
f 1555/1501/1513 1556/1502/1514 1558/1504/1516
f 1556/1502/1514 1559/1505/1517 1558/1504/1516
f 1560/1506/1518 1559/1505/1517 1556/1502/1514
f 1561/1507/1519 1557/1503/1515 1558/1504/1516
f 1559/1505/1517 1561/1507/1519 1558/1504/1516
f 1562/1508/1520 1561/1507/1519 1559/1505/1517
f 1562/1508/1520 1559/1505/1517 1563/1509/1521
f 1559/1505/1517 1560/1506/1518 1563/1509/1521
f 1560/1506/1518 1564/1502/1522 1565/1505/1523
f 1563/1509/1521 1560/1506/1518 1565/1505/1523
f 1565/1505/1523 1562/1508/1520 1563/1509/1521
f 1566/1507/1524 1562/1508/1520 1565/1505/1523
f 1567/1504/1525 1566/1507/1524 1565/1505/1523
f 1565/1505/1523 1564/1502/1522 1567/1504/1525
f 1564/1502/1522 1568/1499/1526 1569/1501/1527
f 1564/1502/1522 1569/1501/1527 1567/1504/1525
f 1570/1503/1528 1566/1507/1524 1567/1504/1525
f 1569/1501/1527 1570/1503/1528 1567/1504/1525
f 1571/1500/1528 1570/1503/1528 1569/1501/1527
f 1569/1501/1527 1568/1499/1526 1572/1498/1529
f 1572/1498/1529 1571/1500/1528 1569/1501/1527
f 1572/1498/1529 1568/1499/1526 1573/1492/1530
f 1568/1499/1526 1574/1496/1531 1573/1492/1530
f 1575/1493/1528 1571/1500/1528 1572/1498/1529
f 1573/1492/1530 1575/1493/1528 1572/1498/1529
f 1573/1492/1530 1574/1496/1531 1576/1491/1532
f 1577/1489/1533 1575/1493/1528 1573/1492/1530
f 1576/1491/1532 1577/1489/1533 1573/1492/1530
f 1574/1496/1531 1578/1497/1534 1576/1491/1532
f 1576/1491/1532 1578/1497/1534 1579/1494/1535
f 1580/1490/1536 1577/1489/1533 1576/1491/1532
f 1576/1491/1532 1579/1494/1535 1580/1490/1536
f 1578/1497/1534 1581/1510/1537 1579/1494/1535
f 1579/1494/1535 1581/1510/1537 1582/1511/1538
f 1580/1490/1536 1579/1494/1535 1583/1495/1539
f 1584/1512/1540 1583/1495/1539 1579/1494/1535
f 1579/1494/1535 1582/1511/1538 1585/1513/1541
f 1586/1514/1542 1579/1494/1535 1585/1513/1541
f 1584/1512/1540 1579/1494/1535 1586/1514/1542
f 1587/1515/1543 1583/1495/1539 1584/1512/1540
f 1588/1510/1544 1551/1497/1509 1548/1494/1506
f 1588/1510/1544 1548/1494/1506 1589/1511/1545
f 1549/1495/1507 1590/1512/1546 1548/1494/1506
f 1548/1494/1506 1591/1514/1547 1592/1513/1548
f 1589/1511/1545 1548/1494/1506 1592/1513/1548
f 1590/1512/1546 1591/1514/1547 1548/1494/1506
f 1593/1515/1549 1590/1512/1546 1549/1495/1507
s 42
f 1594/1516/1550 1595/1517/1551 1596/1518/1552
f 1597/1519/1553 1594/1516/1550 1596/1518/1552
f 1598/1520/1554 1594/1516/1550 1597/1519/1553
f 1594/1516/1550 1598/1520/1554 1599/1521/1555
f 1600/1522/1556 1594/1516/1550 1599/1521/1555
f 1595/1517/1551 1594/1516/1550 1600/1522/1556
f 1596/1518/1552 1595/1517/1551 1601/1523/1557
f 1595/1517/1551 1602/1524/1558 1601/1523/1557
f 1602/1524/1558 1595/1517/1551 1603/1525/1559
f 1603/1525/1559 1595/1517/1551 1600/1522/1556
f 1596/1518/1552 1601/1523/1557 1604/1526/1560
f 1605/1527/1561 1596/1518/1552 1604/1526/1560
f 1597/1528/1553 1596/1529/1552 1605/1530/1561
f 1606/1531/1562 1598/1520/1554 1597/1519/1553
f 1607/1532/1563 1597/1528/1553 1605/1530/1561
f 1606/1533/1562 1597/1528/1553 1607/1532/1563
f 1608/1534/1564 1598/1520/1554 1606/1531/1562
f 1598/1520/1554 1608/1534/1564 1609/1535/1565
f 1599/1521/1555 1598/1520/1554 1609/1535/1565
f 1610/1536/1566 1608/1534/1564 1606/1531/1562
f 1611/1537/1567 1606/1533/1562 1607/1532/1563
f 1610/1538/1566 1606/1533/1562 1611/1537/1567
f 1612/1539/1568 1608/1534/1564 1610/1536/1566
f 1608/1534/1564 1612/1539/1568 1613/1540/1569
f 1609/1535/1565 1608/1534/1564 1613/1540/1569
f 1610/1538/1566 1611/1537/1567 1614/1541/1570
f 1615/1542/1571 1610/1536/1566 1614/1543/1570
f 1612/1539/1568 1610/1536/1566 1615/1542/1571
f 1614/1541/1570 1611/1537/1567 1616/1544/1572
f 1617/1545/1573 1614/1541/1570 1616/1544/1572
f 1618/1546/1574 1615/1542/1571 1614/1543/1570
f 1617/1547/1573 1618/1546/1574 1614/1543/1570
f 1615/1542/1571 1618/1546/1574 1619/1548/1575
f 1613/1540/1569 1612/1539/1568 1615/1542/1571
f 1619/1548/1575 1613/1540/1569 1615/1542/1571
f 1618/1546/1574 1620/1549/1576 1621/1550/1577
f 1619/1548/1575 1618/1546/1574 1621/1550/1577
f 1620/1549/1576 1618/1546/1574 1617/1547/1573
f 1622/1551/1578 1617/1545/1573 1616/1544/1572
f 1623/1552/1579 1617/1545/1573 1622/1551/1578
f 1623/1553/1579 1620/1549/1576 1617/1547/1573
f 1624/1554/1580 1620/1549/1576 1623/1553/1579
f 1620/1549/1576 1624/1554/1580 1625/1555/1581
f 1621/1550/1577 1620/1549/1576 1625/1555/1581
f 1626/1556/1582 1623/1553/1579 1622/1557/1578
f 1627/1558/1583 1624/1554/1580 1623/1553/1579
f 1627/1558/1583 1623/1553/1579 1626/1556/1582
f 1628/1559/1584 1624/1554/1580 1627/1558/1583
f 1624/1554/1580 1628/1559/1584 1629/1560/1585
f 1625/1555/1581 1624/1554/1580 1629/1560/1585
f 1630/1561/1586 1627/1558/1583 1626/1556/1582
f 1631/1562/1587 1627/1558/1583 1630/1561/1586
f 1628/1559/1584 1627/1558/1583 1632/1563/1588
f 1632/1563/1588 1627/1558/1583 1631/1562/1587
f 1604/1526/1560 1601/1523/1557 1633/1564/1589
f 1601/1523/1557 1634/1565/1590 1633/1564/1589
f 1601/1523/1557 1602/1524/1558 1635/1566/1591
f 1635/1566/1591 1634/1565/1590 1601/1523/1557
s 43
f 1636/1567/1592 1637/1568/1593 1638/1569/1594
f 1639/1570/1595 1637/1568/1593 1636/1567/1592
f 1640/1571/1596 1639/1570/1595 1636/1567/1592
f 1641/1572/1597 1640/1571/1596 1636/1567/1592
f 1638/1569/1594 1641/1572/1597 1636/1567/1592
f 1637/1568/1593 1642/1573/1598 1638/1569/1594
f 1643/1574/1599 1642/1573/1598 1637/1568/1593
f 1638/1569/1594 1642/1573/1598 1644/1575/1600
f 1644/1575/1600 1641/1572/1597 1638/1569/1594
f 1641/1572/1597 1645/1576/1601 1640/1571/1596
f 1646/1577/1602 1645/1576/1601 1641/1572/1597
f 1644/1575/1600 1646/1577/1602 1641/1572/1597
f 1647/1578/1603 1639/1570/1595 1640/1571/1596
f 1646/1577/1602 1648/1579/1604 1649/1580/1605
f 1650/1581/1606 1646/1577/1602 1649/1580/1605
f 1645/1576/1601 1646/1577/1602 1650/1581/1606
f 1648/1579/1604 1646/1577/1602 1644/1575/1600
f 1642/1573/1598 1651/1582/1607 1644/1575/1600
f 1644/1575/1600 1651/1582/1607 1648/1579/1604
f 1651/1582/1607 1652/1583/1608 1648/1579/1604
f 1648/1579/1604 1652/1583/1608 1653/1584/1609
f 1649/1580/1605 1648/1579/1604 1653/1584/1609
f 1653/1584/1609 1654/1585/1610 1649/1580/1605
f 1649/1580/1605 1654/1585/1610 1655/1586/1611
f 1649/1580/1605 1655/1586/1611 1656/1587/1612
f 1657/1588/1613 1649/1580/1605 1656/1587/1612
f 1650/1581/1606 1649/1580/1605 1657/1588/1613
f 1653/1584/1609 1652/1583/1608 1654/1585/1610
f 1652/1583/1608 1658/1589/1614 1654/1585/1610
f 1654/1585/1610 1659/1590/1615 1655/1586/1611
f 1654/1585/1610 1658/1589/1614 1659/1590/1615
f 1656/1587/1612 1655/1586/1611 1660/1591/1616
f 1655/1586/1611 1659/1590/1615 1661/1592/1617
f 1655/1586/1611 1661/1592/1617 1660/1591/1616
f 1658/1589/1614 1662/1593/1618 1659/1590/1615
f 1659/1590/1615 1663/1594/1619 1661/1592/1617
f 1659/1590/1615 1662/1593/1618 1663/1594/1619
f 1661/1592/1617 1663/1594/1619 1664/1595/1620
f 1661/1592/1617 1664/1595/1620 1665/1596/1621
f 1660/1591/1616 1661/1592/1617 1665/1596/1621
f 1663/1594/1619 1666/1597/1622 1664/1595/1620
f 1662/1593/1618 1666/1597/1622 1663/1594/1619
f 1667/1598/1623 1666/1597/1622 1662/1593/1618
f 1666/1597/1622 1668/1599/1624 1664/1595/1620
f 1664/1595/1620 1668/1599/1624 1665/1596/1621
f 1668/1599/1624 1669/1600/1625 1665/1596/1621
s 44
f 1670/1601/1626 1671/1602/1627 1672/1603/1628
f 1673/1604/1629 1670/1601/1626 1672/1603/1628
f 1674/1605/1630 1670/1601/1626 1673/1604/1629
f 1670/1601/1626 1674/1605/1630 1675/1606/1631
f 1676/1607/1632 1671/1602/1627 1670/1601/1626
f 1675/1606/1631 1676/1607/1632 1670/1601/1626
f 1671/1602/1627 1676/1607/1632 1677/1608/1633
f 1672/1603/1628 1671/1602/1627 1677/1608/1633
f 1673/1604/1629 1672/1603/1628 1678/1609/1634
f 1673/1604/1629 1678/1609/1634 1679/1610/1635
f 1674/1605/1630 1680/1611/1636 1681/1612/1637
f 1675/1606/1631 1674/1605/1630 1681/1612/1637
f 1679/1610/1635 1678/1609/1634 1682/1613/1638
f 1683/1614/1639 1676/1607/1632 1675/1606/1631
f 1677/1608/1633 1676/1607/1632 1684/1615/1640
f 1683/1614/1639 1685/1616/1641 1676/1607/1632
f 1686/1617/1642 1677/1608/1633 1684/1615/1640
f 1678/1609/1634 1687/1618/1643 1682/1613/1638
f 1688/1619/1644 1686/1617/1642 1689/1620/1645
f 1689/1620/1645 1686/1617/1642 1684/1615/1640
s 45
f 1690/1621/1646 1691/1622/1647 1692/1623/1648
f 1693/1624/1649 1691/1622/1647 1690/1621/1646
f 1694/1625/1650 1693/1624/1649 1690/1621/1646
f 1691/1622/1647 1695/1626/1651 1692/1623/1648
f 1696/1627/1652 1697/1628/1653 1698/1629/1654
f 1692/1623/1648 1695/1626/1651 1699/1630/1655
f 1692/1623/1648 1699/1630/1655 1700/1631/1656
f 1698/1629/1654 1697/1628/1653 1701/1632/1657
f 1702/1633/1658 1693/1624/1649 1694/1625/1650
f 1703/1634/1659 1693/1624/1649 1702/1633/1658
f 1704/1635/1660 1705/1636/1661 1697/1628/1653
f 1697/1628/1653 1705/1636/1661 1701/1632/1657
f 1699/1630/1655 1705/1636/1661 1706/1637/1662
f 1700/1631/1656 1699/1630/1655 1706/1637/1662
f 1706/1637/1662 1705/1636/1661 1704/1635/1660
f 1704/1635/1660 1707/1638/1663 1706/1637/1662
s 46
f 1708/1639/1664 1709/1640/1665 1710/1641/1666
f 1711/1642/1667 1708/1639/1664 1710/1641/1666
f 1712/1643/1668 1708/1639/1664 1711/1642/1667
f 1708/1639/1664 1713/1644/1669 1709/1640/1665
f 1710/1641/1666 1709/1640/1665 1711/1642/1667
f 1709/1640/1665 1713/1644/1669 1714/1645/1670
f 1711/1642/1667 1709/1640/1665 1714/1645/1670
f 1715/1646/1671 1712/1643/1668 1711/1642/1667
f 1716/1647/1672 1711/1642/1667 1714/1645/1670
f 1717/1648/1673 1711/1642/1667 1716/1647/1672
f 1718/1649/1674 1712/1643/1668 1715/1646/1671
f 1719/1650/1675 1718/1649/1674 1715/1646/1671
f 1720/1651/1676 1718/1649/1674 1719/1650/1675
f 1721/1652/1677 1714/1645/1670 1722/1653/1678
f 1714/1645/1670 1723/1654/1679 1722/1653/1678
f 1713/1644/1669 1723/1654/1679 1714/1645/1670
s 47
f 1724/1655/1680 1725/1656/1681 1726/1657/1682
f 1727/1658/1683 1724/1655/1680 1726/1657/1682
f 1728/1659/1684 1724/1655/1680 1727/1658/1683
f 1729/1660/1685 1730/1661/1682 1731/1662/1686
f 1732/1663/1687 1729/1660/1685 1731/1662/1686
f 1733/1664/1688 1734/1665/1689 1735/1666/1690
f 1734/1665/1689 1733/1664/1688 1729/1660/1685
f 1734/1665/1689 1728/1659/1684 1727/1658/1683
f 1736/1667/1691 1728/1659/1684 1734/1665/1689
f 1737/1668/1692 1736/1667/1691 1734/1665/1689
f 1738/1669/1693 1734/1665/1689 1729/1660/1685
f 1737/1668/1692 1734/1665/1689 1738/1669/1693
f 1739/1670/1694 1738/1669/1693 1729/1660/1685
f 1739/1670/1694 1729/1660/1685 1732/1663/1687
f 1738/1669/1693 1736/1667/1691 1737/1668/1692
f 1736/1667/1691 1738/1669/1693 1739/1670/1694
s 48
f 1740/1671/1695 1741/1672/1696 1742/1673/1697
f 1743/1674/1698 1740/1671/1695 1742/1673/1697
f 1744/1675/1699 1740/1671/1695 1743/1674/1698
f 1740/1671/1695 1744/1675/1699 1741/1672/1696
f 1741/1672/1696 1745/1676/1700 1746/1677/1701
f 1741/1672/1696 1744/1675/1699 1745/1676/1700
f 1743/1674/1698 1742/1673/1697 1747/1678/1702
f 1742/1673/1697 1748/1679/1703 1747/1678/1702
f 1746/1677/1701 1745/1676/1700 1749/1680/1704
f 1750/1681/1705 1746/1677/1701 1749/1680/1704
f 1751/1682/1706 1746/1677/1701 1750/1681/1705
f 1752/1683/1707 1744/1675/1699 1743/1674/1698
f 1743/1674/1698 1753/1684/1708 1752/1683/1707
f 1754/1685/1709 1753/1684/1708 1743/1674/1698
f 1755/1686/1710 1744/1675/1699 1752/1683/1707
f 1744/1675/1699 1755/1686/1710 1745/1676/1700
f 1756/1687/1711 1755/1686/1710 1752/1683/1707
f 1757/1688/1712 1755/1686/1710 1756/1687/1711
f 1748/1679/1703 1758/1689/1713 1759/1690/1714
f 1747/1678/1702 1748/1679/1703 1759/1690/1714
s 49
f 1760/1691/1715 1761/1692/1716 1762/1693/1717
f 1763/1694/1718 1760/1691/1715 1762/1693/1717
f 1764/1695/1719 1760/1691/1715 1763/1694/1718
s 50
f 1765/1696/1720 1766/1697/1721 1767/1698/1722
f 1766/1697/1721 1765/1696/1720 1768/1699/1723
s 49
f 1761/1692/1716 1769/1700/1724 1770/1701/1725
f 1762/1693/1717 1761/1692/1716 1770/1701/1725
s 50
f 1768/1699/1723 1765/1696/1720 1771/1702/1726
s 49
f 1770/1701/1725 1772/1703/1727 1762/1693/1717
f 1762/1693/1717 1773/1704/1728 1763/1694/1718
f 1772/1703/1727 1773/1704/1728 1762/1693/1717
f 1774/1705/1729 1764/1695/1719 1763/1694/1718
f 1763/1694/1718 1775/1706/1730 1774/1705/1729
f 1773/1704/1728 1775/1706/1730 1763/1694/1718
f 1776/1707/1731 1764/1695/1719 1774/1705/1729
s 50
f 1777/1708/1732 1765/1696/1720 1767/1698/1722
f 1778/1709/1733 1765/1696/1720 1779/1710/1734
f 1780/1711/1735 1765/1696/1720 1777/1708/1732
f 1765/1696/1720 1778/1709/1733 1771/1702/1726
f 1765/1696/1720 1780/1711/1735 1781/1712/1736
f 1782/1713/1737 1765/1696/1720 1781/1712/1736
f 1779/1710/1734 1765/1696/1720 1782/1713/1737
s 49
f 1770/1701/1725 1769/1700/1724 1783/1714/1738
f 1769/1700/1724 1784/1715/1739 1783/1714/1738
f 1785/1716/1740 1772/1703/1727 1770/1701/1725
f 1783/1714/1738 1785/1716/1740 1770/1701/1725
f 1772/1703/1727 1786/1717/1741 1773/1704/1728
f 1787/1718/1742 1786/1717/1741 1772/1703/1727
f 1785/1716/1740 1787/1718/1742 1772/1703/1727
f 1773/1704/1728 1788/1719/1743 1775/1706/1730
f 1786/1717/1741 1788/1719/1743 1773/1704/1728
f 1775/1706/1730 1789/1720/1744 1774/1705/1729
f 1775/1706/1730 1790/1721/1745 1789/1720/1744
f 1788/1719/1743 1790/1721/1745 1775/1706/1730
f 1791/1722/1746 1776/1707/1731 1774/1705/1729
f 1774/1705/1729 1789/1720/1744 1791/1722/1746
f 1792/1723/1747 1776/1707/1731 1791/1722/1746
f 1793/1724/1748 1792/1723/1747 1791/1722/1746
f 1794/1725/1749 1792/1723/1747 1793/1724/1748
f 1795/1726/1750 1794/1725/1749 1793/1724/1748
f 1796/1727/1751 1794/1725/1749 1795/1726/1750
f 1797/1728/1752 1796/1727/1751 1795/1726/1750
f 1798/1729/1753 1796/1727/1751 1797/1728/1752
f 1799/1730/1754 1798/1729/1753 1797/1728/1752
f 1800/1731/1755 1798/1729/1753 1799/1730/1754
f 1783/1714/1738 1784/1715/1739 1801/1732/1756
f 1802/1733/1757 1785/1716/1740 1783/1714/1738
f 1783/1714/1738 1801/1732/1756 1802/1733/1757
f 1802/1733/1757 1803/1734/1758 1785/1716/1740
f 1803/1734/1758 1787/1718/1742 1785/1716/1740
f 1787/1718/1742 1803/1734/1758 1804/1735/1759
f 1805/1736/1760 1787/1718/1742 1804/1735/1759
f 1786/1717/1741 1787/1718/1742 1805/1736/1760
f 1788/1719/1743 1786/1717/1741 1806/1737/1761
f 1806/1737/1761 1786/1717/1741 1805/1736/1760
f 1807/1738/1762 1788/1719/1743 1806/1737/1761
f 1790/1721/1745 1788/1719/1743 1807/1738/1762
f 1790/1721/1745 1808/1739/1763 1789/1720/1744
f 1809/1740/1764 1790/1721/1745 1807/1738/1762
f 1808/1739/1763 1790/1721/1745 1809/1740/1764
f 1789/1720/1744 1808/1739/1763 1810/1741/1765
f 1789/1720/1744 1810/1741/1765 1791/1722/1746
f 1791/1722/1746 1810/1741/1765 1793/1724/1748
f 1810/1741/1765 1811/1742/1766 1793/1724/1748
f 1793/1724/1748 1811/1742/1766 1795/1726/1750
f 1811/1742/1766 1812/1743/1767 1795/1726/1750
f 1795/1726/1750 1812/1743/1767 1797/1728/1752
f 1812/1743/1767 1813/1744/1768 1797/1728/1752
f 1797/1728/1752 1813/1744/1768 1799/1730/1754
f 1813/1744/1768 1814/1745/1769 1799/1730/1754
f 1813/1744/1768 1815/1746/1770 1814/1745/1769
f 1816/1747/1771 1803/1734/1758 1802/1733/1757
f 1803/1734/1758 1816/1747/1771 1817/1748/1772
f 1804/1735/1759 1803/1734/1758 1817/1748/1772
s 51
f 1818/1749/1773 1819/1750/1774 1820/1751/1775
f 1820/1751/1775 1819/1750/1774 1821/1752/1776
f 1818/1749/1773 1820/1751/1775 1822/1753/1777
f 1822/1753/1777 1820/1751/1775 1823/1754/1778
f 1820/1751/1775 1824/1755/1779 1823/1754/1778
s 49
f 1825/1756/1780 1808/1739/1763 1809/1740/1764
s 51
f 1824/1755/1779 1820/1751/1775 1826/1757/1781
s 49
f 1808/1739/1763 1827/1758/1782 1810/1741/1765
f 1827/1758/1782 1808/1739/1763 1825/1756/1780
f 1810/1741/1765 1827/1758/1782 1811/1742/1766
f 1827/1758/1782 1828/1759/1783 1811/1742/1766
f 1811/1742/1766 1828/1759/1783 1812/1743/1767
f 1812/1743/1767 1829/1760/1784 1813/1744/1768
f 1828/1759/1783 1829/1760/1784 1812/1743/1767
f 1829/1760/1784 1815/1746/1770 1813/1744/1768
f 1815/1746/1770 1829/1760/1784 1830/1761/1785
f 1830/1761/1785 1831/1762/1786 1815/1746/1770
s 51
f 1832/1763/1787 1820/1751/1775 1821/1752/1776
f 1820/1751/1775 1833/1764/1788 1834/1765/1789
f 1826/1757/1781 1820/1751/1775 1834/1765/1789
f 1833/1764/1788 1820/1751/1775 1832/1763/1787
s 49
f 1835/1766/1790 1827/1758/1782 1825/1756/1780
f 1828/1759/1783 1827/1758/1782 1835/1766/1790
f 1836/1767/1791 1828/1759/1783 1835/1766/1790
f 1829/1760/1784 1828/1759/1783 1836/1767/1791
f 1830/1761/1785 1829/1760/1784 1836/1767/1791
s 52
f 1837/1768/1767 1838/1769/1784 1839/1770/1768
f 1840/1771/1783 1838/1769/1784 1837/1768/1767
f 1841/1772/1766 1840/1771/1783 1837/1768/1767
f 1837/1768/1767 1839/1770/1768 1842/1773/1752
f 1843/1774/1750 1837/1768/1767 1842/1773/1752
f 1841/1772/1766 1837/1768/1767 1843/1774/1750
f 1838/1769/1784 1844/1775/1770 1839/1770/1768
f 1838/1769/1784 1840/1771/1783 1845/1776/1791
f 1846/1777/1785 1838/1769/1784 1845/1776/1791
f 1844/1775/1770 1838/1769/1784 1846/1777/1785
f 1839/1770/1768 1844/1775/1770 1847/1778/1769
f 1839/1770/1768 1847/1778/1769 1848/1779/1754
f 1842/1773/1752 1839/1770/1768 1848/1779/1754
f 1842/1773/1752 1849/1780/1751 1843/1774/1750
f 1850/1781/1753 1849/1780/1751 1842/1773/1752
f 1848/1779/1754 1850/1781/1753 1842/1773/1752
f 1849/1780/1751 1851/1782/1749 1843/1774/1750
f 1843/1774/1750 1851/1782/1749 1852/1783/1748
f 1852/1783/1748 1841/1772/1766 1843/1774/1750
f 1853/1784/1782 1840/1771/1783 1841/1772/1766
f 1854/1785/1765 1853/1784/1782 1841/1772/1766
f 1854/1785/1765 1841/1772/1766 1852/1783/1748
f 1840/1771/1783 1853/1784/1782 1855/1786/1790
f 1845/1776/1791 1840/1771/1783 1855/1786/1790
s 53
f 1856/1787/1788 1857/1788/1775 1858/1789/1787
f 1857/1788/1775 1856/1787/1788 1859/1790/1789
s 52
f 1846/1777/1785 1860/1791/1786 1844/1775/1770
s 53
f 1858/1789/1787 1857/1788/1775 1861/1792/1776
s 52
f 1862/1793/1792 1863/1794/1758 1864/1795/1757
f 1863/1794/1758 1862/1793/1792 1865/1796/1793
f 1864/1795/1757 1863/1794/1758 1866/1797/1740
f 1864/1795/1757 1866/1797/1740 1867/1798/1738
f 1867/1798/1738 1868/1799/1756 1864/1795/1757
f 1867/1798/1738 1869/1800/1794 1868/1799/1756
f 1870/1801/1755 1850/1781/1753 1848/1779/1754
s 54
f 1871/1802/1733 1872/1803/1720 1873/1804/1734
f 1873/1804/1734 1872/1803/1720 1874/1805/1737
f 1874/1805/1737 1872/1803/1720 1875/1806/1795
s 52
f 1851/1782/1749 1876/1807/1796 1852/1783/1748
s 54
f 1872/1803/1720 1877/1808/1735 1875/1806/1795
s 52
f 1878/1809/1797 1854/1785/1765 1852/1783/1748
f 1852/1783/1748 1876/1807/1796 1878/1809/1797
f 1879/1810/1798 1853/1784/1782 1854/1785/1765
f 1880/1811/1744 1879/1810/1798 1854/1785/1765
f 1880/1811/1744 1854/1785/1765 1878/1809/1797
f 1853/1784/1782 1879/1810/1798 1881/1812/1780
f 1855/1786/1790 1853/1784/1782 1881/1812/1780
s 53
f 1882/1813/1781 1857/1788/1775 1859/1790/1789
f 1883/1814/1773 1884/1815/1774 1857/1788/1775
f 1857/1788/1775 1884/1815/1774 1861/1792/1776
f 1885/1816/1779 1857/1788/1775 1882/1813/1781
f 1857/1788/1775 1885/1816/1779 1886/1817/1778
f 1887/1818/1777 1857/1788/1775 1886/1817/1778
f 1883/1814/1773 1857/1788/1775 1887/1818/1777
s 52
f 1888/1819/1759 1863/1794/1758 1865/1796/1793
f 1863/1794/1758 1889/1820/1742 1866/1797/1740
f 1889/1820/1742 1863/1794/1758 1888/1819/1759
f 1866/1797/1740 1889/1820/1742 1890/1821/1727
f 1866/1797/1740 1890/1821/1727 1891/1822/1725
f 1867/1798/1738 1866/1797/1740 1891/1822/1725
f 1891/1822/1725 1892/1823/1724 1867/1798/1738
f 1892/1823/1724 1869/1800/1794 1867/1798/1738
s 54
f 1872/1803/1720 1871/1802/1733 1893/1824/1726
f 1872/1803/1720 1894/1825/1721 1895/1826/1722
f 1896/1827/1732 1872/1803/1720 1895/1826/1722
f 1877/1808/1735 1872/1803/1720 1896/1827/1732
f 1897/1828/1723 1872/1803/1720 1893/1824/1726
f 1894/1825/1721 1872/1803/1720 1897/1828/1723
s 52
f 1876/1807/1796 1898/1829/1731 1878/1809/1797
f 1878/1809/1797 1898/1829/1731 1899/1830/1729
f 1899/1830/1729 1880/1811/1744 1878/1809/1797
f 1900/1831/1745 1879/1810/1798 1880/1811/1744
f 1901/1832/1730 1900/1831/1745 1880/1811/1744
f 1901/1832/1730 1880/1811/1744 1899/1830/1729
f 1879/1810/1798 1900/1831/1745 1902/1833/1764
f 1881/1812/1780 1879/1810/1798 1902/1833/1764
f 1902/1833/1764 1900/1831/1745 1903/1834/1762
f 1900/1831/1745 1904/1835/1743 1903/1834/1762
f 1903/1834/1762 1904/1835/1743 1905/1836/1761
f 1904/1835/1743 1906/1837/1741 1905/1836/1761
f 1905/1836/1761 1906/1837/1741 1907/1838/1760
f 1906/1837/1741 1889/1820/1742 1907/1838/1760
f 1907/1838/1760 1889/1820/1742 1888/1819/1759
f 1889/1820/1742 1906/1837/1741 1890/1821/1727
f 1890/1821/1727 1906/1837/1741 1908/1839/1728
f 1890/1821/1727 1908/1839/1728 1909/1840/1717
f 1891/1822/1725 1890/1821/1727 1909/1840/1717
f 1909/1840/1717 1910/1841/1716 1891/1822/1725
f 1910/1841/1716 1892/1823/1724 1891/1822/1725
f 1911/1842/1715 1910/1841/1716 1909/1840/1717
f 1912/1843/1718 1911/1842/1715 1909/1840/1717
f 1913/1844/1719 1911/1842/1715 1912/1843/1718
f 1899/1830/1729 1913/1844/1719 1912/1843/1718
f 1898/1829/1731 1913/1844/1719 1899/1830/1729
f 1912/1843/1718 1901/1832/1730 1899/1830/1729
f 1904/1835/1743 1900/1831/1745 1901/1832/1730
f 1908/1839/1728 1904/1835/1743 1901/1832/1730
f 1908/1839/1728 1901/1832/1730 1912/1843/1718
f 1906/1837/1741 1904/1835/1743 1908/1839/1728
f 1909/1840/1717 1908/1839/1728 1912/1843/1718
s 55
f 1914/1845/1799 1915/1846/1800 1916/1847/1801
f 1917/1848/1802 1915/1846/1800 1914/1845/1799
f 1918/1849/1803 1917/1848/1802 1914/1845/1799
s 56
f 1919/1850/1799 1920/1851/1804 1921/1852/1803
f 1920/1851/1804 1919/1850/1799 1922/1853/1801
s 55
f 1915/1846/1800 1923/1854/1805 1916/1847/1801
f 1916/1847/1801 1923/1854/1805 1924/1855/1806
s 56
f 1925/1856/1806 1920/1851/1804 1922/1853/1801
f 1926/1855/1807 1920/1851/1804 1927/1857/1808
f 1927/1857/1808 1920/1851/1804 1928/1858/1809
f 1920/1851/1804 1929/1849/1810 1930/1859/1811
f 1921/1852/1803 1920/1851/1804 1930/1859/1811
f 1929/1849/1810 1920/1851/1804 1931/1845/1812
f 1932/1860/1813 1920/1851/1804 1925/1856/1806
f 1920/1851/1804 1932/1860/1813 1928/1858/1809
f 1920/1851/1804 1926/1855/1807 1933/1847/1814
f 1931/1845/1812 1920/1851/1804 1933/1847/1814
s 55
f 1930/1859/1811 1934/1861/1815 1918/1849/1803
f 1934/1861/1815 1917/1848/1802 1918/1849/1803
f 1935/1852/1810 1936/1862/1816 1930/1859/1811
f 1936/1862/1816 1934/1861/1815 1930/1859/1811
f 1937/1850/1812 1938/1863/1817 1935/1852/1810
f 1938/1863/1817 1936/1862/1816 1935/1852/1810
f 1939/1853/1818 1940/1864/1819 1937/1850/1812
f 1940/1864/1819 1938/1863/1817 1937/1850/1812
f 1941/1856/1807 1942/1865/1820 1939/1853/1818
f 1942/1865/1820 1940/1864/1819 1939/1853/1818
f 1943/1860/1821 1944/1866/1822 1941/1856/1807
f 1944/1866/1822 1942/1865/1820 1941/1856/1807
f 1928/1858/1823 1945/1867/1824 1943/1860/1821
f 1945/1867/1824 1944/1866/1822 1943/1860/1821
f 1946/1857/1813 1947/1868/1825 1928/1858/1823
f 1947/1868/1825 1945/1867/1824 1928/1858/1823
f 1924/1855/1806 1948/1869/1826 1946/1857/1813
f 1948/1869/1826 1947/1868/1825 1946/1857/1813
f 1923/1854/1805 1948/1869/1826 1924/1855/1806
s 57
f 1949/1870/1827 1950/1871/1828 1951/1872/1829
f 1949/1870/1827 1952/1873/1830 1950/1871/1828
f 1953/1874/1831 1952/1873/1830 1949/1870/1827
f 1951/1872/1829 1950/1871/1828 1954/1875/1832
f 1951/1872/1829 1954/1875/1832 1955/1876/1833
f 1955/1876/1833 1954/1875/1832 1956/1877/1834
f 1955/1876/1833 1956/1877/1834 1957/1878/1835
f 1957/1878/1835 1956/1877/1834 1958/1879/1830
s 58
f 1959/1880/1836 1960/1881/1837 1961/1882/1838
f 1962/1883/1839 1960/1881/1837 1959/1880/1836
f 1963/1884/1840 1964/1885/1841 1965/1886/1842
f 1966/1887/1843 1963/1884/1840 1965/1886/1842
f 1966/1887/1843 1965/1886/1842 1962/1883/1844
f 1960/1881/1845 1966/1887/1843 1962/1883/1844
f 1967/1888/1846 1966/1887/1843 1960/1881/1845
f 1961/1882/1838 1967/1888/1846 1960/1881/1845
f 1968/1889/1847 1964/1885/1841 1963/1884/1840
f 1969/1890/1848 1967/1888/1846 1961/1882/1838
f 1970/1891/1849 1967/1888/1846 1969/1890/1848
f 1966/1887/1843 1967/1888/1846 1970/1891/1849
s 59
f 1971/1892/1850 1972/1893/1851 1973/1894/1852
f 1974/1895/1853 1972/1893/1851 1971/1892/1850
f 1975/1896/1854 1976/1897/1855 1977/1898/1856
f 1971/1892/1850 1978/1899/1857 1979/1900/1858
f 1973/1894/1852 1978/1899/1857 1971/1892/1850
f 1975/1896/1854 1977/1898/1856 1980/1901/1859
f 1981/1902/1860 1975/1896/1854 1980/1901/1859
f 1982/1903/1861 1975/1896/1854 1981/1902/1860
f 1983/1904/1862 1984/1905/1863 1982/1903/1861
f 1981/1902/1860 1983/1904/1862 1982/1903/1861
f 1985/1906/1864 1983/1904/1862 1981/1902/1860
f 1985/1906/1864 1986/1907/1865 1983/1904/1862
f 1987/1908/1866 1986/1907/1865 1985/1906/1864
f 1987/1908/1866 1985/1906/1864 1988/1909/1867
f 1979/1900/1858 1987/1908/1866 1988/1909/1867
f 1978/1899/1857 1987/1908/1866 1979/1900/1858
s 60
f 1989/1910/1868 1990/1911/1869 1991/1912/1870
f 1992/1913/1871 1990/1911/1869 1989/1910/1868
f 1993/1914/1872 1994/1915/1873 1995/1916/1874
f 1991/1912/1875 1994/1915/1873 1993/1914/1872
f 1996/1917/1876 1995/1916/1874 1997/1918/1871
f 1998/1919/1877 1999/1920/1878 1990/1911/1869
f 1993/1914/1879 1991/1912/1870 1990/1911/1869
f 1999/1920/1878 1993/1914/1879 1990/1911/1869
f 2000/1921/1880 1999/1920/1878 1998/1919/1877
f 1997/1918/1871 1995/1916/1874 2000/1921/1880
f 1995/1916/1874 1993/1914/1879 1999/1920/1878
f 2000/1921/1880 1995/1916/1874 1999/1920/1878
s 61
f 2001/1922/1881 2002/1923/1882 2003/1924/1883
f 2004/1925/1884 2002/1923/1882 2001/1922/1881
f 2001/1922/1885 2005/1926/1886 2003/1924/1887
f 2006/1927/1888 2005/1926/1886 2001/1922/1885
f 2004/1925/1889 2006/1927/1888 2001/1922/1885
f 2007/1928/1890 2008/1929/1891 2009/1930/1892
f 2009/1930/1892 2006/1927/1888 2007/1928/1890
f 2007/1928/1890 2006/1927/1888 2004/1925/1889
f 2009/1930/1892 2008/1929/1891 2010/1931/1893
f 2005/1926/1886 2011/1932/1894 2003/1924/1887
f 2005/1926/1886 2012/1933/1895 2011/1932/1894
f 2006/1927/1888 2012/1933/1895 2005/1926/1886
s 62
f 2013/1871/1896 2014/1872/1897 2015/1875/1898
f 2016/1870/1899 2014/1872/1897 2013/1871/1896
f 2017/1873/1900 2016/1870/1899 2013/1871/1896
f 2014/1872/1897 2018/1876/1901 2015/1875/1898
f 2015/1875/1898 2018/1876/1901 2019/1877/1902
f 2018/1876/1901 2020/1878/1903 2019/1877/1902
f 2019/1877/1902 2020/1878/1903 2021/1879/1900
f 2022/1874/1903 2016/1870/1899 2017/1873/1900
s 63
f 2023/1934/689 2024/1935/958 2025/1936/1904
f 2026/1937/1905 2024/1935/958 2023/1934/689
f 2027/1938/1906 2028/1939/1907 2025/1936/1904
f 2024/1935/958 2027/1938/1906 2025/1936/1904
f 2029/1940/1908 2028/1939/1907 2027/1938/1906
f 2030/1941/1909 2029/1940/1908 2027/1938/1906
f 2031/1942/1910 2029/1940/1908 2030/1941/1909
f 2032/1943/718 2031/1942/1910 2030/1941/1909
f 2033/1944/1911 2031/1942/1910 2032/1943/718
f 2034/1945/1912 2033/1944/1911 2032/1943/718
f 2035/1946/1913 2033/1944/1911 2036/1947/740
f 2036/1947/740 2033/1944/1911 2034/1945/1912
f 2037/1948/1914 2035/1946/1913 2036/1947/740
f 2038/1949/1915 2035/1946/1913 2037/1948/1914
f 2039/1950/1916 2038/1949/1915 2037/1948/1914
f 2040/1951/1917 2038/1949/1915 2039/1950/1916
f 2040/1951/1917 2039/1950/1916 2041/1952/1918
f 2039/1950/1916 2042/1953/1919 2041/1952/1918
f 2042/1953/1919 2043/1954/1920 2044/1955/784
f 2041/1952/1918 2042/1953/1919 2044/1955/784
